total_capital_cost,annual_opex,total_5yr_cost,patriot_5yr_cost,shelter_5yr_cost,savings_vs_patriot,savings_vs_shelters,prototype_months,partial_months,full_months,ai_accuracy,network_availability,hit_probability,sead_attrition_rate,ew_effectiveness,daily_kinzhal_rate,total_kinzhal_5yr,intercepted_kinzhal,leaked_kinzhal,casualties_without_defense,casualties_with_ai,casualties_with_shelters,lives_saved_by_ai,lives_saved_by_shelters,cost_per_life_saved,shelter_cost_per_life,system_failure_risk,budget_overrun_risk,is_cheaper_than_patriot,is_cheaper_than_shelters,hits_target_budget,hits_target_performance
2110189437.3733826,643361641.2565815,4895608653.9725065,1455588310495.992,500000000,1450692701842.0195,-4395608653.9725065,21.229579105772437,23.482826737521368,49.22228727352832,0.9482740452661709,0.6608856959592523,0.43243250142702616,0.09892683488604692,0.3294392568329461,57.59373537430495,105108.56705810654,45452.36057434733,59656.206483759204,5965620.64837592,3733028.305850908,814150.5013717794,2232592.342525012,5151470.147004141,2192.791115836079,97.05967145918086,0.7289942260082454,0,1,0,0,0
1576727729.4654708,668866144.054135,4472568095.922641,1343682743565.3591,500000000,1339210175469.4365,-3972568095.922641,22.205133297639154,21.025939087756637,40.799783546038135,0.9200816151467869,0.7001169650049135,0.4367960399040573,0.03133059964783064,0.21303844175225115,71.10442370441255,129765.57326055292,56681.088516089345,73084.48474446358,7308448.474446358,1925031.8068705627,204841.4685744029,5383416.667575795,7103607.005871955,830.80474206294,70.38677668777171,0.7186313890481653,0,1,0,0,0
1195912228.2529016,577468726.2127558,3696049606.4099236,711507382779.5616,500000000,707811333173.1517,-3196049606.4099236,19.176351986091575,27.647582922291626,44.6788447206704,0.9403196584529595,0.7142901056076164,0.4631862641893149,0.07489695215034269,0.31044398084295227,42.12840303530417,76884.3355394301,35611.76815318641,41272.567386243696,4127256.7386243697,1390111.1658065752,127786.93554648658,2737145.5728177945,3999469.803077883,1350.3299360892127,125.0165708502696,0.6888958375736851,0,1,0,1,0
1566320030.2688913,435103314.76278937,3450089680.848526,1049467360453.0426,500000000,1046017270772.1941,-2950089680.848526,23.612137117577458,24.333336690187643,43.20689962118025,0.9723255562191616,0.7629411231406205,0.4730395285087883,0.06905455290428389,0.13739266800789002,32.24915352616551,58854.70518525205,27840.60199135537,31014.103193896684,3101410.3193896683,1626208.376600715,150419.04130200183,1475201.9427889532,2950991.2780876663,2338.7236559124476,169.43459091618038,0.6490864338206628,0,1,0,1,0
1926119218.9455686,687983080.639572,4904725916.3633175,1373533638267.37,500000000,1368628912351.0068,-4404725916.3633175,26.168106645707827,25.002195709227433,39.51892437063248,0.9044541148587826,0.7498255242745775,0.5008489765179269,0.08005968337513471,0.4344770160105811,43.206886408062836,78852.56769471467,39493.22782570839,39359.33986900628,3935933.986900628,912460.6882351507,25583.884512872904,3023473.2986654774,3910350.102387755,1622.215720750106,127.8657887166389,0.6603328483160478,0,1,0,0,0
1680998744.2227201,382561389.58965623,3337289355.535245,895986992490.555,500000000,892649703135.0198,-2837289355.535245,28.43191556292761,28.509265103454112,52.48239483433569,0.9389558360012662,0.6255932801582545,0.4205276659634538,0.05066475913445741,0.418596808255241,25.574657323362565,46673.74961513669,19627.60298741608,27046.146627720605,2704614.6627720604,561802.3324884227,59666.09601675589,2142812.3302836376,2644948.5667553046,1557.4342691473582,189.03959278625064,0.7529801728844927,0,1,0,1,0
1721796148.8320894,625533579.2997513,4430029187.106556,678570980927.9061,500000000,674140951740.7996,-3930029187.106556,13.965296647092188,20.575122669926007,43.56236921359476,0.8174686899332126,0.83502014413348,0.5410458703698328,0.09406158705072863,0.43445021281782026,30.866724593688364,56331.772383481264,30478.072818695928,25853.699564785336,2585369.956478534,795777.938782115,36530.759630585744,1789592.0176964188,2548839.1968479482,2475.440850931451,196.16773024297916,0.6306805613547293,0,1,0,0,0
2214754723.0041804,629775259.6712875,4941352017.491487,927991332782.3506,500000000,923049980764.8591,-4441352017.491487,22.4994684119654,21.254220156921914,41.861111056569854,0.7947401668764403,0.5028423849210669,0.29583139346205445,0.05513765608795004,0.16640820457277158,34.812638241767125,63533.064791225006,18795.075088103084,44737.98970312192,4473798.970312192,1420596.6362338138,174349.95394845027,3053202.334078378,4299449.016363742,1618.4161666387088,116.29397118025949,0.8817771839612535,0,1,0,0,0
1340594168.0389767,537537109.2904409,3667848542.3102694,3971228371019.501,500000000,3967560522477.191,-3167848542.3102694,19.938601939002,30.797318556935323,38.22746933413764,0.9266865857625513,0.4929380663302606,0.3186406103215211,0.07619807438342295,0.3149375197660508,115.41661558063082,210635.32343465125,67116.96801448826,143518.355420163,14351835.5420163,4494800.314579246,655217.1341975795,9857035.227437053,13696618.40781872,372.10463975017706,36.50536103966909,0.8544452579954924,0,1,0,1,0
1465162574.9959776,643942925.0817962,4253098446.3553834,1482701551299.6726,500000000,1478448452853.3171,-3753098446.3553834,19.093384612892066,20.74660163751934,44.47383202797951,0.9363870745703023,0.8451287409108361,0.5626412875964294,0.11199327577540003,0.39288659178709306,53.13129308184551,96964.60987436805,54556.292950999894,42408.316923368155,4240831.692336815,2453321.861114869,88160.15324057551,1787509.8312219465,4152671.53909624,2379.342687837389,120.40441804574236,0.5547438980678198,0,1,0,0,0
1939083857.6163313,500202217.9841959,4104697690.9766984,1647983733138.0894,500000000,1643879035447.1125,-3604697690.9766984,17.500653469288608,26.857904108593438,27.151874233827023,0.9351441073286592,0.8612558590700884,0.5691402291826841,0.11994406653703925,0.3722469671114664,94.99517363041322,173366.19187550413,98669.67417655361,74696.51769895051,7469651.769895052,3007220.5457771127,131369.74637934403,4462431.224117938,7338282.023515708,919.8343873160867,68.13583866056626,0.5416154033286914,0,1,0,0,0
1575348190.1029687,673028557.4004939,4489209628.036721,1455853610131.8052,500000000,1451364400503.7686,-3989209628.036721,24.59999225212662,29.08430495851694,37.10797617054362,0.8518479395253257,0.8910413585420576,0.5683571587014713,0.03331506589553727,0.35267885872360943,57.045983904738826,104108.92062614835,59171.05032255468,44937.87030359367,4493787.030359367,1304478.0521157393,60506.31679251036,3189308.9782436276,4433280.713566856,1407.5806573337893,112.78329352569199,0.5685988738737207,0,1,0,0,0
1404015042.0751512,435893325.70559824,3291205026.6012197,3996142429373.1577,500000000,3992851224346.5566,-2791205026.6012197,26.11054404428976,30.43635564746792,38.407618852198,0.9435967604341648,0.7733821139007222,0.5247122689890317,0.10677792247458051,0.4409226165772777,141.93026041165703,259022.7252512741,135912.40188631858,123110.32336495552,12311032.336495552,4492139.168571677,185765.40331437203,7818893.167923875,12125266.93318118,420.92978582991975,41.23620558255374,0.6170855247706379,0,1,0,1,0
1216365222.958888,386682062.4140799,2890496191.1320567,1502702649591.2117,500000000,1499812153400.0796,-2390496191.1320567,25.143441646543927,27.95009467553553,49.896159466784376,0.9670043015626509,0.6844591108843066,0.43427508096157275,0.07342014369195485,0.21581141344652013,62.12183438898224,113372.3477598926,49234.78550223094,64137.56225766166,6413756.225766166,1311402.8798446013,47442.52197153183,5102353.345921565,6366313.703794634,566.5025518945098,78.53838551844775,0.7125642222753474,0,1,0,1,0
2207013959.032817,405227833.19853914,3961438409.156169,1142459706903.0925,500000000,1138498268493.9363,-3461438409.156169,16.658386477709573,22.97281929073408,55.43971950259432,0.940812161597837,0.7400043736976197,0.5366972277326347,0.105122625507031,0.6301160140770343,62.32946883792359,113751.28062921055,61049.99696473426,52701.283664476294,5270128.366447629,1567264.3484654361,132995.5284246819,3702864.0179821933,5137132.838022947,1069.830917343511,97.33055690115805,0.6263486451627043,0,1,0,1,0
1759511574.4135914,577582682.4129058,4260142323.2806363,1538843320997.6897,500000000,1534583178674.4092,-3760142323.2806363,23.30922249308741,19.377600676978542,29.787009835530895,0.8571018558693805,0.6844259280598832,0.44155151365813655,0.0670172000437581,0.3809038073278928,59.62928687704516,108823.44855060743,48051.15842901906,60772.29012158837,6077229.012158837,1793468.024564768,90818.72827882336,4283760.987594069,5986410.283880014,994.4864654256311,83.52250786191212,0.7409758442334422,0,1,0,0,0
2002818488.5601318,504792454.4021087,4188305643.4045334,2145936081197.8135,500000000,2141747775554.409,-3688305643.4045334,21.03152809798965,19.509540843223267,40.86763691353261,0.9868308887658129,0.7965792170702767,0.54902011797925,0.0553877519272043,0.4442498760014317,83.91786233942082,153150.098769443,84082.48529493339,69067.6134745096,6906761.34745096,1125084.2846920055,122095.4718008438,5781677.062758955,6784665.875650116,724.4101664519322,73.69559668287854,0.5684213372404208,0,1,0,0,0
1167201604.8879914,470836052.8719286,3205675311.488905,1486735888978.6099,500000000,1483530213667.1208,-2705675311.488905,22.62658722793533,21.23448168732584,42.158882773555206,0.9029585441603082,0.6864447256634754,0.4425722526036157,0.04469765080130518,0.33160789794125084,62.21891562493656,113549.52101550922,50253.867297895515,63295.653717613706,6329565.37176137,1189242.3728325812,99981.50698977246,5140322.998928789,6229583.864771598,623.6330503271774,80.26218297300859,0.7256799405038068,0,1,0,1,0
2115141032.1449265,329508137.7963169,3541738827.517086,2905164952148.166,500000000,2901623213320.649,-3041738827.517086,18.744763020965635,25.029922282369853,29.96166560384941,0.8127769736180915,0.6371911855051944,0.43056347591018357,0.05654745994350409,0.5582462754685721,101.9176070220381,185999.63281521952,80084.64842293876,105914.98439228076,10591498.439228076,2953570.9859651653,52924.79920358313,7637927.453262911,10538573.640024493,463.7041722626025,47.44475078686625,0.7770136199752142,0,1,0,1,0
2230650604.226153,557347591.4576453,4643673998.874305,3419091348916.0776,500000000,3414447674917.203,-4143673998.874305,23.275721464964064,23.851105266350544,44.233625065435916,0.9275241372879165,0.7031847800273363,0.43017958111997273,0.06662674781567086,0.1430526430473831,137.42711641374206,250804.48745507924,107890.96935643544,142913.5180986438,14291351.809864381,5900758.122250595,294877.62571159983,8390593.687613785,13996474.184152782,553.4380726514391,35.72328240823069,0.7194279051751244,0,1,0,0,0
983629192.2707603,523215622.31838423,3248879022.80779,1339617634535.1108,500000000,1336368755512.303,-2748879022.80779,22.004704166508684,30.443580129372364,49.027382730957456,0.9339249253622467,0.856409217919669,0.5682013105067316,0.09820949693970976,0.38526979282080015,41.96654108970363,76588.93748870913,43517.93465140267,33071.002837306456,3307100.2837306457,1131531.3485489783,94980.88071448878,2175568.935181667,3212119.403016157,1493.3468529860663,155.66046502832478,0.5455401397675166,0,1,0,1,0
1636453814.6628466,558456485.5151976,4054278140.2633724,1311653814613.315,500000000,1307599536473.0515,-3554278140.2633724,21.129013933200063,26.349619279214593,34.13334267390395,0.8701948752439527,0.7548939684883728,0.49928059036545136,0.08924651164640979,0.4402469719856005,58.05016032887048,105941.54260018862,52894.55593364879,53046.98666653983,5304698.666653983,2377532.787525285,136337.94214025047,2927165.8791286983,5168360.724513733,1385.0524048436132,96.74247341685746,0.6720201523216547,0,1,0,0,0
2296677497.847148,694778324.1634983,5304704043.57299,2268255487804.6206,500000000,2262950783761.048,-4804704043.57299,16.56009301188278,27.623863680591,37.393208893620155,0.9645004176882463,0.5787728728458069,0.37792808545937395,0.11358686757055067,0.30670386014050083,78.40949214577306,143097.3231660358,54080.49737850123,89016.82578753459,8901682.578753458,2895821.8529437943,284346.50975679216,6005860.7258096635,8617336.068996666,883.2545884350076,58.022571708546124,0.7890304604798634,1,1,0,0,0
1367343985.902475,574815277.7366221,3855993320.7853546,1473714913041.9915,500000000,1469858919721.206,-3355993320.7853546,17.55365148879952,24.699634449704554,29.703925975999038,0.9702804992375865,0.8423346015421257,0.5480979457058589,0.027200026157209532,0.29011808273121936,52.182442201245316,95232.9570172727,52196.98810466153,43035.96891261117,4303596.891261117,824958.5254625496,40587.95213513596,3478638.365798567,4263008.93912598,1108.4777764474982,117.28804868575108,0.5520390898278074,0,1,0,1,0
2502855995.5063114,512489259.88213366,4721666290.114863,845124042013.2131,500000000,840402375723.0983,-4221666290.1148634,13.330489699006744,23.414544100452936,55.16951875013992,0.9632283746516579,0.797240956713858,0.4912015350385985,0.05037711325540946,0.12703631693211087,32.268943313289164,58890.82154675272,28927.261943449106,29963.559603303613,2996355.9603303615,887509.397087452,87348.66017646257,2108846.5632429095,2909007.300153899,2238.9804798572222,171.87993992780557,0.6227940067109856,0,1,0,0,0
1330115800.7383075,503474358.555158,3509896290.36368,1566374799568.1616,500000000,1562864903277.7979,-3009896290.36368,17.51974054565472,25.17403143777677,41.355203494928276,0.923024453830837,0.7876338550823403,0.4813414126890672,0.04470552960077647,0.14464306293692789,53.94205387504711,98444.24832196097,47385.293558406025,51058.954763554946,5105895.476355495,1922084.8916128366,97389.21316771944,3183810.5847426583,5008506.263187775,1102.419945201413,99.83016367074758,0.6500622375787084,0,1,0,1,0
1247844362.3597012,492274313.9326337,3379134520.0818305,2170156348501.8142,500000000,2166777213981.7324,-2879134520.0818305,20.240388741640423,18.84131755225985,26.99779143674943,0.9378565847007059,0.6009193177339149,0.4346065709002782,0.13976036950828907,0.6252675520276973,69.1859696857389,126264.39467647349,54875.335597141486,71389.059079332,7138905.9079332,1861560.228629557,287698.1358329527,5277345.679303642,6851207.772100247,640.3094899267078,72.97983313775993,0.7550661067833813,0,1,0,1,0
1605348530.1428123,594346905.4050453,4178559591.3555784,1684943653015.8596,500000000,1680765093424.5042,-3678559591.3555784,21.742390041172595,32.6803349690296,31.84757489765507,0.9928861104953537,0.6225024538722853,0.4373883215012798,0.09060750632509049,0.49363101183732966,52.83732347491447,96428.11534171892,42176.53151484625,54251.58382687267,5425158.382687267,2929750.1760496567,261255.6223410228,2495408.20663761,5163902.760346244,1674.4994186686185,96.82599057432185,0.7296616329938157,0,1,0,0,0
2032023767.206301,564630924.9411951,4476580184.255906,1632547389223.3274,500000000,1628070809039.0715,-3976580184.255906,22.020227587413597,23.53465153922477,32.35685069604439,0.974399612920413,0.7725096339251435,0.4883404415162113,0.06914756885579866,0.19651570805792884,66.19281110113117,120801.88025956438,58992.44354194416,61809.43671762022,6180943.671762022,2583197.224682583,101695.63864148034,3597746.447079439,6079248.033120542,1244.2733944994602,82.24701431425964,0.6324099913284381,0,1,0,0,0
1439673132.6087403,470650026.72878367,3477341443.3627806,1848342104574.5508,500000000,1844864763131.188,-2977341443.3627806,14.323479911989494,30.637090861543946,43.073689206374425,0.8876531474420845,0.589391432485669,0.3860709102683779,0.08901284661868482,0.39439477770284553,73.36049452873283,133882.90251493742,51688.294043314396,82194.60847162303,8219460.847162303,1476192.7967170149,95811.55690831628,6743268.0504452875,8123649.290253987,515.6759923155,61.54869346709174,0.7980172897021642,0,1,0,1,0
1037408740.7878995,461657156.88258576,3036142631.3408065,605723505539.266,500000000,602687362907.9252,-2536142631.3408065,19.749246206110037,26.857014647998728,41.77690054323108,0.9700483387294058,0.8643583585829454,0.5685019692946828,0.1004284478196852,0.3228645978000085,31.84705587081442,58120.87696423631,33041.833011302304,25079.043952934007,2507904.3952934006,549694.1399344559,167754.36781513147,1958210.2553589446,2340150.0274782693,1550.468149695332,213.66151491526242,0.5233285006995549,0,1,0,1,0
1592582554.736604,624872281.0713065,4297952517.758689,915594218787.0444,500000000,911296266269.2858,-3797952517.758689,18.94421757893946,23.986595490553256,50.87048339341028,0.9619618350175169,0.8024515879130137,0.5035727296306937,0.045556229925190886,0.18670943574108542,51.813893680435534,94560.35596679486,47618.01656904894,46942.33939774592,4694233.939774592,1580033.2145772472,93808.75291344422,3114200.725197345,4600425.186861148,1380.1141599459136,108.68560615397118,0.6112782096581999,0,1,0,0,0
1914177983.3679137,638415229.6044823,4678181826.115937,1340555934935.7644,500000000,1335877753109.6484,-4178181826.115937,24.837048677417474,28.949901970671313,38.44481528082571,0.7173804366891792,0.5964266049803906,0.39088008328244683,0.07391627935656024,0.5691130389921646,44.74742391743478,81664.04864931847,31920.850137227393,49743.19851209108,4974319.851209109,2157585.1230375995,319341.4588047964,2816734.728171509,4654978.392404312,1660.8528234225278,107.41188419174343,0.8327561798112284,0,1,0,0,0
1281273303.5447881,497510272.92324597,3435232423.565153,500679898505.8681,500000000,497244666082.303,-2935232423.565153,14.487875961311923,24.447798444896108,34.98065824870196,0.8148850575793494,0.6619066514473719,0.39995316940207004,0.12922973627361198,0.22765115983110265,15.330735518232151,27978.592320773678,11190.12667410185,16788.46564667183,1678846.564667183,366094.99400671315,64132.01318699455,1312751.5706604698,1614714.5514801885,2616.8183686398665,309.65225373218834,0.7842741234760084,0,1,0,1,0
1384430177.2596736,584790230.2595417,3916265836.3811846,2033652488999.619,500000000,2029736223163.2378,-3416265836.3811846,16.500370619435035,23.646734712640857,27.342800099214184,0.9182761722287501,0.7505183024586068,0.48731756347168215,0.0750211791410189,0.33703982363744533,80.96936033734728,147769.0826156588,72010.46929670854,75758.61331895024,7575861.3318950245,1764218.6360742094,105032.94898105237,5811642.695820815,7470828.382913972,673.8655559808234,66.92698244059738,0.6641489836073523,0,1,0,1,0
1357035986.8036132,568058480.5864191,3816431926.0565047,1219231630397.626,500000000,1215415198471.5696,-3316431926.0565047,20.861757232363345,20.192930527449064,36.73605703449503,0.9508813729066012,0.7842050541573334,0.4994409443099041,0.11892036243723791,0.24441813295923057,44.6757755872962,81533.29044681556,40721.06357345125,40812.226873364314,4081222.6873364314,2237237.6765534286,362371.3882559253,1843985.0107830027,3718851.299080506,2069.6653734923534,134.450119079412,0.6275738907206156,0,1,0,1,0
1143045746.3192978,544249394.5812746,3499360803.1638727,2937796878811.6797,500000000,2934297518008.5156,-2999360803.1638727,17.439079693701515,27.737751820302908,34.29481116456369,0.9132798091879053,0.6385574619104657,0.48194037419040936,0.12943174387698625,0.7599907092033037,141.4797301977448,258200.50761088426,124437.2492541432,133763.25835674105,13376325.835674105,5473293.141188155,28495.00809453349,7903032.69448595,13347830.827579571,442.78708420445014,37.459270083562146,0.718941223658135,0,1,0,1,0
1342063991.979961,481299214.0097485,3425837710.628117,2622478278142.7207,500000000,2619052440432.093,-2925837710.628117,23.03481445904301,23.40559514144403,38.88551884804357,0.9288302506746703,0.608596219737209,0.3812103856052578,0.05609359698193826,0.2161132258022399,108.36415187153646,197764.57716555404,75389.91072034162,122374.66644521242,12237466.644521242,5760222.195262314,404589.270029406,6477244.449258928,11832877.374491837,528.9035696375598,42.25514929089447,0.7845084099545621,0,1,0,1,0
1566454507.5019658,517877297.56362534,3808592185.553016,1487756231089.6438,500000000,1483947638904.0908,-3308592185.553016,22.771765833392923,23.590219879386687,43.435248497969624,0.9450796319546519,0.6436118069195795,0.4490200407402565,0.08454549028293316,0.5190743523466886,63.028324001740216,115026.6913031759,51649.28961516895,63377.401688006954,6337740.168800696,3513814.7872412577,854830.8022540775,2823925.381559438,5482909.366546618,1348.6872600896493,91.19246125983702,0.726877090018214,0,1,0,1,0
1778708221.0050511,633195218.9606435,4520112149.45013,1411679907412.804,500000000,1407159795263.3538,-4020112149.4501305,17.73858416963828,26.417595795946514,36.01788424090511,0.8952928339782554,0.8180321420799003,0.5222433578272521,0.05642078460470655,0.3099119552469226,55.02933833509316,100428.54246154502,52448.13923681403,47980.40322473099,4798040.3224730985,710377.2866949611,271154.3550494368,4087663.0357781374,4526885.967423662,1105.793728564926,110.45120279107884,0.6175202896956867,0,1,0,0,0
2352757989.1051893,577915716.6266072,4854830601.8309765,367827026161.52136,500000000,362972195559.69037,-4354830601.8309765,17.311898650005325,24.712298527777634,32.51839769592806,0.8367346033371792,0.579477899496629,0.35683985849708005,0.059332876460239534,0.26225449086207236,15.639272396665131,28541.672123913864,10184.806241967477,18356.86588194639,1835686.588194639,209412.50137649273,9162.828926557468,1626274.0868181463,1826523.7592680815,2985.2474691579187,273.74404382254426,0.8269793395791329,0,1,0,0,0
1813131528.0182495,591322806.4386542,4373249823.306347,3231280380757.493,500000000,3226907130934.187,-3873249823.306347,23.623940522489207,18.35489174595438,31.5317034429577,0.9163855962649861,0.75136477762544,0.46922506422464566,0.12280001348660088,0.22001653069042956,89.32816602458085,163023.90299486005,76494.90135291561,86529.00164194444,8652900.164194444,1665248.594171232,249361.68812719773,6987651.570023213,8403538.476067247,625.8540196920293,59.49874584664172,0.6769198400843882,0,1,0,0,0
1705090923.3000638,525272401.7645484,3979245532.4658947,1792206680512.6702,500000000,1788227434980.2043,-3479245532.4658947,22.089463841261306,21.81253245187886,37.64293541129494,0.7966455763141219,0.6003513998515349,0.3624840497310921,0.09247681783006553,0.24543638471940882,57.46161745816356,104867.4518611485,38012.77863560946,66854.67322553904,6685467.322553904,2242658.797568608,191686.62935662118,4442808.524985296,6493780.693197283,895.6599209908702,76.99674867735942,0.8266357369812644,0,1,0,1,0
1929703116.5242717,624812337.7004709,4634813556.120766,1508912138995.0942,500000000,1504277325438.9734,-4134813556.1207657,22.242639191769804,23.304174276646556,41.01141616010659,0.8411287581421562,0.9132153047092901,0.5465405404009572,0.04327233741746069,0.16850282483872853,62.58028124401116,114209.01327032037,62419.85583142099,51789.15743889938,5178915.743889938,358096.2050416366,24583.12348595159,4820819.538848301,5154332.620403986,961.416107525159,97.00576909233517,0.5801849100861998,0,1,0,0,0
2065956627.1774597,606875640.7013438,4693410555.568059,1721227303009.2627,500000000,1716533892453.6946,-4193410555.568059,17.76454910670804,25.61432811278802,34.42386662306464,0.9428202254234447,0.8690173741857217,0.5845074334851985,0.07995838120263407,0.41650483981070346,70.23897909819343,128186.136854203,74925.74986103261,53260.38699317038,5326038.699317038,2251344.3815062633,94524.66185587969,3074694.317810775,5231514.037461159,1526.4641198250345,95.5746264694434,0.5210971864954186,0,1,0,0,0
1314944085.3585796,609112487.5793122,3952082390.1231165,295382090677.61835,500000000,291430008287.49524,-3452082390.1231165,24.922555005640344,34.64108445271803,27.55823737684033,0.9375183964580104,0.500532864726936,0.3536156150578417,0.07420045044506163,0.5613507330990857,11.879183160251703,21679.509267459358,7666.21300376482,14013.296263694538,1401329.6263694537,587333.53636473,52809.68991599878,813996.0900047238,1348519.936453455,4855.161392851632,370.7768691317808,0.8340627718801499,0,1,0,1,0
1440382940.8271513,472885641.3308461,3487730292.8453426,4340116307272.6025,500000000,4336628576979.7573,-2987730292.8453426,28.353163105813373,23.97473901172745,44.310303238844284,0.9101102107862725,0.6085527645716415,0.42248016092140134,0.07576129184772466,0.5387948314230718,205.48025889623023,375001.4724856202,158430.68244148727,216570.7900441329,21657079.00441329,3582558.8055814817,472757.6786606947,18074520.19883181,21184321.325752597,192.9639212813384,23.602361024999084,0.7660093270309443,0,1,0,1,0
1394889787.7518158,593795510.1419774,3965713596.036833,1232455913924.121,500000000,1228490200328.0842,-3465713596.036833,24.025957579870877,24.41713031077078,31.894721574106534,0.7227846853891512,0.7178205853193167,0.42850877331774306,0.08502569678498445,0.29260073030794986,37.06932345389182,67651.51530335257,28989.267835726132,38662.24746762644,3866224.746762644,549060.6630054855,168326.96041034194,3317164.0837571584,3697897.786352302,1195.5132444172314,135.21195795225384,0.7776769105827208,0,1,0,1,0
1334889784.1208167,650689979.7843397,4152036871.4103546,576288251189.668,500000000,572136214318.2576,-3652036871.4103546,18.137988929750883,22.7254965382379,43.80907317533176,0.9447485264153719,0.7139597303489481,0.4537045024566698,0.03961266796447953,0.2440511353667981,22.15051225281746,40424.68486139186,18340.861532005467,22083.823329386396,2208382.3329386394,1334114.4108046908,238485.88594791305,874267.9221339487,1969896.4469907265,4749.158428775351,253.82044866562157,0.693970685720225,0,1,0,0,0
1769944058.9063444,622586832.2807882,4465419224.707959,1538696654307.8225,500000000,1534231235083.1145,-3965419224.707959,17.64674634582741,31.844246468371914,29.94627304987956,0.9629755686406407,0.7575719653676151,0.5085838611914631,0.08833758696323071,0.3909575900780409,42.497772469829926,77558.43475743962,39444.968216904825,38113.4665405348,3811346.65405348,2356167.6678597457,147465.58766009053,1455178.9861937342,3663881.0663933894,3068.6391619686697,136.4673118312174,0.6289762262391534,0,1,0,0,0
2198877139.3372793,578006275.3521398,4701341823.952582,2017113330145.4204,500000000,2012411988321.4678,-4201341823.9525824,21.91869001860224,27.650091706451942,31.893612555588668,0.8365388238593584,0.7399996200285744,0.4745322984872277,0.0701911416347133,0.38441196585382476,75.13196720703998,137115.84015284796,65065.89478673825,72049.9453661097,7204994.53661097,3695120.6705369973,145374.0520091559,3509873.866073973,7059620.484601814,1339.461759408279,70.82533701217817,0.7062462795989997,0,1,0,0,0
1601938401.2458642,525788867.277179,3878329035.799814,1393451784627.739,500000000,1389573455591.9392,-3378329035.799814,17.200919451280875,29.008947353696218,39.04804472651638,0.9057545663681639,0.8572379473872955,0.5585392080959184,0.07886274091546204,0.3601931085239793,67.42532464674731,123051.21748031385,68728.92956669313,54322.28791362072,5432228.791362072,1413704.3058414871,85051.71734993752,4018524.4855205854,5347177.074012135,965.1127048681876,93.5072830166883,0.5663238039885837,0,1,0,1,0
1173661062.3978786,469492883.6981169,3206319549.3960643,815648503392.2267,500000000,812442183842.8306,-2706319549.3960643,17.694389704147646,25.852839179634337,38.242552241271014,0.9738841709614784,0.5988810317901484,0.4073326948227155,0.06970395433001807,0.4184305305111001,27.845685989945462,50818.37693165046,20699.9864220857,30118.39050956476,3011839.050956476,1044603.1237310903,42491.29669066199,1967235.9272253858,2969347.754265814,1629.8602038639551,168.38714808048056,0.7624269706598518,0,1,0,1,0
2053243610.515593,507384826.9701275,4249954381.914815,1326639312385.6787,500000000,1322389358003.764,-3749954381.914815,23.19532967740195,30.51408794114792,48.51751602262078,0.8365273076163007,0.9040466572957027,0.536890474356691,0.03395798999453673,0.14912953602422496,49.9653328258065,91186.73240709686,48957.28801708288,42229.44439001398,4222944.439001398,1752883.6438536355,300124.05688255304,2470060.7951477626,3922820.3821188454,1720.5869548893336,127.45931531280905,0.5939713622394565,0,1,0,0,0
1447363412.5052562,523182734.45645803,3712470855.8113303,973804169679.1519,500000000,970091698823.3406,-3212470855.8113303,22.714783097001092,28.414669922319952,32.018440358422644,0.9305971393010565,0.5734143376384007,0.3815614235797351,0.09489330539086668,0.3972461336164695,32.06350285789775,58515.892715663394,22327.407326627577,36188.48538903582,3618848.538903582,694885.3967642739,117400.69009869029,2923963.142139308,3501447.8488048916,1269.6708800149624,142.79807142369953,0.7963920546233085,0,1,0,1,0
1676631386.2428024,594135958.9804176,4248929159.83139,424020066833.8004,500000000,419771137673.96906,-3748929159.83139,27.33372704174396,28.625238274575977,25.558552812460512,0.9845662706596977,0.5257918554218575,0.3353658444729405,0.10409707068660926,0.21383331478712034,19.813106267727832,36158.918938603296,12126.466385073296,24032.452553529998,2403245.255353,821870.130591359,38875.64115647007,1581375.124761641,2364369.61419653,2686.8572126248832,211.4728581342863,0.8263888404687274,0,1,0,0,0
1990645905.5241427,439910111.1233523,3895226468.807308,1345160760802.6458,500000000,1341265534333.8384,-3395226468.807308,22.41132794796546,20.454296953500616,42.144877101104,0.9211292902124739,0.7698678545005562,0.538282984130463,0.044025174237947454,0.5480777389394492,55.37928459471817,101067.19438536066,54402.75099144552,46664.44339391514,4666444.339391515,1124715.6625578662,113007.89643574484,3541728.6768336482,4553436.44295577,1099.8093937251263,109.80717668158233,0.6182777896769103,0,1,0,1,0
1996647540.2647552,547834985.0294874,4368486327.305305,2423892202144.8984,500000000,2419523715817.5933,-3868486327.3053045,20.331086844587986,22.299089864189007,43.02557307516255,0.9329813506828284,0.851117244608772,0.5505908718175787,0.07830694368402957,0.31074901109856,82.10215689648163,149836.43633607897,82498.57411232086,67337.86222375811,6733786.222375811,1955547.6361539764,329162.9737154489,4778238.586221835,6404623.248660362,914.2461701058502,78.06860459818361,0.5627887185099234,0,1,0,0,0
1763754637.4937189,580971043.8182011,4279055218.0166554,1215077309056.3948,500000000,1210798253838.3782,-3779055218.0166554,18.612724073659187,31.314075913427537,37.901786768990334,0.9031086214214542,0.8305910107731328,0.5172450783261565,0.0785277496201522,0.22546303446227775,38.23440769402772,69777.79404160059,36092.22054447411,33685.573497126476,3368557.3497126475,1393744.6649647767,48025.39046912938,1974812.6847478708,3320531.9592435183,2166.8157446350274,150.57828267790853,0.612007275642136,0,1,0,0,0
1878016598.4794548,557874277.6829039,4293320268.8526063,1927922732103.5193,500000000,1923629411834.6667,-3793320268.8526063,24.51030693377703,26.776598351805163,29.855362004093607,0.926248050166958,0.4312829137372659,0.2729319007663938,0.059286568180740795,0.25065768701476204,61.505311970212816,112247.19434563839,30635.840108449895,81611.3542371885,8161135.42371885,2136642.2551886225,286445.6037247237,6024493.168530228,7874689.819994126,712.6442256220586,63.49456441198251,0.8909705404264647,0,1,0,0,0
1303994136.946229,660254328.4693085,4162549848.7371182,1181906451793.8984,500000000,1177743901945.1614,-3662549848.7371182,14.396949582412766,23.71077552441688,30.01247878413434,0.9489754998751143,0.7660917981245577,0.5222889430080019,0.09907033563160306,0.44963460223972834,58.00048171120263,105850.87912294481,55284.74377359062,50566.13534935419,5056613.534935419,2354147.4881942845,122388.07455149113,2702466.046741135,4934225.460383928,1540.2783149696468,101.33302663496357,0.6202947125816124,0,1,0,0,0
1487352736.0163984,647841931.7807081,4292169265.9173765,392197443464.38196,500000000,387905274198.4646,-3792169265.9173765,26.626585209859392,24.00018172364614,39.976160824407444,0.9156607749985096,0.7967192030615238,0.5321070065328939,0.0625468905195157,0.4229376165137242,19.392537606508128,35391.38113187734,18832.001871147993,16559.379260729344,1655937.9260729344,915555.9912978244,232154.32910380812,740381.93477511,1423783.5969691263,5797.2366211516455,351.176963314069,0.6118148899105769,0,1,0,0,0
1991314165.4245863,575431840.8258232,4482632895.818134,987306576654.2264,500000000,982823943758.4083,-3982632895.8181343,17.979412531641678,21.692304504486255,30.495187024583196,0.9870248834055008,0.7259912684256318,0.4589116506272699,0.10941621315005153,0.18304797018719482,42.41391135966148,77405.38823138221,35522.23448070826,41883.15375067395,4188315.3750673947,1557883.5706692804,257738.33214198952,2630431.8043981143,3930577.0429254053,1704.1433609201033,127.2077851520411,0.6711570144321747,0,1,0,0,0
1237295686.7437744,629042616.3001058,3960721018.847656,934972338770.593,500000000,931011617751.7454,-3460721018.847656,18.67884407954712,25.873087757928353,54.38803269559882,0.8489007814787096,0.837995894552931,0.49486092299184226,0.06389422570325057,0.11712038952386436,42.77565680208047,78065.57366379685,38631.601837154165,39433.971826642686,3943397.1826642687,1287844.9810878662,151242.72416432446,2655552.2015764024,3792154.4584999443,1491.4867862497572,131.8511694267285,0.6479681279259465,0,1,0,1,0
1662853814.8850057,476654655.7007325,3726519026.6888924,2968531962082.5215,500000000,2964805443055.8325,-3226519026.6888924,20.92982312873718,26.125425857013045,38.36422456556319,0.9074499113165823,0.6002272385939007,0.3609257548641478,0.0812316629179544,0.10989913557799025,120.79102440685361,220443.61954250783,79563.77978836464,140879.8397541432,14087983.97541432,2066832.9122567934,136263.29768453175,12021151.063157527,13951720.67772979,309.9968553019805,35.83787344582643,0.8034123478051898,0,1,0,1,0
1479079855.9700382,482497659.1565788,3568042214.922426,1949706088396.748,500000000,1946138046181.8257,-3068042214.922426,26.636667534168716,23.9618589862746,52.69099658859591,0.8897865712917367,0.7984043410127719,0.5319906138492438,0.06342881538165374,0.44203151577462635,84.11550444726097,153510.79561625127,81666.30239237532,71844.49322387595,7184449.322387595,1510118.0621417083,419561.3835944738,5674331.260245887,6764887.938793121,628.8040037281525,73.91105433288251,0.6220688347081899,0,1,0,1,0
1952227161.2799501,638688129.1101483,4717412516.071181,5203676822303.834,500000000,5198959409787.763,-4217412516.0711813,22.795137735623676,26.579314836721252,31.5959660750672,0.9092220348938358,0.6131395209082818,0.40197856092668194,0.053063382357791206,0.3750345945838164,184.7962534377359,337253.162523868,135568.54093931685,201684.62158455118,20168462.15845512,4146672.1660783817,481206.01821593574,16021789.992376737,19687256.140239183,294.4372956027856,25.39713997919902,0.7759050067784254,0,1,0,0,0
1168703751.7910304,578508556.2765149,3673343049.9505177,2050976355535.1729,500000000,2047303012485.2224,-3173343049.9505177,19.681359395841973,25.71288862794691,41.087111544617684,0.9583406709275799,0.766093673388098,0.4664526780489837,0.0744838819955696,0.09418221343298942,61.810748985825576,112804.61689913167,52618.01564888961,60186.601250242056,6018660.125024206,2320449.1498335483,163056.51636901833,3698210.9751906577,5855603.608655187,993.2756877833726,85.38829357590878,0.6575403675813594,0,1,0,1,0
1863063771.9847,616849482.3855228,4533699215.263516,848286796604.862,500000000,843753097389.5985,-4033699215.2635164,14.767175498470214,26.78895389294535,29.995047102241852,0.8287105006781855,0.5777731347573059,0.38818947007165844,0.09912410898469251,0.5265374096897447,46.75313458101181,85324.47061034654,33122.06103037522,52202.409579971325,5220240.957997132,625464.30875873,23614.67004339589,4594776.649238402,5196626.287953736,986.7072028441231,96.21627038277633,0.8141322949192473,0,1,0,0,0
1889221451.202246,566708920.0832928,4342774499.741247,853118394667.1322,500000000,848775620167.391,-3842774499.741247,20.474962002218227,24.00284146873559,38.503656580718754,0.9164667211472753,0.8746742692174124,0.5323655286632171,0.10123966460475314,0.1388384976491425,33.965363970092035,61986.78924541797,32999.629826772354,28987.159418645613,2898715.9418645613,1106134.7337658468,175333.3460851978,1792581.2080987145,2723382.5957793635,2422.6375241026726,183.59521015331765,0.5732505433222097,0,1,0,0,0
1276303279.8365302,517394781.71888185,3516351916.7945538,589847440701.919,500000000,586331088785.1244,-3016351916.7945538,13.929771868979952,34.3697329506581,42.869799933976125,0.9254817574892388,0.817318956062491,0.5348702818896197,0.03749306223719969,0.3531070654318591,21.989581018528238,40130.98535881403,21464.871451377065,18666.113907436968,1866611.3907436968,457119.70813911676,18286.3933902587,1409491.6826045802,1848324.997353438,2494.7659927277723,270.51519657848877,0.5954167461877098,0,1,0,1,0
2091866295.293189,473205540.69451547,4140598644.1433363,962423550286.7562,500000000,958282951642.6129,-3640598644.1433363,16.428448832231854,24.58797366953462,41.21338412172605,0.8765222737087404,0.5623161817779901,0.37762051600288454,0.07511335719962282,0.477706315902098,28.055054641631344,51200.4747209772,19334.349683728058,31866.125037249145,3186612.5037249145,1171683.981901465,78706.47223901794,2014928.5218234495,3107906.0314858966,2054.9605602863867,160.88002498613156,0.813877396283432,0,1,0,0,0
1625152394.0016184,541283573.156479,3968626996.178284,994981390783.7726,500000000,991012763787.5942,-3468626996.178284,19.1960019624416,25.904591326502107,36.19671129623505,0.9157566293896517,0.7270008787596886,0.46172601475725983,0.06162500295469668,0.2727049316897444,34.412684868271796,62803.14988459603,28997.848110417388,33805.301774178646,3380530.1774178646,2199611.074798728,141159.25824166505,1180919.1026191367,3239370.9191761995,3360.6256240383836,154.35095655151292,0.6926031933599401,0,1,0,1,0
1698599569.4976008,474886191.7496055,3754608257.882231,708411450961.2051,500000000,704656842703.3229,-3254608257.882231,20.658707345416474,32.47195200817543,26.900149660766335,0.7751860574776821,0.8072353804583572,0.4648633357296792,0.1089695949073842,0.12059215291117868,28.028305059230902,51151.656733096395,23778.529777046693,27373.126956049702,2737312.69560497,1384133.742585168,138363.17770072827,1353178.9530198022,2598949.517904242,2774.657593885357,192.3854220928436,0.7091082291116313,0,1,0,1,0
2177101692.8561025,616575643.68478,4846551557.868538,1021139498337.1592,500000000,1016292946779.2906,-4346551557.868538,15.882094113739466,21.770687110076647,30.632898298793386,0.8683265075612363,0.8949612802040307,0.5468827463552037,0.05646808268594716,0.20403224108682946,66.48962951861694,121343.5738714759,66360.70693138828,54982.866940087624,5498286.694008762,923719.8154722339,100422.18583509134,4574566.878536528,5397864.508173671,1059.4558318970346,92.62922387971747,0.5750072442339941,0,1,0,0,0
1955316772.1401293,436205592.2076744,3843858707.201956,1133402019581.2048,500000000,1129558160874.003,-3343858707.201956,19.678288581734623,18.632340605683304,45.673441759330814,0.9783097568909208,0.8707556069532877,0.5582110424511061,0.04948236854055152,0.23608190829414058,38.446258410175176,70164.4215985697,39166.554923516494,30997.8666750532,3099786.66750532,812271.2616510683,20241.52785567909,2287515.4058542517,3079545.1396496412,1680.3640742111209,162.36164021836186,0.5244774815086022,0,1,0,1,0
2451793435.143228,661421452.0275837,5315402181.151413,1396064992135.8318,500000000,1390749589954.6804,-4815402181.151413,24.425269167071193,30.198706587137995,36.79623845460455,0.8842050822914247,0.8558252608818485,0.519840136165252,0.07587960017021614,0.16777608439717207,60.46264828870264,110344.33312688232,57361.41315774244,52982.91996913988,5298291.996913988,1508317.7415836144,250761.62520880028,3789974.2553303735,5047530.3717051875,1402.4903134040069,99.05834401766798,0.6066239494505198,1,1,0,0,0
1529548802.9308755,470535674.0655951,3566722026.4974165,1175745773435.3416,500000000,1172179051408.8442,-3066722026.4974165,20.417510034630347,29.703658124209255,26.9023986975033,0.853858450576508,0.6843609784441803,0.40722224595169587,0.09531262500031104,0.13594848023209166,39.59672142509103,72264.01660079113,29427.5151416648,42836.50145912633,4283650.145912633,2541028.346301285,206717.67107215646,1742621.7996113482,4076932.4748404766,2046.7562309233663,122.64122672759355,0.7620407374463499,0,1,0,1,0
1812898814.9216917,527646593.24583894,4097332430.71738,1388754095053.2053,500000000,1384656762622.488,-3597332430.71738,20.460334739333277,20.3293136207729,54.27205654434835,0.9094600323120068,0.8413603024284231,0.5394720881566922,0.03952069248688487,0.30827207260636613,38.26892949485048,69840.79632810214,37677.160233647504,32163.636094454632,3216363.6094454634,1954634.480652201,108474.16838340714,1261729.1287932624,3107889.4410620565,3247.3946564395587,160.8808837901053,0.5872048228381628,0,1,0,0,0
1994361374.7817764,611010506.4449465,4639717107.945495,1100562766851.4648,500000000,1095923049743.5194,-4139717107.9454947,19.749251729987215,23.953541364832073,37.2852351334499,0.958746262657212,0.7947192985392634,0.4909173787660503,0.06231616951618445,0.14016498346433182,41.99691595855252,76644.37162435835,37626.05401500104,39018.317609357306,3901831.7609357308,1868400.689356463,139560.9807336503,2033431.0715792677,3762270.7802020805,2281.71840825765,132.89846191590277,0.6259532806882524,0,1,0,0,0
1960971894.7689624,507225868.9072856,4156994460.9435015,2165426621927.2546,500000000,2161269627466.311,-3656994460.9435015,23.718898921821605,28.050872859057463,46.64197893616826,0.8971947606961428,0.6716939626316668,0.4573139365203619,0.08684753697368426,0.4964371679627729,78.12917600826295,142585.74621507988,65206.44889331147,77379.29732176842,7737929.732176842,2020945.2474758932,119291.89965762025,5716984.484700949,7618637.832519222,727.130617910178,65.62852979646982,0.7244041902424987,0,1,0,0,0
1817645540.3221204,621888933.4896842,4510099169.58919,3111368278186.5566,500000000,3106858179016.9673,-4010099169.5891895,20.30073353219307,34.6978000546626,48.59570835043408,0.8895341832647558,0.8442104859877375,0.5372189895442775,0.09616210224401438,0.3061692350060819,90.18874998877408,164594.4687295127,88423.274175446,76171.19455406671,7617119.45540667,4363037.962351356,292179.6399436296,3254081.4930553148,7324939.815463041,1385.9822439033564,68.25994651102711,0.596573205178,0,1,0,0,0
2100087083.096431,636667642.4232415,4856524787.913379,2002588002449.2456,500000000,1997731477661.3323,-4356524787.913379,17.211358464808672,32.23126744828509,32.74150582927673,0.9231595023410025,0.8064728141993903,0.505615502528493,0.10815878475694929,0.22497838981405494,67.77337240237402,123686.40463433259,62537.76363513059,61148.640999202,6114864.0999202,2124562.493193514,346401.25582888833,3990301.606726686,5768462.844091312,1217.082132269513,86.67820414448096,0.6235677203823288,0,1,0,0,0
1276812678.1338015,583261472.7327597,3802029617.208058,3051148483483.797,500000000,3047346453866.589,-3302029617.208058,18.992991961566084,28.381517433913224,52.08334326437736,0.7754464543095619,0.697941475082735,0.4345255553658154,0.0486132306178457,0.361357472284654,85.28536276924844,155645.7870538784,67632.07205993595,88013.71499394244,8801371.499394244,6082317.192894815,720873.4887001504,2719054.306499429,8080498.010694093,1398.291166204354,61.877374307657476,0.7648277117987363,0,1,0,1,0
1575828230.9227555,518734778.62118566,3821678353.208021,1292056098497.8657,500000000,1288234420144.6577,-3321678353.208021,14.843055999010478,22.268311501702776,48.499406397171676,0.9352412048168551,0.6983538823440271,0.43125206811497596,0.06513469704951436,0.16451824419076755,57.059415808443894,104133.4338504101,44907.7587079034,59225.675142506705,5922567.514250671,1771931.5536275378,256666.64868383834,4150635.960623133,5665900.865566832,920.7452519238219,88.24721996790154,0.7183366272814279,0,1,0,1,0
1794295740.9678488,734668712.5700269,4975026792.682158,829788306838.7653,500000000,824813280046.0831,-4475026792.682158,14.432626956020954,23.88116217554736,55.5770669095719,0.8441791184805497,0.4203989348181424,0.2697278284568419,0.1313376496915046,0.378033593636547,22.1570843201577,40436.6788842878,10906.897585465582,29529.78129882222,2952978.129882222,1344082.56974026,339563.6584557713,1608895.560141962,2613414.4714264506,3092.1999637087592,191.320590540348,0.9042757509085604,0,1,0,0,0
1378494391.1751688,598001343.495289,3967527256.8439093,1888201945517.3508,500000000,1884234418260.5068,-3467527256.8439093,19.833477944823127,31.88737133639387,29.971050856835504,0.911889895148992,0.7637700998392921,0.47065509935126815,0.08684714571759536,0.18309382106704414,54.804398220882085,100018.0267531098,47073.99431840269,52944.032434707115,5294403.243470712,995160.5533876698,34854.04727260404,4299242.690083042,5259549.196198108,922.8432872598022,95.06518170063464,0.6722008491372689,0,1,0,1,0
1666551764.9346628,676685827.8144404,4596247269.803785,1463643548671.4553,500000000,1459047301401.6516,-4096247269.8037853,19.063320109972118,21.713569440485117,30.176113445850262,0.8202734741547995,0.8717737772797233,0.5428861696275116,0.06663939205503931,0.3141117517475476,72.58497914699998,132467.58694327498,71914.82087543391,60552.76606784106,6055276.606784106,1748868.7619356697,125761.33530929255,4306407.844848436,5929515.271474814,1067.304220918618,84.32392482491034,0.6117859518950401,0,1,0,0,0
1758383128.6524966,681343020.0284802,4708241838.562948,1710341116795.5383,500000000,1705632874956.9753,-4208241838.562948,22.076385858852838,29.692147224126487,27.906383554357397,0.8323927565504335,0.8140814632016738,0.4880556615778525,0.034905771486648106,0.18369471471088447,61.29220750546405,111858.27869747189,54593.06621265445,57265.21248481744,5726521.248481744,3145474.568501793,425434.1941172167,2581046.679979951,5301087.054364528,1824.1598941556224,94.32027711907439,0.6692761512911325,0,1,0,0,0
1758600057.721936,554185706.7588295,4157934146.3313403,1623009558068.353,500000000,1618851623922.0217,-3657934146.3313403,25.827179614317707,25.776740296030383,36.04372224053063,0.6623229871646086,0.6551435396132235,0.38409614941206804,0.06149739298858686,0.305959921624648,56.03548436584996,102264.75896767617,39279.50014003767,62985.2588276385,6298525.88276385,2981662.2387871626,116249.62453407614,3316863.643976687,6182276.2582297735,1253.5740363888667,80.8763599547021,0.833334294719068,0,1,0,0,0
1451406654.6683047,514117226.3861496,3677265192.2765627,860787366136.5253,500000000,857110100944.2487,-3177265192.2765627,21.02526625341082,28.629360855952932,34.83246604923229,0.8559459888097154,0.5898095593811138,0.3658978919639194,0.09510968342738439,0.2642362213222409,73.02783921113806,133275.80656032695,48765.33667021473,84510.46989011222,8451046.989011222,1667234.5993641464,66596.70658652433,6783812.389647076,8384450.282424699,542.064694756081,59.63420178518908,0.8152782324403094,0,1,0,1,0
1454499882.9865165,640071858.8213757,4225676063.2809653,2165078737568.5903,500000000,2160853061505.3093,-3725676063.2809653,22.117367466994978,23.017443225859395,43.39439488534093,0.8143611768211724,0.4661629857453193,0.2800753466556964,0.11042325052564536,0.21048079902231384,78.52443050975013,143307.085680294,40136.781700125925,103170.30398016807,10317030.398016807,2670212.5761991357,67546.70826866849,7646817.821817671,10249483.689748138,552.6058239839837,48.78294508630869,0.8936763859776252,0,1,0,0,0
1577072468.238992,597848130.7168424,4165442002.7578053,1147356519995.141,500000000,1143191077992.3833,-3665442002.7578053,28.767475160790113,22.852369824618613,36.068694388216315,0.8501252342818845,0.7472431561072072,0.46157325751099804,0.08487369037967542,0.25727907656515736,36.065627604189174,65819.77037764524,30380.645821835606,35439.124555809634,3543912.4555809633,1283286.761126237,133057.1635731871,2260625.6944547263,3410855.292007776,1842.605794039924,146.59079825860292,0.7067854667025938,0,1,0,0,0
1306848463.814264,514109850.27711046,3532675066.7305174,1983931714442.0889,500000000,1980399039375.3584,-3032675066.7305174,24.2835986357282,28.731312560230318,36.472241346677876,0.959794012424168,0.9260425315599284,0.5688935496977938,0.125543717839581,0.12137315599470151,88.39513650728149,161321.12412578872,91774.54694515835,69546.57718063037,6954657.718063037,2520810.052907552,226092.80068975422,4433847.665155485,6728564.917373283,796.7515651232087,74.31005067796707,0.49436168026478366,0,1,0,1,0
2376356076.1850677,672761055.4914625,5289059370.84432,1528943377388.036,500000000,1523654318017.1917,-4789059370.84432,14.747556685106623,23.285465071589066,54.94078461123213,0.9817285122124819,0.5466919081916986,0.36103418038248924,0.06051358865315208,0.32330097144065634,78.21721035513998,142746.40889813047,51536.3327390802,91210.07615905027,9121007.615905026,1882914.438381509,194437.44454738233,7238093.177523517,8926570.171357643,730.7255158400641,56.0125546992653,0.8062318601310084,1,1,0,0,0
1529164755.5331175,591391585.461103,4089580827.9943347,640930851578.5956,500000000,636841270750.6012,-3589580827.9943347,19.20044381362189,28.303391412707047,39.408104520379894,0.9655778944120361,0.7092621863382547,0.43668828411590954,0.10442740514159322,0.12223694008579684,22.976575143292305,41932.24963650846,18311.32214288685,23620.92749362161,2362092.749362161,722940.6143643267,18712.44754663822,1639152.1349978342,2343380.301815523,2494.9367057986587,213.3669893924718,0.7009349507033834,0,1,0,0,0
1928248628.6114116,495245734.2064204,4072403481.08754,4567802006872.004,500000000,4563729603390.916,-3572403481.08754,17.989645555711824,31.02223413474323,35.802160660715465,0.93702545204076,0.8050109089211334,0.5125770430371351,0.08130367156227902,0.25823459349304273,148.80509615017218,271569.3004740642,139200.18901665907,132369.11145740512,13236911.14574051,7635116.994275807,432926.1408186286,5601794.1514647035,12803985.004921881,726.9819937997413,39.05034251506846,0.6133550834265253,0,1,0,0,0
1701497735.2467473,546948940.3054956,4069500412.325639,1461832792091.071,500000000,1457763291678.7454,-3569500412.325639,16.481314439626406,28.94451582009643,39.329959703869704,0.9561492415775203,0.7986402609632252,0.5372678170102495,0.11041608616966206,0.4038200601983049,42.92503762622373,78338.1936678583,42088.59030045638,36249.60336740192,3624960.336740192,1173675.1215841959,82019.66150587713,2451285.2151559964,3542940.675234315,1660.1496990902633,141.1257048403533,0.5897319365077907,0,1,0,0,0
1734223883.600627,638808024.5124271,4499928322.73894,952478819545.5122,500000000,947978891222.7733,-3999928322.7389402,19.73112332979965,24.493783157342165,37.6296291561513,0.9463387862314168,0.7547618020101192,0.45212023192955797,0.053578420865039056,0.05428819654502094,55.50415901136472,101295.09019574062,45797.55967262374,55497.530523116875,5549753.052311688,1606458.1763598379,85526.51087776564,3943294.87595185,5464226.541433922,1141.1594781262022,91.50425887518017,0.6770684369389377,0,1,0,0,0
1107446227.3438091,621624858.5727501,3798756550.4187136,2039243764766.8591,500000000,2035445008216.4404,-3298756550.4187136,18.71020963040601,28.70420330910285,38.96488797460055,0.9038856608492363,0.7071597868204952,0.47392276090977214,0.07462931981938258,0.4446612623328626,79.33434199920106,144785.17414854193,68616.98947127916,76168.18467726278,7616818.467726277,1170703.2719503632,206675.7440759265,6446115.195775914,7410142.723650351,589.3094422060603,67.47508363154607,0.6970725563310067,0,1,0,1,0
1835334389.3043177,397814466.1345735,3557662839.6734076,1113416971908.1086,500000000,1109859309068.4353,-3057662839.6734076,15.097712729121636,27.71660475934412,29.057234539942367,0.9577863439849164,0.8327071178832712,0.5152314328988435,0.08840852562389467,0.14645512088061646,47.61378000392094,86895.14850715571,44771.11187729964,42124.03662985607,4212403.662985607,584066.5414631087,55624.25790864336,3628337.1215224983,4156779.405076964,980.5215779344575,120.28543044389491,0.5890743338027147,0,1,0,1,0
1805231027.6711524,701558840.8333299,4842613662.133854,1158213496387.1797,500000000,1153370882725.046,-4342613662.133854,22.651516882326703,20.550183956539815,34.04056137034009,0.9144721689881794,0.7296426920944568,0.46720890952793187,0.035856777490788416,0.298968653995995,39.870805540718145,72764.22011181062,33996.091931089446,38768.12818072117,3876812.818072117,940470.2948335854,27718.10844583241,2936342.5232385313,3849094.7096262844,1649.1991733964574,129.90067476114297,0.6882604918873954,0,1,0,0,0
1602858701.2777214,513554508.6881778,3826280965.740459,3031207691861.7085,500000000,3027381410895.9683,-3326280965.740459,16.681193328677285,23.34873905525877,27.869049038414175,0.9459180190064619,0.8771087602015732,0.5306949135987955,0.07283636189236407,0.08741251631233887,99.56961960365801,181714.55577667587,96434.99047754651,85279.56529912936,8527956.529912936,4128944.504500037,131444.81456746068,4399012.0254128985,8396511.715345476,869.8046160447398,59.54853836340148,0.5596967690843817,0,1,0,1,0
947052516.823625,477338185.63737583,3013677055.541887,1123607059359.2815,500000000,1120593382303.7395,-2513677055.541887,17.695842609149135,29.35187399684422,46.48729908833698,0.9563120540957414,0.7346758791575511,0.46569269429208465,0.04008589349093965,0.22408527622350988,54.568258362989546,99587.0715124559,46376.9716492941,53210.099863161806,5321009.986316181,1754578.2123996243,72884.86094861044,3566431.7739165565,5248125.125367571,845.01183440062,95.27211871972675,0.672813906682848,0,1,0,1,0
2310304330.6174893,536627908.7329524,4633622342.286211,2887826552614.7466,500000000,2883192930272.4604,-4133622342.286211,15.203238773716361,23.776215052040314,37.90129072874977,0.967459612663601,0.589788371160556,0.38520299537445657,0.08148753879857315,0.30432751483625226,100.84096223434203,184034.75607767422,70890.73929412759,113144.01678354663,11314401.678354662,2202546.6892061844,436646.5547405262,9111854.989148477,10877755.123614136,508.52678711464364,45.965366412281845,0.7802045463543601,0,1,0,0,0
1815298072.6412694,453817258.60745436,3780089306.511876,2519405048381.0117,500000000,2515624959074.5,-3280089306.511876,18.726523704320982,29.90831254423587,34.65199654999425,0.9073316941660956,0.7880678092868476,0.5175057077557169,0.06798556225515862,0.38177230414468766,60.88837890719277,111121.2915056268,57505.902607348726,53615.38889827807,5361538.889827807,1822689.1337941368,278835.0193548234,3538849.7560336706,5082703.870472984,1068.1689156390144,98.37283712408592,0.6299632877145633,0,1,0,1,0
1993055575.1764026,473435187.7669784,4042782175.669256,1032679165334.3574,500000000,1028636383158.6881,-3542782175.669256,20.052807657581173,26.75816618256667,48.86817035958467,0.8956506461092566,0.6862147439292131,0.4524485380978853,0.03948666357257667,0.40550397918265657,51.86569240879263,94654.88864604654,42826.46599172188,51828.42265432466,5182842.265432466,1409398.480334748,484051.6857339335,3773443.785097718,4698790.579698532,1071.3773427963135,106.41036060646894,0.721921201788287,0,1,0,0,0
1545125867.8847878,411013717.8189747,3324600170.4912767,2973508586912.735,500000000,2970183986742.2437,-2824600170.4912767,21.377827230453498,25.850886511008703,41.28140867202333,0.9155760424252387,0.789366538581839,0.5102811269651839,0.029463973266278122,0.32654871081371,79.76097212230518,145563.77412320694,74278.44670489551,71285.32741831143,7128532.741831142,1766584.1472206735,131003.62501080762,5361948.594610469,6997529.116820334,620.0358156795794,71.45379342518537,0.6312070258653759,0,1,0,1,0
1572371304.4855568,702348858.3486924,4613174301.35041,4083616402916.946,500000000,4079003228615.595,-4113174301.3504105,23.601815582253717,23.0105774301123,49.448811603303724,0.851063153322037,0.6048421560889276,0.37976038386579075,0.07766050911773616,0.3060855246898272,172.0782294552002,314042.7687557403,119261.0024129557,194781.76634278463,19478176.63427846,8829601.821980065,573905.5474109682,10648574.812298397,18904271.086867493,433.21987990566595,26.449049408064315,0.8045149729343137,0,1,0,0,0
1833087922.8629787,446115939.7929502,3764536476.593099,1897991345470.5764,500000000,1894226808993.9834,-3264536476.593099,18.37609924487445,24.58502154432443,25.41365120374179,0.9858078361827788,0.6336946398012487,0.42434046332600256,0.04452093984214094,0.36073532962142557,71.78924740684964,131015.37651750058,55595.12557426687,75420.25094323371,7542025.094323371,1786001.0348975512,244710.5356267982,5756024.05942582,7297314.558696573,654.0168070403483,68.51835644170295,0.7349140281063997,0,1,0,1,0
1907121740.5744238,492661486.06473464,4040088151.010002,1209248101501.7427,500000000,1205208013350.7327,-3540088151.010002,22.56375976202688,26.446652011638207,31.699944753619718,0.8663088496652483,0.7981472690862229,0.5241344147718063,0.05360437575839337,0.42347342431997026,34.3086060717911,62613.206081018754,32817.73612626127,29795.469954757486,2979546.9954757486,363957.5556716649,7849.462296005594,2615589.4398040837,2971697.5331797427,1544.618620005064,168.25400109445042,0.6375914296817682,0,1,0,0,0
2109726071.5802274,433851447.5070531,3988075792.081425,1123563110566.4924,500000000,1119575034774.411,-3488075792.081425,16.73523355092001,21.102134120568014,30.40671752091803,0.8286243090618594,0.7343165387893165,0.4646998458831745,0.056815447426859705,0.35348066704859527,42.35285725608453,77293.96449235427,35918.493387296585,41375.47110505768,4137547.110505768,1002372.5274097343,65195.1881505072,3135174.583096034,4072351.9223552607,1272.0426522924724,122.77917270735851,0.7172429069532796,0,1,0,1,0
1463119037.765453,636598250.5676794,4219256312.1626134,1577296761696.804,500000000,1573077505384.6414,-3719256312.1626134,18.03832130847909,29.699265828287977,28.95537478310555,0.9680440218748716,0.7396505250276535,0.4693398929757465,0.06645874907178122,0.21503129261536177,62.580167893489026,114208.80640561748,53602.74897530026,60606.05743031722,6060605.743031722,2308693.836560336,103372.78296728016,3751911.9064713856,5957232.960064441,1124.5616681151657,83.93158423581129,0.663945939604526,0,1,0,0,0
1238733663.0301125,484027696.8633034,3334320284.5389504,1602240663236.4995,500000000,1598906342951.9604,-2834320284.5389504,17.797638561417195,29.947438421601884,47.69363047152207,0.9752259637419359,0.5935352648194926,0.37609810937584187,0.09613318842669727,0.2031190155532856,68.91442684547748,125768.82899299641,47301.41880267952,78467.41019031689,7846741.0190316895,2529869.131535477,99138.77250491962,5316871.8874962125,7747602.24652677,627.1206745417985,64.53609569646514,0.7823027550080045,0,1,0,1,0
1054978774.599901,626518961.2328019,3767478000.965172,987717637557.6453,500000000,983950159556.68,-3267478000.965172,18.106111831722675,32.59506670103208,28.453896467735973,0.9487679618121478,0.6888096325224901,0.4262036892145205,0.07554772136232216,0.15622994737056015,52.486222186156674,95787.35548973593,40824.92428982821,54962.43119990772,5496243.119990772,1137832.1819335343,63929.721336653594,4358410.938057237,5432313.398654118,864.4155070527897,92.04181778685255,0.7214671471811925,0,1,0,1,0
2347205934.4948845,643289929.6033628,5132314677.164386,4634786393173.401,500000000,4629654078496.237,-4632314677.164386,22.866725750650563,31.273953159256553,49.44368483024749,0.94890656199332,0.7758952142240629,0.4971954355402322,0.10937295583854906,0.26540159047858913,159.35862551793224,290829.4915702263,144599.09572920296,146230.39584102336,14623039.584102336,7139846.692818012,168126.81455362876,7483192.891284324,14454912.769548707,685.8455677578476,34.59031596879089,0.6339388362632447,1,1,0,0,0
1379944297.3161721,524848624.30178875,3652264171.843446,1247128289550.427,500000000,1243476025378.5835,-3152264171.843446,21.26372197748311,27.13308232963466,36.31711029599616,0.9151309669039305,0.8383711364008647,0.5201582439234769,0.04426710169078718,0.20100236798945612,43.38214169578856,79172.40859481413,41182.18102187051,37990.22757294362,3799022.7572943624,865323.3765066053,47010.99421689817,2933699.380787757,3752011.7630774644,1244.9347045445193,133.2618423322563,0.6009245100807554,0,1,0,1,0
2026845334.9272969,507413080.270273,4223678428.330366,3372798946914.636,500000000,3368575268486.3057,-3723678428.330366,27.120243224136196,21.928787839884453,44.41907959027469,0.8828572958988415,0.8413111269594423,0.5360398670778206,0.07394511074745048,0.31691599893160466,89.47053312910953,163283.7229606249,87526.58515178505,75757.13780883985,7575713.780883985,2205263.467911823,210705.1986309923,5370450.312972162,7365008.582252992,786.4663449409815,67.88858348445366,0.6018522791477428,0,1,0,0,0
1815231743.6952033,595601716.2566054,4393875479.215853,1660211825664.0247,500000000,1655817950184.8088,-3893875479.2158527,23.186506747746833,22.117819645740177,34.29685504883107,0.9267257018081704,0.8058469075911494,0.5030064577134558,0.06283903898998856,0.20747173321156162,52.08202322039011,95049.69237721196,47810.60906941505,47239.083307796915,4723908.330779691,1184029.0242038253,143925.3551635865,3539879.306575866,4579982.975616105,1241.2500819035154,109.17071147687822,0.6243552597691464,0,1,0,0,0
1306009622.7273762,474466537.6895748,3360201428.6493683,3172313863889.9,500000000,3168953662461.2505,-2860201428.6493683,18.66359613817106,27.650003091188168,56.29708269193868,0.9261314932099319,0.8182889685959369,0.5252372743143293,0.06426815198972521,0.2941721279769679,113.00893934902447,206241.31431196965,108325.62578022381,97915.68853174584,9791568.853174584,3133912.448434708,296724.6356068701,6657656.404739875,9494844.217567714,504.71235287196475,52.66015834939992,0.6019525114875017,0,1,0,1,0
1736782677.68542,447382952.05119735,3673716731.4290247,2064294090299.749,500000000,2060620373568.32,-3173716731.4290247,26.24486069647855,24.328413502395193,28.967976400716342,0.9332353851142499,0.7608951849372401,0.5176947895629591,0.12834380341655166,0.45920141131143716,54.64844749583068,99733.416679891,51631.47016049109,48101.94651939991,4810194.651939991,2194288.567128928,601806.5362690642,2615906.084811063,4208388.115670927,1404.3763852074082,118.81033456446946,0.6323878751247057,0,1,0,1,0
2072604031.0186129,508508748.14607286,4274180792.9287176,751412014479.4485,500000000,747137833686.5198,-3774180792.9287176,22.183795164266826,31.400726987574842,42.615192702682705,0.956798820690901,0.881203742290658,0.5828583092329888,0.05719666286168536,0.35314398631783606,24.119501337966007,44018.08994178797,25656.309479136165,18361.780462651805,1836178.0462651805,507881.27963541093,108911.47531176986,1328296.7666297695,1727266.5709534106,3217.7905572814225,289.47471595192843,0.5085719334792766,0,1,0,0,0
2359881973.975023,660430258.8142343,5219199372.089924,1069301211948.3701,500000000,1064082012576.2802,-4719199372.089924,17.888705102791477,24.988983764392557,46.67343942947588,0.8889815160447638,0.7517269332367411,0.47724411080685175,0.0643309302793575,0.29963050207528885,44.004301359385096,80307.8499808778,38326.44845493407,41981.40152594373,4198140.152594373,1077329.0372335855,68445.26592510997,3120811.115360787,4129694.886669263,1672.3855366961382,121.0743199489168,0.6810714343831097,1,1,0,0,0
1521085421.4236274,630227144.768442,4249639141.8968687,1129562943485.4172,500000000,1125313304343.5203,-3749639141.8968687,17.471078940339783,30.83639855097252,56.271868491175674,0.8962017592160946,0.6477207605722828,0.4267231880637177,0.10220232231782594,0.4025809412695564,54.43324431370597,99340.67087251341,42390.96777910742,56949.70309340599,5694970.309340599,2847792.292560865,111965.91549855584,2847178.016779734,5583004.393842043,1492.5793599317585,89.55751504539228,0.752292103001432,0,1,0,0,0
1678043386.7432406,469566131.3833755,3711018997.8859305,1019187208280.6609,500000000,1015476189282.7749,-3211018997.8859305,22.925490277745027,33.40610957801108,45.34622529241842,0.8771520455310288,0.7089398350115023,0.42432725271693683,0.07987044867874081,0.1286877311453295,33.04775289877581,60312.14904026586,25592.08850771045,34720.060532555406,3472006.053255541,1127916.1767201552,187058.43969654528,2344089.876535386,3284947.6135589955,1583.138528532402,152.20942883113054,0.736132935333788,0,1,0,1,0
1663434490.5842113,440647684.7613412,3571208361.725922,2941447254152.018,500000000,2937876045790.292,-3071208361.725922,17.695714280028305,26.407435522397414,37.196001533675414,0.8216130385609225,0.7321204461186179,0.4414396413347232,0.08492490382743116,0.21360052710058353,83.72012083609224,152789.22052586832,67447.21870875124,85342.00181711708,8534200.181711707,3275334.928812543,82376.27525132334,5258865.252899164,8451823.906460384,679.0834505138057,59.158828382334285,0.7344653574656367,0,1,0,1,0
1750188854.1850452,537532542.9168,4077423458.4481907,1092828482575.1831,500000000,1088751059116.7349,-3577423458.4481907,13.824570859005478,30.891980512805638,26.37074085466485,0.866394275934523,0.7959936125367928,0.4955008446262172,0.052148862009785635,0.2635349540428979,39.15495036856332,71457.78442262806,35407.39253653035,36050.39188609771,3605039.1886097705,545435.8029189585,15122.396434096276,3059603.385690812,3589916.7921756743,1332.6640562360244,139.27899417885234,0.6582806621102961,0,1,0,0,0
1147030002.9823313,592392734.9147178,3711780528.6467886,552078042630.8228,500000000,548366262102.17596,-3211780528.6467886,18.592342899330333,22.646184433750136,50.54394842993983,0.9151323035905963,0.588247451401565,0.38879007110393127,0.05716188884108804,0.39289619165345313,31.539916464827826,57560.34754831078,22378.891616074747,35181.45593223604,3518145.5932236034,883793.7530511529,23837.30234765578,2634351.8401724505,3494308.2908759476,1408.9919471059748,143.08983592133504,0.7907048783996811,0,1,0,1,0
1592559916.512397,499653426.86430156,3755797771.5221334,620319478056.1865,500000000,616563680284.6644,-3255797771.5221334,13.715989265396829,31.298475335645946,39.95161897819827,0.8341708930883677,0.7867821751938622,0.4601556181209568,0.06626815230372468,0.10272314796331913,22.94388575332821,41872.59149982398,19267.908223927825,22604.683275896157,2260468.3275896157,971088.8939079433,133344.45270440474,1289379.4336816724,2127123.874885211,2912.872404671363,235.05918291993328,0.6979949028642984,0,1,0,1,0
1171396193.4713006,709110216.0449588,4241472330.74393,1825741263072.8298,500000000,1821499790742.086,-3741472330.74393,27.90578500595864,27.896661300248347,34.58396959081042,0.9341539536343307,0.6187668832096007,0.3857036329858109,0.08629712222084451,0.19524639908480856,57.27862656807911,104533.49348674438,40318.94820653591,64214.54528020847,6421454.528020847,2168363.5477037732,93391.95936021286,4253090.980317073,6328062.568660634,997.2681869193692,79.01312519825915,0.7770542244011135,0,1,0,0,0
1603541054.805506,496199541.0598202,3751825391.801717,878942109974.3759,500000000,875190284582.5741,-3251825391.801717,24.732048997337497,23.791711272527692,42.63641514553838,0.8989004215789187,0.7904983087718562,0.5252712578981021,0.08878032301074737,0.42489844234512797,27.896930527598535,50911.89821286732,26742.556816252956,24169.341396614367,2416934.139661437,735140.3249169672,36680.029140814375,1681793.8147444697,2380254.1105206227,2230.8474195285144,210.06160551935236,0.6267531366811473,0,1,0,1,0
1319646744.630581,581463961.761855,3837081401.8911023,823339942984.5447,500000000,819502861582.6536,-3337081401.8911023,16.878422994022962,22.313915612405616,45.27946441033648,0.8786796517379978,0.6623120399723178,0.4369927049045948,0.023554034260656657,0.42468951819894507,29.125581210623988,53154.185709388774,23227.99139014696,29926.194319241815,2992619.4319241815,856904.761890276,116537.2509023327,2135714.6700339057,2876082.1810218487,1796.62642005928,173.8476053637501,0.745687676237524,0,1,0,1,0
1179217223.6441293,400164693.780182,2911720929.7755527,1774096237587.824,500000000,1771184516658.0483,-2411720929.7755527,17.917933321963794,25.070645469722415,35.38946203345882,0.889770117804534,0.8081542212713679,0.5127102182727126,0.1259238001823913,0.2966863334284801,62.23502184206838,113578.9148617748,58233.07022995839,55345.844631816406,5534584.463181641,2090991.7978369403,192014.87166355207,3443592.6653447007,5342569.591518089,845.5474304723239,93.58792458104887,0.6313247062454796,0,1,0,1,0
1679070690.613833,610630399.6989707,4322780760.488499,1655786172380.082,500000000,1651463391619.5935,-3822780760.4884987,16.1183814320603,31.56410119074474,36.92903752744728,0.9201015725911001,0.7346510020419812,0.4772699746392648,0.09995636579029918,0.3367686210306636,51.103045823142885,93263.05862723576,44511.657625801075,48751.401001434686,4875140.100143469,2547483.902394065,275230.0470940206,2327656.197749404,4599910.053049448,1857.1388526656851,108.69777761600616,0.6773876700165773,0,1,0,0,0
1844891179.9141026,693920992.406725,4849205927.800005,747636532845.1711,500000000,742787326917.3711,-4349205927.800005,15.268683990675264,27.086142090518003,33.12412817235037,0.9565236697089076,0.7296985487018744,0.49798754343873874,0.06514577894711004,0.4452141967352581,25.467918614518013,46478.95147149538,23145.938864898333,23333.012606597043,2333301.2606597045,867766.0890932006,79523.40242531597,1465535.1715665038,2253777.8582343883,3308.82944461627,221.84972586060476,0.6524176754294432,0,1,0,0,0
1129674818.0032272,477805443.5242516,3198322338.8418856,1278902955008.1902,500000000,1275704632669.3484,-2698322338.8418856,15.713766939944154,26.843423499764437,38.11432840260504,0.9596280606323699,0.6027648292565525,0.3751094232425955,0.02375983112678027,0.16277457173480575,47.23796798116455,86209.2915656253,32337.91763733446,53871.37392829084,5387137.392829084,1429152.9583494884,77978.62619609569,3957984.434479595,5309158.766632988,808.0684479150582,94.17687848071168,0.783025439765133,0,1,0,1,0
1168756089.4148405,775034382.2475442,4524249366.292351,1087380897764.6287,500000000,1082856648398.3363,-4024249366.292351,13.157426420101942,25.288038486828533,35.40818095264623,0.9591346744466123,0.576006710304842,0.3620927512137189,0.07635550839394276,0.19512924342609958,45.95267873477259,83863.63869095998,30366.415660402985,53497.223030557,5349722.3030557,3236884.220072707,181310.0637446835,2112838.0829829928,5168412.239311016,2141.313810429253,96.74150916155507,0.7999553388203023,0,1,0,0,0
1459145924.8806734,472447973.81524235,3504598405.600565,1308045321286.3013,500000000,1304540722880.7007,-3004598405.600565,16.929090113682292,22.184279152318332,40.5791596454704,0.8817441065790257,0.822029305275408,0.5241537247466812,0.09366874882311192,0.32037740829115796,46.454104166149136,84778.74010322217,44437.092404434734,40341.647698787434,4034164.769878743,1390452.6672893954,21914.455294871543,2643712.102589348,4012250.3145838715,1325.635420803965,124.61834651307323,0.6200831617370808,0,1,0,1,0
2025851576.2338305,553629952.5721092,4422779540.057223,345801510140.00446,500000000,341378730599.9472,-3922779540.0572233,13.498967870694655,19.7107940319612,38.515560082779956,0.8729583446536502,0.7034407698223797,0.45145727839480276,0.09385773099485872,0.3489888909437374,18.9554711469719,34593.73484322371,15617.593381833236,18976.141461390478,1897614.1461390478,526171.5596785996,47235.429994301914,1371442.5864604483,1850378.716144746,3224.9104583167136,270.2149541807027,0.7227716020192285,0,1,0,0,0
1499767504.1578417,533240758.51349217,3808420927.971488,1850438225850.178,500000000,1846629804922.2065,-3308420927.971488,13.818490200118601,27.11201547426407,40.33422747440103,0.9398697421563064,0.6528138613704149,0.4331736335987368,0.08500891929796249,0.37964829890683505,64.52759603807345,117762.86276948405,51011.7671688468,66751.09560063726,6675109.560063725,2370853.2704542503,229129.62006832234,4304256.289609475,6445979.939995403,884.8034763090341,77.56772510222186,0.7342219872914647,0,1,0,1,0
921953818.5106672,659729301.0373434,3778236436.2834215,1023669119662.1215,500000000,1019890883225.838,-3278236436.2834215,19.412503452888743,24.10145635940097,40.44972247226631,0.8502909020110659,0.6073234077207733,0.37512716931983825,0.04834588097413631,0.25695723978346274,34.09659438374346,62226.28475033182,23342.770055682195,38883.514694649624,3888351.4694649624,2497607.424572793,216373.52488194767,1390744.0448921695,3671977.9445830146,2716.70150245106,136.16639520877607,0.8062837415025642,0,1,0,1,0
2046352586.0514598,648286199.5278776,4853092562.799322,831665803151.9347,500000000,826812710589.1354,-4353092562.799322,22.59507955709225,34.42428310503465,51.81751375998204,0.7225003050262321,0.8187445807487155,0.48385156571069654,0.09316870977366892,0.2620989179427667,65.34364546234764,119252.15296878443,57700.34092831783,61551.8120404666,6155181.20404666,1737763.1327590777,486028.711139004,4417418.071287583,5669152.492907656,1098.626501834532,88.1966044528738,0.7137808919803807,0,1,0,0,0
1208463330.145964,499595712.9585029,3371451314.146973,1147362666247.7212,500000000,1143991214933.5742,-2871451314.146973,18.840340309926013,27.642716002139295,45.60491554687835,0.9502596459550671,0.4333478088263664,0.2644349817436565,0.09342735473101081,0.11013761085803683,34.46187413317051,62892.920293036186,16631.088229494268,46261.83206354192,4626183.206354192,1855175.9570318079,78156.23529456653,2771007.2493223846,4548026.971059626,1216.6880165944783,109.93778251132646,0.8911075426477811,0,1,0,1,0
1535070793.7581747,630281612.7019837,4263860331.8789825,2374697822489.9683,500000000,2370433962158.0894,-3763860331.8789825,17.959051463593184,24.583428590958288,47.18173898934866,0.8511120970181989,0.8022328498738982,0.5231534177310677,0.07561255067415266,0.41862965957385384,81.39194540774956,148540.30036914296,77709.36580891653,70830.93456022644,7083093.4560226435,2128083.7833961737,179110.35900062576,4955009.672626469,6903983.097022017,860.5150370208796,72.42196178256452,0.642796034405597,0,1,0,0,0
1427727023.715149,581213329.4787208,3944076574.3529344,940535811895.3733,500000000,936591735321.0204,-3444076574.3529344,21.270160509976318,30.043852200994394,41.27790253334197,0.903887070379486,0.775901688491151,0.5482247147538117,0.054463835330541124,0.5934217356996676,40.044998140197826,73082.12160586103,40065.42527097654,33016.69633488449,3301669.633488449,1004613.0184729645,20155.758489175925,2297056.6150154844,3281513.874999273,1717.0132196878167,152.36869903532275,0.6155149291087777,0,1,0,1,0
2293704025.264126,384956443.00939035,3960363964.482304,3075845352662.6895,500000000,3071884988698.207,-3460363964.482304,27.137743929042667,29.70877911394046,38.79044846018721,0.816408703643586,0.3806758623541542,0.23695187204499218,0.09253141848715693,0.316859136138017,89.41385549220914,163180.28627328167,38665.87431329183,124514.41195998984,12451441.195998983,3967922.928575262,701397.9977253015,8483518.267423721,11750043.198273681,466.8303691511929,42.55303504530605,0.9263584178585229,0,1,0,1,0
913059478.0980489,373137203.38574517,2528548295.1010594,2458380278085.5576,500000000,2455851729790.4565,-2028548295.1010594,17.688074525802733,28.64582940307698,32.94676928747398,0.9549271057535783,0.8385486646140277,0.5442031546641682,0.07125939992235349,0.2978858081157129,116.78309371479877,213129.14602950774,115985.55362013831,97143.59240936943,9714359.240936944,3299581.465576326,849411.5349588664,6414777.775360618,8864947.705978077,394.17550905867705,56.40191195519687,0.5642277732864416,0,1,0,1,0
1810253193.4161136,511565441.31533575,4025063837.0918193,1434438717670.909,500000000,1430413653833.8171,-3525063837.0918193,20.649135204014335,25.834711206538906,41.07829229930872,0.949747892769643,0.7959562508318909,0.5156674301935797,0.11432042366124066,0.29795285856129744,58.37270576104151,106530.18801390076,54934.14829116709,51596.039722733665,5159603.9722733665,2829628.423593414,170664.7551938989,2329975.5486799525,4988939.217079468,1727.5133377997117,100.22170610703505,0.6101771983962465,0,1,0,0,0
1339647791.3729677,415390553.4806011,3138071501.867654,1011805863650.692,500000000,1008667792148.8243,-2638071501.867654,18.204479085284724,29.10170113111749,33.36808189835196,0.8494801798640004,0.6464617490313532,0.44582304903742964,0.09688870879040204,0.578757730774925,37.23037267252582,67945.4301273596,30291.638827539093,37653.791299820514,3765379.1299820514,862862.4391454792,96155.40244433309,2902516.690836572,3669223.727537718,1081.155368296328,136.26860533127854,0.7551734002534745,0,1,0,1,0
1459611964.7308726,608380157.3165792,4093579662.70771,1583572971510.9336,500000000,1579479391848.2258,-3593579662.70771,20.31158897960121,19.070743442560666,34.52317979688174,0.8698409481548046,0.6227499614132055,0.41003826932638326,0.0763157184734344,0.42759912359486474,54.790460878051526,99992.59110244404,41000.78900110687,58991.802101337176,5899180.210133717,2553788.287964245,245856.7971320829,3345391.9221694726,5653323.413001634,1223.6472610518651,88.44355142500592,0.7778849688292264,0,1,0,0,0
2153406775.656192,593264477.5693029,4721931490.806469,1154990921384.7712,500000000,1150268989893.9648,-4221931490.806469,23.484777898116388,23.519033777546674,32.75522032348931,0.8903712582221145,0.803213935029422,0.5322595388182803,0.10250207435477461,0.42549570563902017,50.30458670692231,91805.87074013322,48864.55042095396,42941.32031917926,4294132.031917926,2302752.6460395018,400074.9745069862,1991379.3858784242,3894057.0574109396,2371.1862863959304,128.40078936399493,0.6193500123422071,0,1,0,0,0
837874731.1902583,456206094.09355307,2813008372.5679045,954548575252.624,500000000,951735566880.0562,-2313008372.5679045,21.012815316222756,24.426411945904114,28.456765957771804,0.9511807559541524,0.8403322799236821,0.5442173425927137,0.061320912274906075,0.29536515527298185,36.801263191381665,67162.30532427154,36550.89132597552,30611.41399829602,3061141.399829602,1502917.9674500807,30191.004484208173,1558223.4323795212,3030950.3953453936,1805.266378437292,164.96475850210086,0.5650027824109566,0,1,0,1,0
1397802975.8488412,522628435.4950533,3660510594.732958,336678724634.09515,500000000,333018214039.3622,-3160510594.732958,19.26311847385386,25.28364032716228,46.65966831269061,0.8947656971820694,0.6162262651460564,0.38994891573998985,0.11833002553953076,0.283650700481582,12.40873764289029,22645.94619827478,8830.762165923396,13815.184032351386,1381518.4032351386,694339.1879211251,94466.22859298608,687179.2153140135,1287052.1746421526,5326.864540075256,388.484639435086,0.7849906984788654,0,1,0,1,0
1630267262.1407425,499029385.1283171,3790803343.0130334,2526365292945.561,500000000,2522574489602.548,-3290803343.0130334,13.141200873728241,22.39061447925196,40.82914176214255,0.8707119502775236,0.6106340967487114,0.3772745109146816,0.03065694655493488,0.23575752214039278,100.53383708821144,183474.25268598588,69220.15894754203,114254.09373844384,11425409.373844385,5720365.724776877,577503.7974640077,5705043.649067508,10847905.576380378,664.4652655081161,46.09184662232607,0.7994082714857299,0,1,0,1,0
1260351941.5281963,531424509.20693135,3561141956.3410387,591034157817.8234,500000000,587473015861.4823,-3061141956.3410387,15.200263644633509,24.12233669279349,27.97468979176966,0.9478960312030509,0.6876750926185018,0.4852445311754599,0.08883173834195873,0.54821566441071,31.045201427870033,56657.492605862804,27492.738437108983,29164.75416875382,2916475.416875382,888362.0461775761,51170.92398391095,2028113.370697806,2865304.492891471,1755.888999003921,174.50152374396828,0.6836960255410063,0,1,0,1,0
1554747499.7428775,510716398.42161393,3765882232.0178494,1007596837618.1937,500000000,1003830955386.1759,-3265882232.0178494,22.585152526064228,21.691902881982646,39.87637101195838,0.8120566507095721,0.7529964229169264,0.46430483696252783,0.12666837212668924,0.29299082491222195,40.165930903053365,73302.8238980724,34034.8556988874,39267.968199185,3926796.8199185003,1853990.317392642,372432.1071322281,2072806.5025258583,3554364.712786272,1816.8035595357603,140.67211454168674,0.7160888501084817,0,1,0,1,0
2082180563.9398339,566395657.2127651,4534377348.189111,1624626343979.992,500000000,1620091966631.8027,-4034377348.1891108,19.929691819684052,22.87095575278111,29.960343647956847,0.9047651803091871,0.7576129577653177,0.5105894077031795,0.07372048964571899,0.459938120315684,74.26988192119491,135542.5345061807,69206.58241209858,66335.95209408212,6633595.209408212,1334743.5365597787,226167.95027932827,5298851.672848433,6407427.259128884,855.7283026855564,78.03444031106754,0.650010453108572,0,1,0,0,0
1204404437.764381,652336674.6033603,4028680851.856517,1107504060345.7705,500000000,1103475379493.914,-3528680851.856517,26.495028407249997,28.106521157044632,27.80312938744552,0.9636895211908986,0.7360991364802763,0.5026395869543794,0.09092875208254972,0.43984947469956237,41.47353137050358,75689.19475116904,38044.38558663718,37644.80916453186,3764480.9164531855,946140.6572222658,36087.52169516799,2818340.2592309196,3728393.3947580177,1429.4515499543977,134.10602022388017,0.6434420413063664,0,1,0,0,0
1493553648.1157873,491185684.332356,3620130609.380556,1978912090507.8398,500000000,1975291959898.4592,-3120130609.380556,26.43111311551236,33.83054671811881,34.404646792264344,0.9600535057818911,0.33929977114331455,0.238839311646775,0.030079323542915183,0.5299269477907061,102.66302284566568,187360.01669333986,44748.937417165565,142611.0792761743,14261107.92761743,3601386.6533316304,932205.6815244346,10659721.2742858,13328902.246092996,339.6083740119278,37.51246657589986,0.9221990651613177,0,1,0,1,0
1226705220.2496219,481229436.9836145,3310176840.8909845,654485852892.1471,500000000,651175676051.2561,-2810176840.8909845,26.044048800049453,23.11400664530768,36.58551854167109,0.8256377121056696,0.8043624840500249,0.49256544755497184,0.12070198735086422,0.2571438571709262,30.40649101891085,55491.8461095123,27333.36601458355,28158.48009492875,2815848.009492875,1093873.8859672023,383890.6973168762,1721974.1235256728,2431957.312175999,1922.3150892148892,205.5957139941013,0.6728813749837173,0,1,0,1,0
1475928544.233304,685138105.1874788,4442217986.802697,1898274384788.7842,500000000,1893832166801.9814,-3942217986.802697,16.372214447499942,19.057281593679885,40.97065445196523,0.9780412053749921,0.7874515810657058,0.5259060148687895,0.07766005820460835,0.3606053941831698,87.27383445388419,159274.74787833865,83763.54792592827,75511.19995241037,7551119.995241038,2390817.8489722004,149555.86376894565,5160302.146268837,7401564.131472092,860.8445515181022,67.55328888848732,0.5949681744059508,0,1,0,0,0
1387682567.5056663,522113144.8666589,3648159247.6355553,749058790192.5597,500000000,745410630944.9242,-3148159247.6355553,15.933005814640751,19.548773344345317,35.38971140474502,0.9487725146647153,0.7254587087817053,0.49529073270806817,0.04023644433512271,0.4539299718864577,26.214285556821398,47841.071141199056,23695.239179063297,24145.83196213576,2414583.196213576,775281.3050903712,46038.63092322701,1639301.891123205,2368544.565290349,2225.4346605651363,211.10010228526448,0.659093724757265,0,1,0,1,0
1602236943.142089,524420142.0200772,3872701713.6269135,579827565910.0756,500000000,575954864196.4486,-3372701713.6269135,23.29576058070692,30.412120581813188,32.341454893927406,0.9181921256803858,0.8231766444495426,0.5523919287671598,0.12959166276930953,0.4341990088596313,25.136730668782423,45874.533470527924,25340.72202507855,20533.811445449373,2053381.1445449374,743230.055339011,50882.51955177549,1310151.0892059263,2002498.624993162,2955.919928268832,249.6880615844155,0.5824832260259175,0,1,0,1,0
1561312925.4128842,511154749.1787205,3774345487.0643024,3284899471896.6733,500000000,3281125126409.609,-3274345487.0643024,14.560264842491303,31.807421186968593,52.112580836552596,0.9166567674667737,0.7535327213476126,0.4786209311176496,0.09932805218792945,0.2720431858339411,99.96865273138485,182442.79123477737,87320.9386164921,95121.85261828527,9512185.261828527,1804639.1285104176,137215.8620279466,7707546.133318109,9374969.39980058,489.69482916859835,53.33350741503602,0.669401748552017,0,1,0,1,0
1205903348.9793482,559040581.2878067,3626256503.6007996,1068532723666.8862,500000000,1064906467163.2854,-3126256503.6007996,14.87617578738958,30.114712631033697,47.52371054504104,0.8298959799519088,0.7680395255149867,0.45038424367752666,0.0473421097967193,0.11612196147307317,44.987256640035675,82101.7433680651,36977.33159143239,45124.41177663271,4512441.177663271,1647491.1249656887,88653.84746439435,2864950.0526975826,4423787.330198877,1265.7311425678731,113.02532483574926,0.7129282742013616,0,1,0,1,0
1803122508.9641042,605855323.893382,4426158999.53798,2658110488324.8335,500000000,2653684329325.2954,-3926158999.53798,17.615474484036753,27.59223588435207,47.0838368653624,0.9383497493652471,0.7906723019711892,0.4991660439765839,0.040739856958030896,0.23046233698263766,96.67663030700126,176434.85031027728,88070.28624898187,88364.56406129542,8836456.40612954,3713783.370261784,355655.1068839162,5122673.035867756,8480801.299245624,864.033087520334,58.956693165830394,0.6296551564286489,0,1,0,0,0
2042877231.8758366,665938274.6370971,4926041455.997288,1152405585660.868,500000000,1147479544204.8706,-4426041455.997288,18.799793591187058,29.734390608692514,40.66184183872788,0.8015435175820343,0.7613112356059847,0.4780699841524026,0.08094192557903791,0.35908740327247296,42.43587404168078,77445.47012606743,37024.35467584443,40421.115450223006,4042111.5450223004,1790887.8021014961,117202.39360128123,2251223.7429208043,3924909.1514210193,2188.161648298048,127.39148365229657,0.708270180990181,0,1,0,0,0
1673425935.2513483,650486506.0585389,4489692087.791945,1119303988516.6104,500000000,1114814296428.8184,-3989692087.7919455,25.191140164102297,20.680346229064224,53.34848009601221,0.8769697223481029,0.6848328155989697,0.4287089524047248,0.051960301476076526,0.26949361286236934,56.82154090422974,103699.31215021928,44456.82347701106,59242.48867320822,5924248.867320823,2986419.567188718,259054.8121366865,2937829.3001321047,5665194.055184136,1528.2344987130664,88.25823001463777,0.7425269873384567,0,1,0,0,0
1626868813.1279988,514834673.82067424,3855833522.6664352,1554962812976.1052,500000000,1551106979453.4387,-3355833522.6664352,24.77853119651411,21.787351994019232,29.9849310606872,0.9080068381517945,0.7204029904413822,0.4713875579083416,0.09895391733371567,0.3705386544010998,37.037287281055534,67593.04928792635,31862.522435413768,35730.52685251258,3573052.685251258,317139.20806777984,10830.061059751868,3255913.477183478,3562222.624191506,1184.2555245054966,140.3618057457826,0.6916508600512079,0,1,0,1,0
1312243649.265117,478127508.7700338,3382285544.0718107,2634906376230.4536,500000000,2631524090686.382,-2882285544.0718107,15.351359167416629,26.858189754404286,49.676236239607626,0.9712655388566027,0.8212644119317061,0.5185722442348852,0.07081304116051401,0.19626526153896884,98.88894857238924,180472.33114461036,93587.94178396197,86884.38936064839,8688438.93606484,2645016.600158259,363379.9792500312,6043422.33590658,8325058.956814808,559.6639380928572,60.05963472375233,0.5863526447441507,0,1,0,1,0
1648027393.769002,656071619.11525,4488474162.991465,916622158597.7002,500000000,912133684434.7087,-3988474162.9914646,21.099533062941518,32.51373495217674,40.5858051403266,0.8055125882519591,0.706676558271119,0.4330717418900985,0.05606304728667763,0.281352505400334,43.82220398537275,79975.52227330527,34635.13873947068,45340.38353383458,4534038.353383458,1291963.089880636,40154.086811887035,3242075.2635028223,4493884.266571571,1384.4447763195974,111.2623223787325,0.7534795999716873,0,1,0,0,0
1946456290.744332,682870303.996134,4902927340.96217,2763891990016.2744,500000000,2758989062675.312,-4402927340.96217,16.37969447605682,23.069339971463098,40.73964861568303,0.9611282354118925,0.9160684409211123,0.5696637959787991,0.12758864960393135,0.15883386525033732,81.82824101347632,149336.5398495943,85071.62016905908,64264.91968053521,6426491.968053522,3724154.1943970416,115197.38120582979,2702337.77365648,6311294.586847692,1814.3280935336647,79.22304895131435,0.49843424477913467,0,1,0,0,0
1333993252.4714775,451587118.8935133,3289129148.478329,680785600865.321,500000000,677496471716.8428,-2789129148.478329,15.859887672003318,26.012756111080677,33.57964380766118,0.9425034690477556,0.8263571605532316,0.5183881832167623,0.12018954464717797,0.20625740796308545,25.01080502286841,45644.71916673485,23661.683042283006,21983.036124451846,2198303.6124451845,371057.1781043663,20980.93390186942,1827246.4343408183,2177322.6785433153,1800.0468282018496,229.6398255193451,0.5962562195644958,0,1,0,1,0
1331344225.5795581,441749974.3394085,3243890433.7337904,2178941282898.3574,500000000,2175697392464.6235,-2743890433.7337904,17.27560835660306,32.285846071452276,40.08779966633836,0.8618754545998112,0.8005671518238912,0.47295175251447513,0.07743740664569852,0.1037953386960582,84.09478296051007,153472.9789029309,72585.31433575823,80887.66456717266,8088766.456717266,3215851.0096899346,366664.90077875793,4872915.447027331,7722101.555938507,665.6980752072541,64.74921320032192,0.6736684090886568,0,1,0,1,0
1715972189.1327875,506280737.42083037,3907902830.5860395,595415843442.5549,500000000,591507940611.9689,-3407902830.5860395,20.965633135705676,22.62910544460893,39.71410247947824,0.90697619074248,0.47744918071080106,0.3117081191767136,0.13773433505861174,0.36488664613201804,24.53456592827959,44775.58281911025,13956.912705586026,30818.670113524222,3081867.011352422,1187166.8008352094,64709.92618372797,1894700.2105172127,3017157.085168694,2062.5441475616162,165.71891548432393,0.8650194623951614,0,1,0,1,0
1733158888.6786478,583770028.6776452,4260577608.8519964,1447537163664.7373,500000000,1443276586055.8853,-3760577608.8519964,18.345527825521522,23.55581417028488,45.777174636955465,0.9065713847648965,0.8859372348210245,0.559391601530758,0.06297360880959262,0.2644756572652493,47.193431083007795,86128.01172648922,48179.28641634071,37948.72531014851,3794872.5310148513,1803732.0297682832,183576.70476627396,1991140.501246568,3611295.8262485773,2139.7674379003543,138.45445625522217,0.5507160509264962,0,1,0,0,0
1601104650.7245934,556447078.4035468,4010229295.1134276,955153181908.544,500000000,951142952613.4305,-3510229295.1134276,19.96402364809613,24.19085733336366,45.066570343581795,0.9227647494812252,0.4740497569384368,0.3360653732813055,0.09551845753579224,0.5847888947883657,42.074160825758405,76785.34350700909,25804.895128216278,50980.44837879282,5098044.8378792815,1979399.363668508,144913.3908430526,3118645.4742107736,4953131.447036229,1285.8881614712184,100.94624084712743,0.8529927711986441,0,1,0,0,0
1275532317.6640213,487492974.79025775,3386121779.11486,3286759338470.1064,500000000,3283373216690.9917,-2886121779.11486,20.764343733782614,27.507756670588925,39.00992098516367,0.9460904159374869,0.6851855593319182,0.4132143224637448,0.055074142918904265,0.07655914498035817,149.89740186337733,273562.7584006636,113040.04986384332,160522.7085368203,16052270.853682032,2308214.879298702,140139.98199950112,13744055.97438333,15912130.87168253,246.36990604709678,31.422567098779183,0.7321348522908779,0,1,0,1,0
1536200623.8276696,729519159.1215059,4694636804.022441,1736071065384.0725,500000000,1731376428580.05,-4194636804.022441,22.998053262336345,26.025929037468718,36.65148763931315,0.9721629257367039,0.6322361817330433,0.42475456584360344,0.1353858055782101,0.3840082551764238,75.02106873505319,136913.45044147206,58154.61320041718,78758.83724105488,7875883.724105488,2149547.73689177,497872.8915585731,5726335.987213718,7378010.832546914,819.8325795945351,67.76894360121159,0.7389303079287337,0,1,0,0,0
1816474288.5937073,426831388.89322954,3664430829.099895,1126658941621.2576,500000000,1122994510792.1577,-3164430829.099895,24.94091818656644,34.17214461133293,39.44725052298027,0.9752228708348878,0.7297441869765052,0.4554921744751714,0.10741834754506047,0.1555962003036093,36.323959239414904,66291.2256119322,30195.13450260317,36096.09110932903,3609609.110932903,1242884.2606667792,28291.065088220254,2366724.8502661237,3581318.0458446825,1548.312989863546,139.613403110103,0.6758429719734805,0,1,0,1,0
2248788747.6070952,492571295.31424385,4381364679.292518,1640560156808.2737,500000000,1636178792128.9812,-3881364679.2925177,20.35740199340918,27.798996336278538,28.089226310097118,0.8335390651301777,0.7945419475925846,0.4763235734637215,0.04935422559610914,0.18230215367148978,55.810076160970674,101853.38899377148,48515.170214903716,53338.21877886777,5333821.877886777,623067.094587685,107905.43816173311,4710754.783299092,5225916.439725043,930.0770005744404,95.67699862156752,0.6845395891508361,0,1,0,0,0
2006848004.5048804,695215565.3880637,5016767575.911917,923370265729.3069,500000000,918353498153.395,-4516767575.911917,18.759565406964555,26.474811216302633,43.311274262860785,0.8941840349488955,0.7769708659905725,0.5161361441484033,0.023660668207258907,0.4288068158443472,25.155450186503455,45908.69659036881,23695.137641031906,22213.558949336904,2221355.8949336903,580337.6883013095,78647.44863430053,1641018.2066323808,2142708.44629939,3057.1065912834006,233.34952585991604,0.6414118620813808,1,1,0,0,0
854672295.858645,624474943.4931862,3558321995.1058936,977196715584.6488,500000000,973638393589.543,-3058321995.1058936,23.828602621133093,24.761806757727086,31.682906586468555,0.8833008982257864,0.57076887448213,0.3568537086357521,0.10876083445487635,0.2588738398056095,25.011192366895468,45645.426069584224,16288.739575190173,29356.686494394053,2935668.649439405,1049287.5427424156,74329.05988387097,1886381.1066969896,2861339.589555534,1886.3219009526842,174.74332715525998,0.8200883989058287,0,1,0,1,0
1517437935.0334284,621054504.4811096,4206278923.3745756,1122849682375.2378,500000000,1118643403451.8633,-3706278923.3745756,15.695964507391945,25.928713997121758,37.202964084433304,0.8369927927285743,0.8207353816552734,0.5087683158314241,0.043637821905644025,0.28227808213218475,27.172582246284474,49589.96259946916,25229.801753875236,24360.160845593924,2436016.084559392,962062.7714262239,23552.5011915702,1473953.3131331683,2412463.5833678218,2853.7395899150492,207.25701455024466,0.6505018093626953,0,1,0,0,0
1908400655.2190747,467692466.9305361,3933264279.8246064,803586369124.9626,500000000,799653104845.1381,-3433264279.8246064,15.903383320780485,24.91234116953352,54.474483723705646,0.9033578425480893,0.8426004731221093,0.5366912449881953,0.0801436868150211,0.29450270260123795,44.59267012740161,81381.62298250795,43676.80455764212,37704.81842486583,3770481.8424865827,1677918.3908173256,200276.86082995823,2092563.4516692571,3570204.9816566245,1879.639194064584,140.04798115765138,0.5914868616243776,0,1,0,1,0
1703218920.7504237,560749458.9319048,4130970621.26496,774022033272.773,500000000,769891062651.5079,-3630970621.26496,20.399907040483946,30.677922654386236,36.46795067830845,0.9100424582510961,0.6905368610523536,0.4340330468029062,0.11532037927112122,0.24679172941364574,26.675166864330997,48682.17952740407,21129.674705285255,27552.504822118815,2755250.4822118813,632095.500631148,70381.85664167529,2123154.9815807333,2684868.625570206,1945.6754957141027,186.2288512883237,0.7272458804541893,0,1,0,0,0
1011344487.545369,526426346.6556917,3290495074.1965985,1694324523104.0427,500000000,1691034028029.8462,-2790495074.1965985,23.214274013663978,29.05348711443274,38.179664588859,0.9340985432244755,0.6291696370114295,0.41327974583482646,0.04589393173995318,0.355454170367033,57.051462810179416,104118.91962857744,43030.24064069521,61088.67898788223,6108867.898788223,1953349.9966617876,97766.24949342667,4155517.902126435,6011101.649294796,791.837540276943,83.1794285259938,0.757112831283691,0,1,0,1,0
1298735104.3490853,560556602.8861192,3725651839.112603,2867272133831.48,500000000,2863546481992.367,-3225651839.112603,14.832339719407983,26.075135964592572,35.57845707782944,0.9220431196753359,0.7319864603714941,0.477940429041695,0.08870098610891478,0.3498429647216802,109.37249633879976,199604.80581830957,95399.20653158709,104205.59928672248,10420559.928672248,2709583.453603014,51924.00146167939,7710976.475069234,10368635.92721057,483.1621327283523,48.22235089649955,0.6774269738226901,0,1,0,1,0
1864374800.2071936,656319228.9174736,4705893590.291802,917830409813.9674,500000000,913124516223.6757,-4205893590.2918024,20.152467360818363,24.613158459266923,34.42707959760893,0.9382487949731462,0.8229497035232003,0.5139376143429628,0.025258026426966312,0.1967256891132554,33.127687657325446,60458.02997461894,31071.655693030996,29386.374281587945,2938637.4281587945,317366.10296868643,23676.47688029176,2621271.3251901083,2914960.9512785026,1795.2714566663587,171.5288843854666,0.6031725441609339,0,1,0,0,0
1468948283.8860807,429161468.32054925,3326992848.9135656,2860682796263.7373,500000000,2857355803414.8237,-2826992848.9135656,16.096745281783292,27.302574929482113,30.02789871363017,0.7647092207031017,0.7942283404555391,0.4839736779839148,0.042213846240383386,0.30863658350426315,132.48965423757835,241793.6189835805,117021.74709252478,124771.87189105572,12477187.189105572,3288808.6023525367,177821.16527380614,9188378.586753035,12299366.023831766,362.08704479266015,40.652501846939025,0.7060567788943943,0,1,0,1,0
2217501464.3983016,401227384.0159625,3954606063.1136436,956743778884.6372,500000000,952789172821.5236,-3454606063.1136436,27.8568285520453,23.16007637846225,45.44657125137031,0.8735493233320454,0.7558397576528567,0.5064219729580293,0.0647925808682507,0.47413298246858443,26.958975980785443,49200.13116493344,24916.027494339414,24284.103670594024,2428410.3670594026,929348.5417506499,62423.519644336135,1499061.8253087527,2365986.8474150663,2638.054012414823,211.3283091773184,0.6656281524628627,0,1,0,1,0
1428624004.0391665,429076113.6834415,3286299028.1565633,1583346961864.5896,500000000,1580060662836.433,-2786299028.1565633,19.639098408488785,23.15831560835602,44.04617325960975,0.8709895751013007,0.8206031547718419,0.5391732244625327,0.042734712054568136,0.4203015583180634,59.605596295018294,108780.2132384084,58651.37832947454,50128.83490893386,5012883.490893386,1842357.3580673789,193545.91766032204,3170526.1328260074,4819337.573233064,1036.515357540158,103.74869832257336,0.6146330586214469,0,1,0,1,0
2063583419.098051,585207155.9853766,4597224148.42295,1454661146305.7896,500000000,1450063922157.3667,-4097224148.42295,22.02605868973726,29.678270174753152,39.49555991034548,0.950889484151687,0.8403129826448115,0.570801750293954,0.08257909279508317,0.4372072643368485,62.11841845819915,113366.11368621344,64709.576116114,48656.53757009944,4865653.757009944,2876029.102520837,81918.70571239838,1989624.654489107,4783735.051297545,2310.598704157804,104.52083876685008,0.5439038418158192,0,1,0,0,0
1089394650.88703,526578176.42032623,3369202580.962152,781471608333.6832,500000000,778102405752.7211,-2869202580.962152,14.359763756396289,23.394584680727085,50.6143649330511,0.9083462079667234,0.7409140013292103,0.5000818011933718,0.07228224387114086,0.4606907362581285,42.00488969652837,76658.92369616429,38335.732639523085,38323.191056641204,3832319.1056641205,1277374.1716435507,244288.80065630155,2554944.9340205695,3588030.305007819,1318.6987070050986,139.35222322457793,0.6634417355029878,0,1,0,1,0
2348925738.2923775,588596028.8354784,4897238513.561525,1181827703714.9316,500000000,1176930465201.37,-4397238513.561525,25.89011218391539,25.59277672562588,44.13030194134294,0.8521498493063622,0.6151789667004012,0.4142871810937682,0.04575030771202128,0.5098770816599852,48.00531710201558,87609.70371117844,36295.577186964365,51314.12652421408,5131412.652421408,2571161.5689360565,418826.23985181755,2560251.083485352,4712586.412569591,1912.79618829211,106.09885023357468,0.7828204417868193,0,1,0,0,0
2406091836.3722224,627729192.1483681,5123830729.252513,1180435533195.0398,500000000,1175311702465.7874,-4623830729.252513,21.005202905900777,29.5646238356034,29.46113145288721,0.8277662745584609,0.5149775736938195,0.3011940961218378,0.07797424973657231,0.11008242681211902,35.062371181609635,63988.82740643759,19273.05703257825,44715.77037385934,4471577.037385934,1300902.3230599961,63604.575931727275,3170674.714325938,4407972.461454207,1616.0064310923178,113.43083568971483,0.8716066591329906,1,1,0,0,0
1422847672.7419207,479174621.634145,3497423018.2653017,1164758738231.413,500000000,1161261315213.1477,-2997423018.2653017,20.91894018390665,25.8935400115341,25.268990994054537,0.9040700663593239,0.680491454102071,0.410170570944437,0.04790591568440479,0.12134462707246753,39.80421741902915,72642.6967897282,29795.896417186435,42846.800372541766,4284680.037254177,1969356.971172204,4343.162413701898,2315323.066081973,4280336.874840475,1510.5550795482282,116.81323564483102,0.747658161548491,0,1,0,1,0
1860206837.1925416,494459274.1356055,4000956729.139694,578708515117.9147,500000000,574707558388.775,-3500956729.139694,15.541553375957463,22.497563913144653,43.38453450911618,0.9922407133371749,0.6181147512554963,0.3983158671839263,0.0855619132815677,0.23771956446326356,32.738015466687315,59746.87822670435,23798.12961240219,35948.74861430216,3594874.861430216,2031119.4442550023,195510.4077164358,1563755.4171752138,3399364.4537137803,2558.5565908811172,147.08631769498965,0.7557054613335372,0,1,0,0,0
1981827060.2997873,579852634.9581184,4492285515.754769,1095076959124.0332,500000000,1090584673608.2784,-3992285515.7547693,15.684854932949062,23.84963986619274,35.6208870551719,0.8148916950423789,0.7809393297960187,0.46543913263807074,0.07100374227403124,0.18468011586503308,37.291171443995005,68056.38788529088,31676.106147809893,36380.28173748099,3638028.173748099,1409929.7870519208,149825.58218544855,2228098.386696178,3488202.59156265,2016.1971044806176,143.34029829844525,0.7038033913490165,0,1,0,0,0
1994247708.4174898,513367516.6069873,4216860395.02712,560201954691.8638,500000000,555985094296.8367,-3716860395.02712,15.36947503589363,25.387582612646497,46.06109130529824,0.9628296862857875,0.34116864099229144,0.2488175496614675,0.14626718217301854,0.6249912062418638,23.223857451569586,42383.539849114495,10545.768531235832,31837.771317878665,3183777.1317878664,738877.8770650999,10824.120733704965,2444899.2547227666,3172953.0110541615,1724.7583461287777,157.58191131670216,0.9182665960195697,0,1,0,0,0
1682687583.8840365,525353198.32371897,3957191999.8678637,1974323424960.346,500000000,1970366232960.478,-3457191999.8678637,17.69632346267331,31.46232025224952,30.25220585705611,0.8360140990559807,0.8728862230721322,0.5231306118314104,0.06370416310705229,0.1785856412444384,99.5352216743131,181651.77955562144,95027.60657919673,86624.17297642471,8662417.297642471,3808038.5594391874,576481.4391877055,4854378.738203283,8085935.858454766,815.1799052524095,61.835761345694216,0.618247952609061,0,1,0,1,0
1858950480.4735723,623125478.1543694,4556757701.018588,2471326054390.1904,500000000,2466769296689.172,-4056757701.018588,19.9071579208073,21.760991955397316,47.02613481434864,0.9227681571285502,0.8560657581123299,0.5634003672701874,0.02676091592904455,0.3726421640534508,75.22254449500326,137281.14370338095,77344.2467817562,59936.89692162475,5993689.692162475,1713586.4821882106,116304.53023002658,4280103.209974264,5877385.161932448,1064.6373410808446,85.07184508486476,0.5549417548033186,0,1,0,0,0
1786397436.6149168,386954147.49021345,3461706390.7776327,1983816197450.3423,500000000,1980354491059.5647,-2961706390.7776327,24.172331924751237,22.414832397410322,46.8309993435142,0.9557774707749456,0.8021119955016904,0.5172401265232731,0.10243807091372838,0.2775449367157658,71.23217548598902,129998.72026192996,67240.55451614424,62758.16574578572,6275816.574578572,3181849.6225564345,90905.98931190826,3093966.9520221376,6184910.585266664,1118.8569381825976,80.84191244269094,0.6034627323310984,0,1,0,1,0
1833567906.253475,480246126.85363394,3912782308.627092,986671672463.6782,500000000,982758890155.0511,-3412782308.627092,17.50467857069416,32.444150640317396,39.64475311280998,0.9527783382984417,0.7446823151863837,0.47106271953696344,0.12915229725058597,0.2213884790009803,34.5684779358761,63087.47223297389,29718.15623877735,33369.31599419654,3336931.5994196543,1890368.3255827182,206384.9661194637,1446563.273836936,3130546.633300191,2704.88154883722,159.71651553802442,0.6657729081851991,0,1,0,1,0
1971959146.0489705,594957735.0571617,4547814779.990303,1324182282347.3674,500000000,1319634467567.3772,-4047814779.990303,18.295663550568552,19.155914862248583,42.12031508319223,0.8521650541911066,0.920069717252956,0.5537347511293483,0.04632162366402503,0.17394978418059473,69.43665961342379,126721.90379449842,70170.3218602838,56551.58193421461,5655158.193421462,2181491.0744871474,456547.93834143574,3473667.118934314,5198610.255080026,1309.225848153673,96.17955096968568,0.565843570415167,0,1,0,0,0
1652108694.2072344,553520895.1774402,4048564496.584648,1527220403594.8328,500000000,1523171839098.248,-3548564496.584648,17.663914446299938,30.439015359436407,41.142023896584696,0.8837774267100756,0.8142001129424807,0.5433880258625023,0.0684487317681211,0.45267617886689127,57.78639400175321,105460.16905319961,57305.7930689439,48154.37598425571,4815437.598425571,2072945.084736598,5247.439858996698,2742492.513688973,4810190.158566575,1476.2353867427173,103.94599454858118,0.6089933649886424,0,1,0,0,0
1485202796.736168,483215877.68426037,3577274666.0485682,1254534344281.637,500000000,1250957069615.5884,-3077274666.0485682,15.981866948085578,23.373236281963397,31.963368156314992,0.9403596469848289,0.751471055684521,0.46837376732129826,0.03962731597052223,0.18827366492809097,42.71062135070479,77946.88396503624,36508.275693660114,41438.60827137612,4143860.8271376123,949877.8929874499,37069.15256002701,3193982.934150162,4106791.6745775854,1120.0043142999418,121.74954066824652,0.669022245671095,0,1,0,1,0
1759292949.1725585,655924321.5176332,4599101996.8825,543528216282.13696,500000000,538929114285.25446,-4099101996.8824997,18.790187510267636,25.491508205754855,48.13068325029643,0.977948087302341,0.8516406543880642,0.5272217112145463,0.03383111113245073,0.12640715931897714,22.340893109124558,40772.129924152316,21495.952108473393,19276.177815678922,1927617.7815678923,1183475.5687330398,104994.07052487147,744142.2128348525,1822623.7110430207,6180.407343593581,274.32980102835836,0.5608979415828603,0,1,0,0,0
1664317182.2567744,509927935.07990885,3872038280.888187,2497926222274.436,500000000,2494054183993.548,-3372038280.888187,20.012994463011992,29.06883449983949,41.232740808954844,0.9032236860495929,0.8599085905684954,0.5215708093708195,0.05126827247625537,0.1423227129504423,81.88961274389949,149448.54325761658,77947.997666165,71500.54559145158,7150054.559145158,2533345.3125352343,124396.41986383595,4616709.246609924,7025658.139281322,838.7009174839084,71.16770985545656,0.5949012688169243,0,1,0,1,0
1139542689.732261,667977734.1300175,4031536706.149008,604237821044.3379,500000000,600206284338.1888,-3531536706.149008,18.476820553690327,18.921704153140023,45.187772526026684,0.7960590002806816,0.653617031481869,0.44735511429557995,0.11775669247584317,0.6098418233288859,20.64437131391541,37675.97764789563,16854.541286872063,20821.436361023563,2082143.6361023562,1051809.1541504727,33602.66351220593,1030334.4819518835,2048540.9725901503,3912.842651360745,244.07615307191347,0.7672332066095505,0,1,0,0,0
1494243808.4511893,653042520.2220148,4321576164.682357,650654953986.5294,500000000,646333377821.847,-3821576164.682357,23.4991341772864,22.861280118981746,46.37349552118185,0.845044395636278,0.8833313421240901,0.5252797489857732,0.10547848695683561,0.14377337123387418,30.62844578362652,55896.9135551184,29361.51672131206,26535.396833806342,2653539.683380634,507882.08298850915,5449.685553847269,2145657.600392125,2648089.9978267867,2014.103351761519,188.8153349811887,0.6079027251148685,0,1,0,0,0
1332718955.5920963,605679765.2925631,3954995369.299398,2473769788727.517,500000000,2469814793358.218,-3454995369.299398,15.568312557231327,28.003519556393595,35.40849500410127,0.9429029001119175,0.8721955425800197,0.5322532016847334,0.0757525791882327,0.1183386859251524,105.29942152642717,192171.4442857296,102283.86649345896,89887.57779227065,8988757.779227065,2392827.8757710457,81308.69351149666,6595929.903456019,8907449.085715568,599.6114918121142,56.13279348425635,0.5622772521298582,0,1,0,1,0
1948077915.3692753,471233032.6210569,3988270336.5327525,1832643765818.734,500000000,1828655495482.2012,-3488270336.5327525,25.74640290442242,28.06663177852598,39.241967150464134,0.8964389763681972,0.5639015814953154,0.36820916510886986,0.07347886024639405,0.3761255390519264,59.82096571371936,109173.26242753783,40198.59581065526,68974.66661688258,6897466.661688258,519690.6629821858,37824.16799924379,6377775.998706073,6859642.493689015,625.3387289459359,72.8900960159379,0.813869031147797,0,1,0,1,0
2675329390.340782,628949639.0863734,5398352179.766909,1307602906568.6125,500000000,1302204554388.8457,-4898352179.766909,27.929871293870207,25.99986419718204,39.290972790931534,0.9089803137545737,0.7236327007333961,0.502719510555109,0.11094087884418763,0.5418054712085191,36.6710305144777,66924.6306889218,33644.31758401619,33280.3131049056,3328031.3104905603,1184044.8973028378,73723.07611033367,2143986.4131877227,3254308.2343802266,2517.9040998401333,153.64248374439046,0.6693272536314245,1,1,0,0,0
1773469553.647704,466791948.9125714,3794434406.502975,773032145170.1193,500000000,769237710763.6163,-3294434406.502975,16.395685924552254,24.171128262632028,35.32853481609504,0.9611199738960655,0.6391584986999269,0.4169968484960393,0.09028476762938453,0.3075310939610095,23.775734713303482,43390.71585177885,18093.791764178914,25296.924087599935,2529692.4087599935,1126945.5455854766,312732.189314457,1402746.863174517,2216960.2194455364,2705.00295250413,225.5340423406652,0.7438355001667643,0,1,0,1,0
1687383388.1384063,573261949.5671308,4169307624.9496403,615183845567.9746,500000000,611014537943.025,-3669307624.9496403,16.768565668341648,21.559578638807054,33.043584144123145,0.8675039887671355,0.5527650592454942,0.3728330884793059,0.10658451612981004,0.4990784326526939,20.503694848800677,37419.243099061234,13951.131973180954,23468.111125880278,2346811.112588028,1130419.1940715378,46428.55273625467,1216391.9185164901,2300382.559851773,3427.602207382734,217.3551515849685,0.8212168800286674,0,1,0,0,0
1635453333.8767931,660942512.1775973,4496988520.977826,1998112942146.8599,500000000,1993615953625.882,-3996988520.977826,19.29156794469837,25.3548817386703,32.86527988987263,0.9812744023796008,0.8178161123995974,0.5429353253126508,0.13946338627187121,0.33956455084036424,73.6466819652205,134405.1945865274,72973.32804654638,61431.86653998101,6143186.653998101,810742.901644166,111934.9558746733,5332443.7523539355,6031251.698123428,843.3260114544464,82.9015310628755,0.5642933063624749,0,1,0,0,0
2365408441.7436156,559240149.0445346,4786625620.31203,1301269414944.095,500000000,1296482789323.783,-4286625620.31203,19.894888532331642,26.29531553413473,47.51659646979396,0.7773330663305962,0.689991013795014,0.42364302668319975,0.07927882707073865,0.3176892849509067,61.91694830933763,112998.43066454117,47870.99717717791,65127.43348736326,6512743.348736326,2548718.2637926815,62328.56035163634,3964025.0849436447,6450414.78838469,1207.516480784349,77.51439502779786,0.7727778635194905,0,1,0,0,0
1553262868.5181007,629121704.8779453,4277030612.7746525,3784838890622.747,500000000,3780561860009.9727,-3777030612.7746525,15.073493913061963,32.52273942746072,30.815431004745864,0.9157409808086012,0.785982054420534,0.5098584292985219,0.04652793395093274,0.33678899270515494,109.94529929461319,200650.17121266908,102303.18113297095,98346.99007969814,9834699.007969813,2479599.365242493,244764.45081062464,7355099.642727321,9589934.55715919,581.5054615886482,52.13799917192701,0.6330263478779756,0,1,0,0,0
1959882951.8424346,404906367.3561467,3712915623.100744,1559988619903.7024,500000000,1556275704280.6016,-3212915623.100744,23.349092898670122,27.721444674964403,46.860925100159164,0.9883942468135148,0.7407486045562607,0.48624849205785264,0.04694995655286835,0.2983297575242049,59.68027048812492,108916.49364082798,52960.4807930813,55956.01284774668,5595601.284774668,1203897.8031420577,266625.102780206,4391703.48163261,5328976.181994461,845.4385954400711,93.82665317390598,0.6439923598154014,0,1,0,1,0
1851107023.633094,564513550.7932353,4295155272.047371,2768119014094.932,500000000,2763823858822.885,-3795155272.047371,21.693038203488342,29.638720947899074,52.83528498386586,0.932027198667364,0.6816163697569313,0.4505608934613796,0.027214841853495028,0.3762521127375814,87.48918036158025,159667.75415988397,71940.04597124923,87727.70818863474,8772770.818863474,3592660.4116259813,62557.452740615285,5180110.4072374925,8710213.366122859,829.1628815567929,57.40387508125566,0.7137654247481491,0,1,0,0,0
1660666073.8614612,376862432.87568426,3292283185.0339093,1962573707073.1653,500000000,1959281423888.1313,-2792283185.0339093,17.716983419040524,18.726404196383314,51.10180476064544,0.8476842733549118,0.7743621660414295,0.5085362421790662,0.07433446170634782,0.4425017278765244,90.76285941077762,165642.21842466915,84235.07130388534,81407.1471207838,8140714.71207838,2920511.4749409743,282625.847672198,5220203.237137406,7858088.864406182,630.6810358669661,63.628702681740904,0.6661893707309621,0,1,0,1,0
816574518.560606,559062656.21023,3237023246.043695,1493206044165.001,500000000,1489969020918.9573,-2737023246.043695,16.654647880031476,23.441691731632634,40.343525504305475,0.9202701333553498,0.8015663505288279,0.5007028443841967,0.03270887362926627,0.2166607072359556,48.34663230382063,88232.60395447265,44178.31576742877,44054.28818704388,4405428.818704388,1287235.4280968385,187612.47661649543,3118193.39060755,4217816.342087893,1038.1085585628132,118.54475383641082,0.63065275537069,0,1,0,1,0
1587198008.2655084,516699965.6377141,3824238455.2097373,1425827555665.9395,500000000,1422003317210.7297,-3324238455.2097373,22.59102545179345,22.056873069505997,42.462989268354306,0.9568636044699317,0.773641710368836,0.5357349058390066,0.07072188596792547,0.48671025992233213,60.37448461250089,110183.43441781413,59029.11186284602,51154.322554968116,5115432.255496811,919578.0848442062,87046.51514156655,4195854.170652605,5028385.740355245,911.4326427162106,99.43548999975408,0.6034117379315729,0,1,0,1,0
2124709331.84866,492874592.47458005,4258598381.514026,2481257183204.011,500000000,2476998584822.497,-3758598381.514026,19.067495914252504,29.37607771064449,45.245521702330265,0.986670242418588,0.6908874952246175,0.4828180544549019,0.10511374667639235,0.48415360084783454,87.04051497060107,158848.93982134695,76695.13607676653,82153.80374458042,8215380.374458042,2003856.5969337164,56337.63591493739,6211523.777524326,8159042.738543104,685.5964066213942,61.281698849058984,0.6708734903515114,0,1,0,0,0
1134739014.4396317,496925777.91142803,3286167576.9422307,569428307305.0549,500000000,566142139728.1127,-2786167576.9422307,21.637876380671955,27.293161157111463,52.11979404105993,0.9695347643362432,0.6886998895164221,0.47671743703819525,0.048077649917203216,0.47333269113643744,32.5045039775411,59320.71975901251,28279.22148677747,31041.498272235036,3104149.8272235035,961342.6371099738,101570.45191517683,2142807.1901135296,3002579.3753083264,1533.5806189674602,166.5234911395661,0.6816869551293018,0,1,0,1,0
1742802400.4202778,648828541.2192562,4551890432.868474,2518346082064.018,500000000,2513794191631.1494,-4051890432.868474,16.37395992210502,27.534408565517136,34.977024082558685,0.9056852842134325,0.5175747555423525,0.32104869257335716,0.07427237502921549,0.21042314255565944,74.80469480746514,136518.5680236239,43829.10777597137,92689.46024765252,9268946.024765251,1786056.6807047157,95594.9025605139,7482889.344060536,9173351.122204738,608.306527542264,54.5057082563552,0.8495052663735261,0,1,0,0,0
1486945453.7785757,520927815.06614596,3742290276.1901402,2224140607445.3965,500000000,2220398317169.2065,-3242290276.1901402,16.379982432336497,21.832565068071453,48.44694778863644,0.8826796387354015,0.552197646016757,0.37009136393487607,0.10235661569381771,0.465917219636914,90.90872485733132,165908.42286462965,61401.274506254966,104507.14835837469,10450714.835837469,2954648.513695639,197913.90391105888,7496066.32214183,10252800.931926409,499.2338801934274,48.76716160976457,0.819612429056138,0,1,0,1,0
1711901972.9681401,452325334.0678747,3670233954.3502955,1650236703965.0967,500000000,1646566470010.7463,-3170233954.3502955,19.503594549335567,22.091208088729154,27.99789114277342,0.845320660957632,0.6924559023530715,0.48321746961764556,0.044320409482137404,0.6150829807177607,43.64346918639353,79649.33126516819,38487.9483106922,41161.382954475994,4116138.295447599,1008784.1461408915,29728.249465044388,3107354.1493067075,4086410.0459825546,1181.144400669352,122.35678612124637,0.7171499679980807,0,1,0,1,0
1509097939.2068121,433577171.70259166,3386260189.011276,2260051433545.932,500000000,2256665173356.921,-2886260189.011276,17.067164463627307,26.948028009544355,43.61878330577834,0.7814590997263432,0.55928563977013,0.35464365426803296,0.09305746775047193,0.40902680129130015,76.58619506560886,139769.80599473618,49568.47475430726,90201.33124042892,9020133.124042891,2988463.425857,86113.63295887545,6031669.698185891,8934019.491084015,561.4133993493942,55.96585058931097,0.8449998514033763,0,1,0,1,0
1641696688.668785,646783390.3487891,4441930288.135374,1953822477418.1367,500000000,1949380547130.0015,-3941930288.135374,19.6088379698878,21.332682308495635,45.37131683868805,0.9657309626467209,0.6434216709501851,0.4546007868250211,0.046422021857013204,0.5349578107830549,54.46530524868147,99399.18207884367,45186.94638280587,54212.2356960378,5421223.56960378,1887139.940949823,91431.25579981967,3534083.6286539575,5329792.313803961,1256.883185253653,93.81228583804644,0.7175236954787618,0,1,0,0,0
1774932453.7604487,563326229.6874806,4213840223.146814,1344785605633.1062,500000000,1340571765409.9595,-3713840223.146814,15.77724192967548,25.16864311124585,41.73206779533458,0.891267880535193,0.7576552115478296,0.4674515012239388,0.07241153511858255,0.2091815273061404,51.17650981527617,93397.13041287902,43658.62882150829,49738.50159137073,4973850.159137073,1162534.2680849377,97753.65229730839,3811315.8910521353,4876096.506839764,1105.612954580776,102.54103857432753,0.6843422696878764,0,1,0,0,0
1868393659.7769427,590803541.946426,4426263811.56005,1588395152812.4824,500000000,1583968889000.9224,-3926263811.56005,16.97787884170826,28.963752075320194,47.380912456797645,0.9266634172860192,0.7839285784053143,0.5316111243673002,0.06013830719383323,0.4561737116713711,54.31193726946758,99119.28551677833,52692.91482005798,46426.37069672035,4642637.069672035,888586.121090387,45265.45161717919,3754050.948581648,4597371.618054856,1179.0633297697723,108.75779500538823,0.613817512393172,0,1,0,0,0
1253613703.3033836,470602316.8682286,3291075455.329192,2160059086502.3125,500000000,2156768011046.9834,-2791075455.329192,20.123933360191618,26.456554956190665,34.44668243409992,0.9549856311656809,0.8646715092641695,0.5315649916805149,0.06103119947832017,0.12884353993268746,79.97056489762016,145946.2809381568,77579.93361269339,68366.3473254634,6836634.73254634,3629044.5338902203,114366.72275851967,3207590.1986561194,6722268.00978782,1026.0274073377736,74.37965866162808,0.5610608103693292,0,1,0,1,0
2174973744.9072814,585925638.0633305,4711725125.626947,1507534999560.73,500000000,1502823274435.103,-4211725125.6269474,13.383687195212492,30.651677497214838,37.301217200997556,0.8763452056897074,0.7511292368056272,0.4923259493827756,0.060124528312955686,0.40775529321872755,41.998698101321835,76647.62403491235,37735.61427092227,38912.009763990085,3891200.9763990087,1160415.1268739756,64960.509000508326,2730785.849525033,3826240.4673985005,1725.409968140292,130.67657515523456,0.6759271795861439,0,1,0,0,0
1975740379.2330475,384581634.6147921,3640777594.250856,2225072991764.627,500000000,2221432214170.376,-3140777594.250856,21.020256781561987,29.89246402513469,39.373113986798025,0.9648214332021694,0.8063582628244859,0.5092891257527629,0.05922501607922777,0.20386241714457756,70.36513029570342,128416.36278965874,65401.05713749493,63015.305652163814,6301530.565216381,1714520.4422941345,53810.002912129,4587010.122922246,6247720.562304252,793.7147502808269,80.02918744746046,0.6037772695343484,0,1,0,1,0
1908477794.8060164,613138665.2380002,4563047341.815658,2971366805046.0474,500000000,2966803757704.232,-4063047341.8156576,17.39022004096493,27.40243830050383,32.6026245448455,0.9356583753387889,0.8534725260355656,0.5450616943057375,0.043316136936434185,0.26884382036887144,101.55968403669135,185346.4233669617,101025.23555390468,84321.18781305703,8432118.781305702,2382058.190554588,52857.77694657863,6050060.590751114,8379261.004359124,754.2151476617122,59.67113325863535,0.5647362326511899,0,1,0,0,0
1774208017.388451,470634972.75526536,3811811152.315344,2822682611590.4604,500000000,2818870800438.145,-3311811152.315344,23.036479889717963,22.710186838787585,38.82037443423295,0.904873456416223,0.8095109170761606,0.5246488340341944,0.09845170128169553,0.345268907315846,96.21302730034569,175588.77482313087,92122.44598044832,83466.32884268255,8346632.884268255,3639310.347773991,80679.35820000828,4707322.536494264,8265953.526068247,809.7620510945816,60.48908918047452,0.6156921364960335,0,1,0,1,0
1679288685.8697526,523043197.1613645,3943792005.712036,1162472562609.0254,500000000,1158528770603.3135,-3443792005.712036,25.604921241528526,24.702331195787913,46.33231618461105,0.8819330843546136,0.5308325223173351,0.3483381036486078,0.10870513068053922,0.4054809732386256,45.853019259009656,83681.76014769262,29149.54563982489,54532.21450786773,5453221.450786773,1238727.8655943086,62256.54367922072,4214493.585192464,5390964.9071075525,935.7688951214607,92.74777495598057,0.8369224640521639,0,1,0,1,0
1145157476.387722,512839388.17099935,3365483643.2546463,663809402581.0435,500000000,660443918937.7888,-2865483643.2546463,19.859160386800163,20.719878640838903,52.03589942890854,0.8692953521003395,0.6648536404175301,0.41491268322856956,0.0699629901200181,0.26817201564293885,24.244054457241383,44245.39938446553,18357.977379128293,25887.422005337234,2588742.2005337235,806746.2212937049,29161.870635378174,1781995.9792400184,2559580.3298983453,1888.6033876967276,195.3445235375198,0.7601994806245747,0,1,0,1,0
1834845093.7874951,614979683.4521915,4497385286.205684,698240677731.5608,500000000,693743292445.3551,-3997385286.2056837,14.557578797322936,24.66908375773382,41.33086246597205,0.9119405356533681,0.7598826283912582,0.4710306072181786,0.09159888674785685,0.20157219220589487,27.837158881147168,50802.814958093586,23929.680778103586,26873.13417999,2687313.417999,807671.2554060491,65225.84499860266,1879642.1625929507,2622087.573000397,2392.6816368077093,190.68775778066825,0.6735909699637261,0,1,0,0,0
1056312061.2122848,697465649.0310448,4075973317.2585754,1211467748759.4778,500000000,1207391775442.2192,-3575973317.2585754,15.724863670863119,24.961413247626204,29.307718475956136,0.9097499888913128,0.874960997542281,0.5473502338013324,0.08655366035589136,0.23243303749940317,36.29975464077737,66247.0522194187,36260.339520947906,29986.7126984708,2998671.26984708,1292747.9977129207,58106.031611101105,1705923.2721341595,2940565.238235979,2389.3063561759227,170.03533657357178,0.5643115358663544,0,1,0,0,0
1060037765.2932872,623376174.5941024,3758930370.2255373,1220017626697.0613,500000000,1216258696326.8357,-3258930370.2255373,21.795429017950745,28.604350915013057,44.70416096828294,0.8796323460172158,0.7063946237868929,0.4665340930339288,0.08188507163977723,0.4265692645939675,57.64906103644759,105209.53639151686,49083.83563893644,56125.700752580415,5612570.075258042,1829829.139519001,458864.80156529346,3782740.935739041,5153705.2736927485,993.7054728520943,97.01757734425867,0.7101108488914265,0,1,0,1,0
1941021892.0105534,494283326.29068094,4081010021.8678575,1261805429116.1978,500000000,1257724419094.3298,-3581010021.8678575,19.428326164428412,30.448258327921373,45.80256915627541,0.8331879768659344,0.656692082125444,0.401094031942784,0.14292871375972144,0.24090452045374766,56.580849433679035,103260.05021646424,41416.98987993599,61843.06033652825,6184306.033652825,3007971.73208894,340530.667596727,3176334.301563885,5843775.366056099,1284.8175394694917,85.56112592969922,0.7805422237362016,0,1,0,0,0
1959062973.4335942,446711759.58960783,3893091115.073244,1537754051187.1807,500000000,1533860960072.1074,-3393091115.073244,15.829993362609326,24.24392595574777,46.17259578035188,0.9412520850754703,0.7878268644595042,0.5397963693944687,0.11368551647759945,0.47151661978341214,61.46557981377793,112174.68316014472,60551.48670782097,51623.19645232375,5162319.645232375,869452.2115872458,96695.51991278198,4292867.433645129,5065624.125319593,906.8742921249656,98.70452043625616,0.599717414408824,0,1,0,1,0
1880540977.818892,595727191.9184505,4459727957.290232,1814800413314.7764,500000000,1810340685357.486,-3959727957.2902317,20.899253601907787,24.05817773504348,46.995838091094576,0.7287970428961819,0.7345095902845006,0.4516988860883198,0.08220749535710044,0.37512723678294346,60.875790078515394,111098.3168932906,50182.985986986525,60915.33090630407,6091533.090630407,1536573.8580497045,111885.02299671248,4554959.232580703,5979648.067633695,979.0928369656306,83.61696112290824,0.758201784156552,0,1,0,0,0
1341989246.340675,348039649.076131,2848818787.4703217,2651823807264.835,500000000,2648974988477.3647,-2348818787.4703217,23.048023575164365,28.3674351536798,32.35457663830657,0.851525859598828,0.8697166798580996,0.559805608203322,0.08446472135034097,0.37990382518752175,81.39633178476329,148548.305507193,83158.17451202706,65390.130995165935,6539013.099516594,2928329.9202499157,105888.93647788846,3610683.179266678,6433124.1630387055,788.9971637026626,77.72273429335203,0.5854156675732342,0,1,0,1,0
1697337227.565383,491483182.7745717,3825202201.3952737,374809467804.6763,500000000,370984265603.281,-3325202201.3952737,20.14076377496282,25.522728248571212,40.62357876923681,0.8779608636147519,0.6796051333185524,0.44212515873664143,0.05415672054118097,0.38412775545076283,19.391443410625932,35389.38422439233,15646.537117801452,19742.847106590874,1974284.7106590874,819690.7795823546,93726.93968960324,1154593.931076733,1880557.7709694842,3313.0281551263893,265.87856417845376,0.736198636232114,0,1,0,1,0
1533322852.1291764,680668251.9143605,4480260169.231461,1264869065061.2876,500000000,1260388804892.0562,-3980260169.2314606,16.65364824397257,27.420997220230564,37.892439481408765,0.9367564286837036,0.6992993596753848,0.5062477057321386,0.027651853287955566,0.6288971889350087,44.345020743325435,80929.66285656892,40970.45614681349,39959.206709755425,3995920.6709755426,1843042.6654704649,132440.01122685397,2152878.0055050775,3863480.659748689,2081.0562223103607,129.41698018815083,0.6683707102209759,0,1,0,0,0
1844586223.5293205,688258002.4621533,4824383188.564182,1736988174246.8706,500000000,1732163791058.3064,-4324383188.564182,21.450210072876278,24.09117445651415,30.998510255747433,0.8416583566059633,0.7419259961499618,0.48466876516771673,0.03771062670797094,0.43334560499522745,74.90465800899489,136701.00086641568,66254.70528711667,70446.29557929901,7044629.557929901,3361232.5870303824,176696.84175785375,3683396.970899519,6867932.716172048,1309.7646619897241,72.80211100825737,0.6973494548978796,0,1,0,0,0
1267758145.0158553,497748397.2727328,3422748218.8520327,573697080555.5745,500000000,570274332336.7224,-2922748218.8520327,25.759707832225157,23.565220066634062,46.30989473633713,0.9888945414158946,0.6936914867041233,0.4709623811702537,0.11439544706097854,0.398391632491338,23.528599038175187,42939.69324466972,20222.980177229907,22716.71306743981,2271671.306743981,1067892.9910012241,16038.055844676976,1203778.3157427567,2255633.2508993037,2843.33765950928,221.66724125061282,0.6769255877554519,0,1,0,1,0
1529472399.713099,495354723.9410709,3674099120.7027354,680992145812.5883,500000000,677318046691.8855,-3174099120.7027354,18.149449091924346,33.82482845009594,44.844798407641534,0.957480482744881,0.6045758463191966,0.41483905538270527,0.05123380457226688,0.45989564285604206,38.36368993763775,70013.7341361889,29044.431332872467,40969.30280331643,4096930.280331643,1080820.1153909978,45805.66854087848,3016110.164940645,4051124.611790764,1218.1581307641127,123.42251792125924,0.7598622930682368,0,1,0,1,0
1586311982.3122454,800895086.4083077,5053768574.539867,1273735715492.025,500000000,1268681946917.485,-4553768574.539867,21.356500486128365,24.38555723058985,38.60635270853091,0.9479487537781528,0.6023152404425542,0.4327952139305724,0.04952973235368795,0.5982530839954385,38.343819128618485,69977.46990972874,30285.914059901243,39691.55584982749,3969155.584982749,941316.5800858551,100089.00290182779,3027839.004896894,3869066.582080921,1669.1008228530175,129.23013584611982,0.7528895214544745,1,1,0,0,0
1572043929.6486788,511298110.0360141,3785697168.787231,1344075953401.479,500000000,1340290256232.692,-3285697168.787231,16.7978647896549,24.494676272759595,44.03804782276827,0.811556713586172,0.8666193518098448,0.5220307875531748,0.056351920303625666,0.22170401337810527,46.48950047044272,84843.33835855796,44290.8347419585,40552.50361659946,4055250.361659946,725979.5206036033,35036.160719822554,3329270.8410563427,4020214.2009401233,1137.0949825115667,124.37148246555506,0.6328501336724334,0,1,0,1,0
2035683557.0728345,569706527.3282626,4502214676.246647,928823721921.4921,500000000,924321507245.2454,-4002214676.246647,23.22638771214768,33.03839462640938,43.39331580386445,0.7769526926700209,0.6844477373141176,0.43759107175007944,0.0645476847263536,0.4376633652893279,30.901577272774365,56395.37852281322,24678.11412954925,31717.26439326397,3171726.439326397,1155059.558735828,108974.60702482598,2016666.8805905692,3062751.832301571,2232.5029084268986,163.25188176420556,0.7672962828269317,0,1,0,0,0
1140520935.0578763,439554475.2970359,3043561781.327764,2424833864067.6294,500000000,2421790302286.302,-2543561781.327764,27.41189062654695,20.624543561885712,32.04796623283435,0.8317705158702794,0.6312786099808217,0.37678414566923024,0.13075670146025511,0.1703620395737363,92.68477699572294,169149.71801719436,63732.93199329978,105416.78602389459,10541678.602389459,4254344.169346268,683965.0920202076,6287334.43304319,9857713.51036925,484.07823915525705,50.7217012823566,0.8021585820363623,0,1,0,1,0
1044794543.9477983,565988978.4685621,3495230622.061607,527537574453.3023,500000000,524042343831.2407,-2995230622.061607,22.279850156317398,23.703271123103946,38.45459927999015,0.958036106203506,0.7034505013293798,0.47949028372540586,0.05080750001291656,0.44021668775404277,20.606480480978377,37606.82687778554,18032.10808964161,19574.71878814393,1957471.8788143932,482601.36492720933,46583.91299007776,1474870.5138871837,1910887.9658243153,2369.8559223680872,261.65845875967455,0.6768566435718101,0,1,0,1,0
1306579123.34738,597499889.5541097,3893440955.8763885,1813594886924.0789,500000000,1809701445968.2024,-3393440955.8763885,17.93160549177965,20.859333711946146,42.65111784111461,0.9188420732823783,0.8145135233790344,0.557542207053249,0.13549357051034622,0.4905753487118098,85.82377158029668,156628.38313404145,87326.93441973535,69301.4487143061,6930144.871430609,1200381.0119565062,18948.516461379986,5729763.859474103,6911196.35496923,679.5115909425526,72.34637453767238,0.5827302301440477,0,1,0,1,0
1229317992.1257331,495902247.7533034,3376315204.687044,1421074898962.905,500000000,1417698583758.218,-2876315204.687044,24.906478588108627,32.041918996792916,38.14020658664222,0.7744960128257917,0.8358432674228548,0.5166025310074474,0.06764931462525259,0.340647243456161,48.661193829243665,88806.67873836968,45877.75500660704,42928.92373176264,4292892.373176264,1872610.2192521999,170291.4178880381,2420282.153924064,4122600.955288226,1395.0089245639977,121.28265758019337,0.6655735917365266,0,1,0,1,0
1865350904.6938198,424670971.3668829,3703953967.920868,2598211049158.2295,500000000,2594507095190.3086,-3203953967.920868,20.08080876076802,18.78862876805068,35.84149815339752,0.8136580158632498,0.7960048634265219,0.4790170282195731,0.060206988814997336,0.21627578603248665,82.841699361741,151186.1013351773,72420.71696967987,78765.38436549745,7876538.436549745,2779289.579628905,765101.8479690102,5097248.85692084,7111436.588580734,726.6574718814812,70.30928192524144,0.6897522928324198,0,1,0,1,0
2169921837.8415146,447308341.7153671,4106532867.8767548,1132871023989.7615,500000000,1128764491121.8848,-3606532867.8767548,16.802384024912012,24.176991609208244,48.36894974833004,0.9785699885495153,0.7967499126956532,0.5326695231576777,0.08260862260298923,0.3631673108603642,57.36179537855109,104685.27656585575,55762.65634996399,48922.62021589176,4892262.021589176,1321937.590427806,123806.01190412484,3570324.43116137,4768456.009685051,1150.1847933020933,104.85574344913046,0.5846905949959338,0,1,0,0,0
1613539578.7534852,505339559.55201423,3801395412.580784,1045670572675.304,500000000,1041869177262.7231,-3301395412.580784,14.662022235366935,32.84554746340368,39.54727620347796,0.8902942278414158,0.5818976283613451,0.3973195442134606,0.06243376856134307,0.5113304376089698,37.439783413216894,68327.60472912082,27147.89276817178,41179.71196094905,4117971.1960949046,655394.055302139,102252.2061102589,3462577.1407927657,4015718.9899846455,1097.8514724759157,124.51070437125179,0.7941645973021964,0,1,0,1,0
1614196166.034966,677631747.7342701,4547987009.129276,873551761632.3657,500000000,869003774623.2365,-4047987009.1292763,15.419409650878146,33.700972765393196,33.2111194058067,0.9555416904262152,0.8320258118420804,0.5225059557263081,0.036437753331223385,0.1957780608876976,36.44759211065493,66516.85560194525,34755.45320820323,31761.40239374202,3176140.239374202,1123928.676838028,169925.5704484134,2052211.5625361742,3006214.6689257887,2216.1394527515286,166.32212102759286,0.5845892942328019,0,1,0,0,0
1546466085.2364163,569332482.3889362,4011377785.5716467,494042141840.3,500000000,490030764054.72833,-3511377785.5716467,20.23615488806265,21.489959450590643,42.673234835289506,0.8762551118712142,0.7351403927842549,0.4445294108654799,0.05003887978988833,0.16226259199666346,27.569946933944077,50315.153154447944,22366.565389353138,27948.587765094806,2794858.7765094806,1449394.3953768078,261248.6968362498,1345464.3811326728,2533610.0796732306,2981.4076402339892,197.3468624913613,0.713647255082345,0,1,0,0,0
1650017161.94518,521249253.7825814,3906753645.780589,1740957880143.785,500000000,1737051126498.0044,-3406753645.780589,19.31592861519917,30.25779245363567,37.09801258461616,0.9675784350990977,0.9464037733587315,0.59080478149554,0.08472763872961618,0.16417885492125955,56.42021229620938,102966.88744058213,60833.32943560899,42133.558004973136,4213355.800497314,1816184.736092185,255565.0479814916,2397171.0644051293,3957790.752515822,1629.7350255018496,126.33310633771337,0.4589883152048593,0,1,0,1,0
1735712812.827027,591176534.7386464,4295197828.202366,2358039672944.804,500000000,2353744475116.602,-3795197828.202366,22.206029487766173,19.68043908810331,50.55611531140643,0.7099098728292634,0.7274180735047103,0.44846720605489104,0.03646686764531948,0.40300027523293225,84.64429817091266,154475.84416191562,69277.35023426505,85198.49392765058,8519849.392765058,2259937.7800452323,103504.19102879909,6259911.612719826,8416345.201736258,686.1435262879335,59.40820962249172,0.7684109643181066,0,1,0,0,0
1899857890.9127486,554018693.8046955,4298468900.833537,1353817665441.7214,500000000,1349519196540.888,-3798468900.833537,21.57202839449797,29.702767756624457,36.50962547585928,0.919606412543597,0.4953400197210881,0.3292455308477377,0.06797418762507496,0.40502651776116455,51.91204770784497,94739.48706681708,31192.55271155657,63546.934355260506,6354693.435526051,2016017.4782394853,230681.78520504475,4338675.957286566,6124011.650321006,990.7328740729063,81.64582769430088,0.8500227808593168,0,1,0,0,0
1972062432.4762638,527253882.2576357,4254795815.2102256,2981216798987.7964,500000000,2976962003172.586,-3754795815.2102256,17.305913074942104,26.528101594501077,35.80774369447205,0.9416294279101682,0.9012898097234305,0.563265127201913,0.038039612399762245,0.19536685973743373,128.02314019813645,233642.23086159903,131602.5208859973,102039.70997560173,10203970.997560173,2892808.4763379013,410041.9880198953,7311162.521222272,9793929.009540278,581.9588612426186,51.05203432789327,0.5219675841250849,0,1,0,0,0
1899703906.7650206,604117540.0408397,4515216702.690716,1129587441957.3547,500000000,1125072225254.664,-4015216702.690716,15.257616836736835,24.105268488101395,34.952623745791804,0.9083346083530414,0.7438726343967761,0.4746555489432411,0.05969206329421893,0.294736141974266,58.68881867740876,107107.09408627098,50838.976539234325,56268.11754703666,5626811.754703666,2506998.6717735273,612107.1504560953,3119813.082930139,5014704.604247571,1447.2715456561934,99.70677028044452,0.6792822429372278,0,1,0,0,0
1434810533.7205877,624158414.1143805,4137089826.406728,2696148098850.629,500000000,2692011009024.222,-3637089826.406728,17.079002260218573,27.841894609151908,41.801986917655924,0.9087244935315496,0.6465278479474732,0.41216542179417776,0.0735850750724026,0.29155886182974666,96.91690063755394,176873.34366353592,72901.07629522785,103972.26736830808,10397226.736830808,2606576.4233658137,151050.70424869593,7790650.313464995,10246176.032582112,531.0326686408163,48.79869313293423,0.757846347334052,0,1,0,0,0
1676789956.510331,650755433.7462772,4494220425.201077,1314178422249.4565,500000000,1309684201824.2554,-3994220425.2010775,25.797609492187647,26.625875697363412,45.55460087957973,0.9417098361656241,0.7149564007101141,0.45670676544403527,0.07987369095780038,0.26324630224724394,77.06869042822827,140650.36003151658,64235.97098853296,76414.38904298362,7641438.904298361,2624339.9156661453,478605.8089939079,5017098.988632216,7162833.095304454,895.7806962517819,69.80478162024626,0.692507795329278,0,1,0,0,0
1075029364.4243052,549659983.6483371,3454769440.409098,511607642021.34174,500000000,508152872580.9326,-2954769440.409098,16.41729349755476,22.689835829900062,34.23020535370405,0.9810818675870194,0.6643517309420086,0.4303416126760228,0.07062814496379848,0.2652484437563068,28.242111984031993,51541.85437085839,22180.604730267914,29361.249640590475,2936124.9640590474,1914001.4190926645,61528.74218605861,1022123.5449663829,2874596.2218729886,3379.992034644622,173.93747205101977,0.7195104646372044,0,1,0,1,0
1557499294.1079724,626265404.7688881,4268900753.6780405,4787121637863.295,500000000,4782852737109.617,-3768900753.6780405,18.724624876081634,30.101567702856396,37.35251245584291,0.9505785592539621,0.7294578185176438,0.4904267269093941,0.08636306548822414,0.40755124588201436,144.56680925150187,263834.4268839909,129391.45442273149,134442.9724612594,13444297.24612594,4169142.291328017,274185.26449085487,9275154.954797924,13170111.981635086,460.2511520812696,37.96474932766095,0.6599346931301941,0,1,0,0,0
1471867559.0693603,520787460.25127363,3726604718.5843244,1212396641927.508,500000000,1208670037208.9238,-3226604718.5843244,28.348356978803906,24.14899776542522,50.23028246124552,0.9635050621630025,0.5469138761733634,0.34420647683233474,0.05912120482171107,0.19416706793222072,37.871884777897826,69116.18971966354,23790.24015548062,45325.94956418292,4532594.956418292,2481920.8499860754,34693.30782443173,2050674.1064322162,4497901.64859386,1817.2583868374431,111.16294642776609,0.8186189209862573,0,1,0,1,0
1106462145.4198778,657832509.565076,3954532648.764399,3276407258690.688,500000000,3272452726041.924,-3454532648.764399,20.154117863199463,24.881875603739783,34.91111283380003,0.8862021240151184,0.7957989487202586,0.5090637169931672,0.04173326944810368,0.3254104356498624,91.48229897992479,166955.19563836275,84990.83246298636,81964.36317537639,8196436.317537639,1192649.2037273112,258493.26723708754,7003787.113810328,7937943.050300552,564.6277627380628,62.9886101262806,0.6409885565191331,0,1,0,1,0
1753034274.5644946,403225861.1944942,3498791233.6010776,1147189537666.7798,500000000,1143690746433.1787,-2998791233.6010776,14.045009950381752,26.909004835495878,28.467717923434613,0.9684652576727503,0.8752983838343876,0.5524885418944373,0.06546929578871663,0.198073328845087,52.5309924343952,95869.06119277125,52966.55783118277,42902.503361588475,4290250.336158847,1216430.6329862757,70527.36473756502,3073819.703172572,4219722.971421283,1138.2551910868035,118.49119086402739,0.5316576316416172,0,1,0,1,0
1649842543.1492538,571179685.3446342,4122751665.587099,724990466623.666,500000000,720867714958.0789,-3622751665.587099,19.051432614831604,31.957550185415315,42.81536289127156,0.9022415173744363,0.7942039550446013,0.49869981613268277,0.09483740350744639,0.25202521031854885,30.567477426999808,55785.64630427465,27820.291554784642,27965.354749490005,2796535.4749490004,988176.0822339747,35229.8733257145,1808359.3927150257,2761305.601623286,2279.829818229496,181.07376442001402,0.6426497739165058,0,1,0,0,0
1429286925.5246289,410847306.734668,3208040755.2238784,1167958832107.5815,500000000,1164750791352.3577,-2708040755.2238784,16.340434253151987,30.11248623658504,51.389878462648504,0.9492749667814661,0.8436321708945078,0.5366051385898132,0.04284349942227578,0.24216745379497287,35.38818947148546,64583.445785460965,34655.808876314964,29927.636909146,2992763.6909146,1027071.6108977402,36009.43852255934,1965692.0800168598,2956754.252392041,1632.0159132941935,169.10434798410975,0.5702657305398906,0,1,0,1,0
1770647925.320605,510352214.44883007,3980205931.5815916,2374897756695.9585,500000000,2370917550764.377,-3480205931.5815916,18.36711137157274,31.73565832133954,57.17584789857381,0.8507716637557204,0.8305466233293649,0.5209842999984465,0.04659904946869293,0.30355709475006015,84.78930045881516,154740.47333733767,80617.35718308114,74123.11615425652,7412311.615425653,1322644.0514500728,17545.95211990232,6089667.56397558,7394765.66330575,653.5998705622533,67.61539483003446,0.6318696112459601,0,1,0,1,0
1533102752.1359873,464295060.70101726,3543257385.7301617,1155573943387.0164,500000000,1152030686001.2861,-3043257385.7301617,16.068712669849486,35.58699774251443,31.491697036774326,0.888109645494226,0.7393301056129453,0.4659628707315199,0.10429676717294081,0.27834541713186167,62.81235445088173,114632.54687285915,53414.51062014296,61218.03625271619,6121803.625271619,2738177.1716538984,64088.32996499571,3383626.453617721,6057715.295306624,1047.1774689968408,82.53936932087058,0.6940458910402205,0,1,0,1,0
1876248831.8128927,618505414.8770812,4554053596.182052,456704010915.8488,500000000,452149957319.66675,-4054053596.1820517,16.548034637333007,24.649543884830578,54.12771363116111,0.803591871705668,0.617367537796973,0.3722907968794154,0.05341504119836517,0.23388056624786852,33.32906415115664,60825.542075860874,22644.789530044658,38180.75254581621,3818075.2545816214,1420117.9921709576,111190.9241354213,2397957.262410664,3706884.3304462,1899.1387659694428,134.88416563022744,0.8153022412086783,0,1,0,0,0
2079276632.238805,599201252.1567746,4673504474.464335,3581858601511.204,500000000,3577185097036.7397,-4173504474.4643354,16.890489129184555,27.618846361186776,27.72817261720477,0.9726485139932709,0.6391588244336549,0.41711240714272524,0.05038245652686037,0.29659072371146133,135.2427754396786,246818.06517741346,102950.87729246098,143867.18788495247,14386718.788495246,5465719.742805022,1131437.9668895754,8920999.045690224,13255280.821605671,523.8768046637251,37.72081532856071,0.7406908597882513,0,1,0,0,0
2233608856.9131975,481805495.465316,4319574509.312005,2121926694390.4795,500000000,2117607119881.1675,-3819574509.312005,23.702824556207943,22.012036473410006,45.97419360703422,0.8765166712784178,0.8492850537600014,0.5262294607979495,0.12166291154465023,0.2383810386900952,73.6186162867414,134353.97472330305,70701.01967470511,63652.95504859794,6365295.504859794,3218523.5237549893,57144.40218749215,3146771.9811048047,6308151.102672302,1372.7001941193844,79.26252746041334,0.6082682071522363,0,1,0,0,0
1765383689.768142,313754499.11735445,3123776474.0021853,1159313773663.7305,500000000,1156189997189.7283,-2623776474.0021853,14.879601041487941,29.265854916493492,41.07142192485125,0.9305518684823367,0.7264690665240833,0.44671233867078536,0.06213463227666603,0.15611301203874986,30.403756426732606,55486.85547878701,24786.662976416825,30700.192502370184,3070019.2502370183,1127920.3293293018,51990.33012075114,1942098.9209077165,3018028.920116267,1608.453843608628,165.67104333139986,0.6980147991710232,0,1,0,1,0
2047798244.4739215,554276744.6675146,4447526479.585121,1361482286359.93,500000000,1357034759880.3447,-3947526479.585121,16.432513343196597,21.825732245542596,55.23448701802478,0.8808472397714167,0.7803734900550277,0.4924438700433352,0.12780125657649513,0.28982326504476974,34.88593965808931,63666.839876013,31352.345021973175,32314.494854039825,3231449.4854039825,692877.2983623792,24691.40102615034,2538572.187041603,3206758.0843778322,1751.9795191517371,155.9207108374715,0.661499089569048,0,1,0,0,0
1753841850.354299,413500678.5727467,3544083391.5250187,2161601375774.2625,500000000,2158057292382.7375,-3044083391.5250187,14.979324284144104,28.88700115270096,41.814296249427045,0.9957300331963881,0.8913668673048515,0.5741758166506571,0.07874563263229095,0.2328956653521601,78.16615662752584,142653.23584523465,81908.03818929639,60745.19765593826,6074519.765593826,2047220.8301939762,182864.59419730166,4027298.93539985,5891655.171396524,880.014979859732,84.86579500230373,0.49038407558654673,0,1,0,1,0
1601972136.8754876,481890574.4172415,3688306136.6118193,1707996703401.1624,500000000,1704308397264.5505,-3188306136.6118193,17.795723940335694,31.12237229381576,31.949554334607214,0.8810306363170941,0.8591131676900521,0.5119899732436524,0.03912186358649404,0.11044293114106514,55.13334134502677,100618.34795467387,51515.58527713398,49102.76267753989,4910276.2677539885,1251203.9132862312,127120.08374867015,3659072.354467757,4783156.184005318,1007.9893971236637,104.53348809139452,0.612472218653461,0,1,0,1,0
1375754627.706089,435901513.5376468,3262980061.259995,626014401836.8483,500000000,622751421775.5883,-2762980061.259995,27.54627654707394,25.442333193274706,44.43527880312702,0.8904266228178532,0.8137656570810785,0.4917029205555376,0.05142745921848109,0.144239781608346,29.45047127844649,53747.110083164844,26427.61099931214,27319.499083852705,2731949.9083852703,1163015.393936741,127779.439852887,1568934.5144485293,2604170.4685323834,2079.742673266967,191.99971969645367,0.6437127492977401,0,1,0,1,0
2164404920.878763,451857748.98137665,4120712503.5373898,1145160415028.5857,500000000,1141039702525.0483,-3620712503.5373898,18.140792377521663,24.428258868756444,35.890478303637124,0.9291853207545416,0.7735315040171606,0.4873582940573884,0.0605112689376391,0.23387905183718133,45.44774098913079,82942.12730516371,40422.53366893532,42519.59363622839,4251959.363622839,1859360.4670940393,167990.09114907013,2392598.896528799,4083969.2724737683,1722.2746819434512,122.42991233309078,0.6497092188763525,0,1,0,0,0
1422922347.3317962,559714991.3784223,3846195344.707005,816397872130.9802,500000000,812551676786.2732,-3346195344.707005,22.915459251068697,30.832334589566685,32.92007018597364,0.8852310251368494,0.7865568148570895,0.5090582636233085,0.08943585988821887,0.3613118740663475,42.17470378011331,76968.8343987068,39181.62119211566,37787.213206591136,3778721.3206591136,1409647.6765435543,49803.12194916713,2369073.6441155593,3728918.1987099466,1623.501808084525,134.08714628628206,0.645550623710379,0,1,0,1,0
1591927425.9136543,555650270.0305827,3997602307.040777,888352093694.3267,500000000,884354491387.2859,-3497602307.040777,17.482333707690216,23.404999470683084,35.69181859388956,0.8954899312253775,0.6800657339720012,0.44177876177584846,0.054300638986171296,0.3618256381363011,39.53123957552494,72144.51222533302,31871.913279830183,40272.59894550283,4027259.8945502834,2371245.345153685,586643.094028371,1656014.5493965982,3440616.8005219125,2413.989845981355,145.32278047475506,0.7309602606466906,0,1,0,1,0
2310133582.4055843,469073846.00654805,4340977855.494008,1157412295750.2002,500000000,1153071317894.7063,-3840977855.494008,13.316610075757213,21.664442443306626,34.345511949375116,0.9519496829688083,0.6723380480595638,0.441140171323091,0.1355469131300402,0.3339721070747875,37.35339743425888,68169.95031752245,30072.503562158457,38097.446755364,3809744.6755363997,959277.5540317843,139990.9105033428,2850467.1215046155,3669753.765033057,1522.9005178641135,136.24892350113743,0.7176561775300105,0,1,0,0,0
1398615991.2451077,703637008.1702412,4444996002.710634,708954355407.85,500000000,704509359405.1393,-3944996002.710634,19.014028182316288,28.67334191268627,42.11865552345601,0.8578927453848116,0.6864138556675765,0.4467569678237902,0.05758735765306944,0.4060189025520823,24.596600807033877,44888.796472836824,20054.38260146383,24834.413871372995,2483441.3871372994,871912.8391458465,64714.07301292814,1611528.5479914527,2418727.3141243714,2758.24837744929,206.7202851186266,0.7369184624304475,0,1,0,0,0
1424967533.3296814,498755796.4406445,3584319118.361346,315616576337.3579,500000000,312032257218.9966,-3084319118.361346,23.662506383502723,28.910032704668954,46.5694369916888,0.8836564844599226,0.891613016984144,0.5693348291152106,0.028398206448183368,0.3226788800175878,16.850644039323353,30752.425371765115,17508.42684391216,13243.998527852957,1324399.8527852956,288412.81163166004,42599.95194812169,1035987.0411536356,1281799.900837174,3459.810765943544,390.0764851623394,0.5514326888571205,0,1,0,1,0
1540279054.129907,648794578.9144181,4349220047.571626,3845798876788.2383,500000000,3841449656740.6665,-3849220047.5716257,21.210020284833114,30.76950294995237,43.31688180792814,0.8788398423587463,0.6414773283095484,0.3925439674039042,0.03648557818931074,0.19702140557550016,128.72256411717788,234918.67951384964,92215.91047365281,142702.76904019684,14270276.904019684,4733146.854895528,1012226.0758575592,9537130.049124155,13258050.828162124,456.03027589741606,37.71293431293261,0.778701048239892,0,1,0,0,0
1499567982.4400878,468666061.47343016,3528646761.905733,2425346206278.204,500000000,2421817559516.2983,-3028646761.905733,18.68255800815973,20.514244984431844,44.03807636259768,0.7702222300441948,0.5707642388944885,0.3809236592106773,0.04905347114315467,0.5661230809762069,91.28261710550518,166590.77621754695,63458.368067535055,103132.4081500119,10313240.81500119,1287025.2902475984,36506.67790304826,9026215.524753591,10276734.137098141,390.9331382824545,48.65358910035848,0.8325401294083641,0,1,0,1,0
1503861180.6819458,490066426.5488939,3625592341.4847937,857758350357.7681,500000000,854132758016.2833,-3125592341.4847937,25.348337915097588,26.95912507610145,46.07734037048731,0.9030870404641096,0.7011589034203737,0.4446957802135762,0.04514653920025496,0.2817710198072915,41.21702004051521,75221.06157394026,33450.48866511682,41770.57290882344,4177057.2908823434,2088083.8827365928,206853.72327327108,2088973.4081457506,3970203.567609072,1735.5856840240979,125.93812671955986,0.7184152883078778,0,1,0,1,0
2156834875.0531964,465647437.21231616,4172844591.2029486,531060042819.3221,500000000,526887198228.11914,-3672844591.2029486,19.931801662721355,26.862500392364517,50.872118686418744,0.8909432849254085,0.5449243587930793,0.34348372767345325,0.07284002453197831,0.2757495451763144,29.57166738475622,53968.29297718011,18537.23044797487,35431.062529205235,3543106.2529205238,823013.2640730303,69227.22642949602,2720092.988847493,3473879.026491028,1534.0815951189184,143.93132178383627,0.8332397843088525,0,1,0,0,0
1696426401.0356019,462838224.8072424,3700273697.61474,961146236805.8954,500000000,957445963108.2806,-3200273697.61474,18.536790504342513,23.910066529635113,36.173503083016584,0.9093709239681319,0.5931890795762257,0.37656743103099194,0.045363300397237946,0.2780026128663378,34.33875766064221,62668.23273067203,23598.815406641494,39069.41732403054,3906941.732403054,2404181.2615894326,444003.76022912917,1502760.4708136213,3462937.9721739246,2462.3176943237972,144.38606871324222,0.7968686443826957,0,1,0,1,0
2202892360.8165007,313526040.6465657,3560296039.4310565,3072040031702.39,500000000,3068479735662.959,-3060296039.4310565,17.973450987978488,25.210983600820647,37.68773611311518,0.982865557954542,0.7767504477838699,0.5160543964447801,0.05945150890942029,0.3401835494058611,137.33696900631713,250639.96843652875,129343.85763645159,121296.11080007716,12129611.080007717,3912439.8103068634,253423.59777163432,8217171.269700853,11876187.482236084,433.2751408698178,42.101053115562515,0.6060227801872277,0,1,0,1,0
1802116711.8077354,579864127.1103674,4312624922.267776,1603910995630.844,500000000,1599598370708.5762,-3812624922.2677755,22.861147310192088,27.932180363290634,50.17933822306199,0.8463854482133425,0.705658972719119,0.4662820343157928,0.11688163848744745,0.4615700605661717,70.76523251814383,129146.5493456125,60218.71575373712,68927.83359187539,6892783.359187539,2540850.011544419,433754.7203635408,4351933.34764312,6459028.638823998,990.9675948055057,77.41102075234575,0.7215086318951829,0,1,0,0,0
1827727230.7522893,560384639.1515698,4253899452.538881,1696557675977.2095,500000000,1692303776524.6707,-3753899452.538881,27.330352126305996,29.024318674188653,40.63856849539917,0.942960704741558,0.7706320694016988,0.47973225364302263,0.0688084998961281,0.18165878870913788,53.05820454928883,96831.22330245211,46453.06097789612,50378.16232455599,5037816.232455599,1316544.6745189333,164262.5599891087,3721271.5579366656,4873553.67246649,1143.1306171317262,102.59454057616884,0.6513902003426993,0,1,0,0,0
1950846158.761948,665344779.790326,4831440860.790165,436975169799.1641,500000000,432143728938.37396,-4331440860.790165,17.755263421843367,21.821916807165398,43.0572377568502,0.8907637306465401,0.7180390014125186,0.4611653560097022,0.13096120910531178,0.3327015998005714,29.47411891548945,53790.26702076824,24806.207640489527,28984.05938027871,2898405.9380278713,1322639.579373197,138249.26212696964,1575766.3586546744,2760156.6759009017,3066.08961046424,181.1491370636786,0.7050372088459527,0,1,0,0,0
1643215812.3528252,420366110.4689704,3463181080.7520504,1473491865699.0051,500000000,1470028684618.2532,-2963181080.7520504,19.595963108007666,27.791582892960253,33.42506809150704,0.8805430964178375,0.6683555093591925,0.4186493776382742,0.051516685706597634,0.2675588829675288,59.206881359421054,108052.55848094342,45236.13636027019,62816.42212067323,6281642.212067323,3496000.330687921,307787.7745130746,2785641.881379402,5973854.437554249,1243.225521522222,83.69805545591845,0.7536182141578411,0,1,0,1,0
1973664831.0910912,622326195.6462096,4668011576.663786,530095835136.19806,500000000,525427823559.5343,-4168011576.663786,23.415589383413437,31.054432574659803,43.0338378816103,0.9021711614734508,0.7723921020385888,0.5209631289912802,0.09144658366045785,0.4647821708910595,28.213977017584998,51490.50805709262,26824.656190773694,24665.851866318928,2466585.186631893,546567.9802524679,19370.46728038988,1920017.2063794248,2447214.719351503,2431.23424162758,204.3139067635622,0.6369773254400473,0,1,0,0,0
1749127528.4210114,469466411.1609869,3781671403.18728,1212908090464.1724,500000000,1209126419060.985,-3281671403.18728,15.727712058447784,27.261392077094616,47.59822714132364,0.9539163261797692,0.7562497723042747,0.46258318933929343,0.05088785094888573,0.11387846833200237,64.9169844226111,118473.49657126525,54803.84789611372,63669.648675151526,6366964.867515152,1594294.3713544474,69009.39927673293,4772670.496160705,6297955.468238419,792.359624706835,79.3908439844611,0.6662929477257151,0,1,0,1,0
1198811664.821023,564632147.7729489,3643373376.0921783,1054535638098.8693,500000000,1050892264722.7771,-3143373376.0921783,15.262389959954366,23.732588315492368,39.32528159317434,0.7677002510695293,0.8760379959610779,0.5119247255274995,0.1424186869283044,0.17582408706729816,34.45118322891964,62873.40939277834,32186.452846376156,30686.956546402183,3068695.6546402182,640967.6414602053,19519.76819478445,2427728.013180013,3049175.886445434,1500.7337544867005,163.97873347439898,0.6557129148902263,0,1,0,1,0
1527893162.9888585,510285947.0528461,3737164266.104909,738438287874.3052,500000000,734701123608.2003,-3237164266.104909,16.11292810640143,32.2410507409667,32.54682173852418,0.8385552770162217,0.7948085533592331,0.527527536220493,0.11362233135641733,0.4821608245394224,31.344038707844664,57202.87064181651,30176.089414417034,27026.781227399475,2702678.1227399474,1347374.7195174769,197628.07282770026,1355303.4032224705,2505050.0499122473,2757.4373806035965,199.5968104579448,0.6484076941084134,0,1,0,1,0
1721039176.324338,519199728.6887257,3968902289.080027,2307847943932.456,500000000,2303879041643.376,-3468902289.080027,18.171825159158878,27.193078273985257,43.05820638436188,0.9420627500403032,0.8848524011218591,0.5684815829871184,0.02949816759864577,0.2804155648629195,68.18709694366201,124441.45192218317,70742.67357793807,53698.778344245104,5369877.834424511,1231447.2052990054,101252.78677360111,4138430.629125505,5268625.047650909,959.03559700811,94.90142029046687,0.5261214346656728,0,1,0,1,0
1882305089.763517,584785005.3493564,4414118127.758274,3758748843565.1167,500000000,3754334725437.3584,-3914118127.758274,15.87241353168106,25.607307949747025,40.331932695079615,0.9267679334687796,0.6129834547879526,0.383179899931851,0.11857469437921883,0.21197907381647646,142.79016510160866,260592.0513104358,99853.63614416857,160738.41516626725,16073841.516626725,5630388.682948035,212180.43855195484,10443452.833678689,15861661.07807477,422.66846014024736,31.522549721550863,0.782318024140521,0,1,0,0,0
1454606037.143295,561618653.0294856,3886120893.2255573,1648654301820.517,500000000,1644768180927.2915,-3386120893.2255573,14.786298363849914,23.10299986122837,31.900621245644718,0.8395808897144692,0.797516703740691,0.4885574982987919,0.04326130375679453,0.2431297591300088,59.31916603900408,108257.47802118245,52890.00263416535,55367.475387017104,5536747.53870171,2469388.1348465304,353215.4671478004,3067359.40385518,5183532.07155391,1266.927145329408,96.45932408596266,0.6728717759695731,0,1,0,1,0
2398349251.6802897,703783178.3375099,5445362103.474948,1901328532758.931,500000000,1895883170655.456,-4945362103.474948,23.239645369280147,23.78260885147863,38.249158690989326,0.8771428310252023,0.6841502093338244,0.43680204098489805,0.08936755537855212,0.3290771174193304,61.24713489203435,111776.0211779627,48823.9941837053,62952.0269942574,6295202.69942574,2534001.8576936703,437060.0970179252,3761200.84173207,5858142.602407815,1447.7722229178555,85.3512851999352,0.7378762084117567,1,1,0,0,0
2140074672.2688594,539349378.2491653,4475175222.717858,1329093836099.835,500000000,1324618660877.1172,-3975175222.7178583,19.215415522402928,30.874694420125593,47.50775958960179,0.9673461779007968,0.8122364044308509,0.5297244138706406,0.05113718335682298,0.30007487273267097,62.32424894738849,113741.75432898398,60251.78414453944,53489.970184444544,5348997.018444454,2608102.3914645705,85515.41603803968,2740894.6269798838,5263481.602406414,1632.7425281755288,94.99415743590795,0.5837882276894175,0,1,0,0,0
2157645634.0972443,496076232.48361546,4305396109.489488,844527453323.303,500000000,840222057213.8135,-3805396109.4894876,14.998637535526472,28.28666793002562,35.60057382951559,0.7915656033011309,0.9408671401252133,0.5412685967491471,0.12057842035690321,0.0983499856638842,31.4622840373008,57418.66836807396,31078.92205479203,26339.74631328193,2633974.631328193,740977.6004613613,52013.15447989368,1892997.0308668315,2581961.476848299,2274.3808042414007,193.65122387895994,0.5968858470236442,0,1,0,0,0
1435720883.979075,661523422.613093,4299771109.258312,916646617319.1578,500000000,912346846209.8995,-3799771109.258312,21.675975844647677,25.27435485665546,28.785321072277036,0.9525667101021218,0.8240561059201043,0.5196222188585257,0.08864926765438441,0.21173134725848777,35.94096706385724,65592.26489153945,34083.1982228979,31509.06666864155,3150906.666864155,1547538.372663115,49269.89141989915,1603368.29420104,3101636.7754442557,2681.7114475878375,161.2052075080209,0.5921129711103128,0,1,0,0,0
1395917977.542778,456507168.3136854,3372355112.7326155,1198351057267.0437,500000000,1194978702154.311,-2872355112.7326155,19.633891856518623,22.76225146280815,37.89267291613223,0.9559289815012361,0.7406104463374154,0.4732378355600494,0.09108636589535259,0.2493422717134031,44.53838941965974,81282.56069087902,38465.98309012994,42816.57760074908,4281657.760074908,1049643.0115340003,81921.907933765,3232014.7485409076,4199735.852141143,1043.4219442392905,119.05510670274323,0.6649613412156512,0,1,0,1,0
1257671815.7083282,590339261.8072906,3813531877.4604115,1857158360379.2021,500000000,1853344828501.7417,-3313531877.4604115,22.539792937819318,22.45425570147707,41.2664635320201,0.9704030037866382,0.7629884456700087,0.5141569193245515,0.10838243923605867,0.39469328566067297,53.93291442165499,98427.56881952037,50607.21556084988,47820.35325867049,4782035.325867049,911033.0568819038,60706.24682596378,3871002.2689851457,4721329.079041085,985.1536146115975,105.90238291577663,0.6193149882669272,0,1,0,1,0
1472911645.4768174,543322253.1158786,3825212664.9765863,2678641664503.905,500000000,2674816451838.928,-3325212664.9765863,27.46543579645572,27.3798146171388,44.09475134599463,0.9270900913720639,0.7846197029229318,0.49371059411039303,0.03572692960891751,0.23212034834658957,81.93936404581221,149539.3393836073,73829.15608995645,75710.18329365084,7571018.329365084,2253457.336175619,580634.5697623236,5317560.993189465,6990383.75960276,719.354732343602,71.52683131496822,0.6408684205252677,0,1,0,1,0
1813414691.4495175,514840757.4360631,4042405739.8588533,930790917958.4365,500000000,926748512218.5776,-3542405739.8588533,16.38976964886981,32.011049287135826,48.783933628772814,0.7885806579770424,0.8497767561265039,0.506683057208844,0.1064074210385098,0.21544600446860818,41.508048070314395,75752.18772832377,38382.35006844536,37369.83765987841,3736983.765987841,1005991.7315492253,57996.544898447566,2730992.0344386157,3678987.2210893934,1480.196825506235,135.9069683998369,0.6604628095808485,0,1,0,0,0
1427355143.9689662,537100394.5499337,3752718771.959512,1803576605076.5698,500000000,1799823886304.6104,-3252718771.959512,21.451750531113444,26.034553627208496,29.355089377418018,0.7759431883986416,0.5820072521424572,0.3503582175394474,0.07594384793283777,0.2591100835217615,54.90384172598077,100199.5111499149,35105.72212480817,65093.78902510674,6509378.902510674,1209048.6510129669,103858.39033381133,5300330.251497706,6405520.512176862,708.0160280388401,78.05766901370507,0.8417766303101826,0,1,0,1,0
1768021979.6340768,399725692.11605895,3498625038.302311,672646204797.0774,500000000,669147579758.775,-2998625038.302311,19.468609923057958,26.902298600036218,50.38069664669354,0.8864727010524173,0.5531810256634692,0.36477071518345777,0.045207268638973876,0.4150765346486851,28.06739953381012,51223.00414920347,18684.651857350174,32538.352291853298,3253835.2291853298,1733581.4601456148,158570.83693801222,1520253.769039715,3095264.3922473174,2301.3427820752954,161.53708912632658,0.8211237811937038,0,1,0,1,0
1841158395.3295984,647675778.1865692,4645255567.121011,2036038252493.2454,500000000,2031392996926.1243,-4145255567.121011,22.672123042666072,22.326163873599977,52.66608159195156,0.9779690296398146,0.6673738892166529,0.4571376828919247,0.07820733664120177,0.434981483470885,56.58635745829539,103270.10236138909,47208.65530549729,56061.4470558918,5606144.70558918,433065.5571735182,13871.556186259426,5173079.148415661,5592273.14940292,897.9672326381658,89.40908046549629,0.7016394937261738,0,1,0,0,0
1818988549.1655014,687421696.6593788,4795164747.737738,540112410844.4723,500000000,535317246096.73456,-4295164747.737738,17.551027009427848,28.048170474951707,42.70199460845531,0.9207724408303922,0.4971785435164601,0.31843035257810504,0.029776938270999514,0.2931177334529038,31.067793758301654,56698.72360890052,18054.59454951072,38644.1290593898,3864412.90593898,1469399.5704781963,176709.6302480712,2395013.335460784,3687703.275690909,2002.145322842297,135.5857460918741,0.8542263098930164,0,1,0,0,0
1422553129.4209657,513844351.15705514,3647230260.090866,956231003740.0995,500000000,952583773480.0087,-3147230260.090866,16.22865287322343,21.33131271049909,35.385305373523735,0.9397373236391307,0.7960304714185789,0.5519627443075782,0.03760135175358287,0.5069100988946108,36.76034725655212,67087.63374320763,37029.874430002565,30057.75931320506,3005775.931320506,813390.3753285344,152466.13536898917,2192385.555991972,2853309.795951517,1663.5898052341581,175.23509038851523,0.5870990007764701,0,1,0,1,0
1715237849.1454716,650357669.950021,4530946208.759906,702578950103.0021,500000000,698048003894.2422,-4030946208.759906,21.66502944845231,20.81094068183814,44.372105732270654,0.9881930814670256,0.8488859425217438,0.5575812718757173,0.04532798690814506,0.30043005585561144,35.403010224214846,64610.4936591921,36025.601231010296,28584.892428181804,2858489.2428181805,787478.4482890982,94549.92852980287,2071010.7945290823,2763939.3142883778,2187.7945883860916,180.9012221850223,0.5322655814528272,0,1,0,0,0
1475034200.2436495,601108601.0828524,4077519865.1473866,790170345438.633,500000000,786092825573.4857,-3577519865.1473866,21.439313866616512,27.35310931823303,45.77224930465723,0.7860328528360181,0.7716380639257361,0.4844798495762142,0.06032399584946428,0.37509678544750197,49.90855118225618,91083.10590761754,44127.92944905694,46955.17645856061,4695517.645856061,2638553.4335764195,391060.67528212414,2056964.2122796415,4304456.970573937,1982.299857627787,116.15867074943307,0.7061470469876795,0,1,0,0,0
1166916942.7411733,560868511.4749383,3595184078.463352,1867048932697.8503,500000000,1863453748619.387,-3095184078.463352,17.690540169227873,24.74309472006656,32.318946525091924,0.8721098903798978,0.7500235300257179,0.4793342539597767,0.05242813792973207,0.33730292823279845,53.77435677056353,98138.20110627844,47041.00141223251,51097.199694045936,5109719.969404593,1593428.6401809866,94706.86631588699,3516291.3292236067,5015013.103088706,1022.4363517846415,99.70063681230545,0.6864660559357652,0,1,0,1,0
1992343847.1335468,547587218.2770953,4363109933.799857,590266531067.1104,500000000,585903421133.3105,-3863109933.799857,19.322112301238672,20.34741476517934,42.43299290472026,0.8691340322549276,0.7673327644718668,0.48396085836971775,0.12963188959127706,0.30060797888106716,18.358740967094583,33504.70226494761,16214.964467565873,17289.737797381742,1728973.7797381743,555249.3549261878,20538.110056948004,1173724.4248119865,1708435.6696812264,3717.320558016643,292.6653949418499,0.6772392346224204,0,1,0,0,0
1820303813.6781774,771284801.1030897,5159563366.466135,1327211236001.4614,500000000,1322051672634.9954,-4659563366.466135,20.938872367718037,23.946137276528738,37.304063105607725,0.8955188929214806,0.6465832846818214,0.4207561207742557,0.04974800286069174,0.3669370066467988,59.27202277056566,108171.44155628234,45513.79612778048,62657.64542850186,6265764.542850186,3346385.978020326,158286.74695445714,2919378.5648298603,6107477.795895729,1767.3498835074276,81.86685514206924,0.7563706153851197,1,1,0,0,0
1492024836.3401978,407167044.6070173,3254845057.015978,1015614663030.2666,500000000,1012359817973.2506,-2754845057.015978,14.15808952750944,26.39480180547484,50.577033769947356,0.9890386762591089,0.794611522519582,0.553460542880213,0.06453376854974055,0.47239518219672905,37.24801499935296,67977.62737381915,37622.93455002277,30354.69282379638,3035469.282379638,1670797.961165358,272274.07185375266,1364671.3212142799,2763195.210525885,2385.0761765256616,180.94993726658967,0.5650345134562889,0,1,0,1,0
1992147568.0919528,439353658.7193678,3894318983.67375,929223648383.3337,500000000,925329329399.66,-3394318983.67375,21.64726766248782,27.19133361366685,25.358032113211706,0.8724000851682705,0.6157463159504888,0.3986704998386035,0.03957966539074318,0.3757200142402385,32.86598183004757,59980.41683983683,23912.422762065537,36067.99407777129,3606799.407777129,1713882.6400866006,80083.81085722391,1892916.7676905286,3526715.5969199054,2057.311261722855,141.77497058075232,0.7858433217014019,0,1,0,1,0
1243981701.7372427,615794443.5923375,3910049379.1743536,1254627928879.0952,500000000,1250717879499.921,-3410049379.1743536,25.90798335565177,32.24101612689174,47.08323505357347,0.913878222451503,0.6561132007199476,0.42516422075236165,0.05738917845418698,0.3355364449409438,48.581250682206594,88660.78249502703,37695.3925007928,50965.38999423423,5096538.999423423,2343443.406046659,621600.5706520096,2753095.5933767636,4474938.428771413,1420.2374187735877,111.73338090760596,0.7450683166140677,0,1,0,1,0
2001782068.1265182,535356393.25724226,4319595083.206806,625589556272.3643,500000000,621269961189.1575,-3819595083.206806,22.340519072940143,31.370227443343374,53.79060294469791,0.8194920737977752,0.6574950200369829,0.4221139368946631,0.10050033397846746,0.40552666705183654,19.72969991635818,36006.702347353676,15198.930882435767,20807.77146491791,2080777.1464917911,1192195.961473356,167724.92140908682,888581.1850184351,1913052.2250827043,4861.227264357605,261.3624413616749,0.7725599633814304,0,1,0,0,0
2409385614.6908216,563038385.018265,4847047167.297053,661334570333.2203,500000000,656487523165.9233,-4347047167.297053,19.128484831515646,23.48625428870015,54.03890097687635,0.9680156126433642,0.7918753525655199,0.5285481468510141,0.07530797346184735,0.3688624222352657,46.16308310554682,84247.62666762294,44528.92695176819,39718.69971585475,3971869.9715854754,2183055.084040816,3331.0710094386563,1788814.8875446594,3968538.900576037,2709.641562716501,125.99095347847657,0.5948426312867274,0,1,0,0,0
1282613827.7749467,413123934.34849894,3071224263.6159906,904614453597.7185,500000000,901543229334.1025,-2571224263.6159906,22.266040409051058,28.62611788065849,43.95950252131006,0.9893772223328454,0.653014217574746,0.4051406672445573,0.03692846606609643,0.12110609852439158,35.07549966808031,64012.786894246565,25934.183194518704,38078.60369972786,3807860.369972786,685526.7017585716,43764.6548695166,3122333.6682142145,3764095.7151032696,983.631024089922,132.8340291650321,0.738247774018571,0,1,0,1,0
1331729869.0110612,504824365.5077442,3517355182.242845,1401952626088.2312,500000000,1398435270905.9883,-3017355182.242845,24.89115299949882,27.872302482907006,39.43715953541407,0.9007561088526478,0.6786912789906046,0.41060854288330245,0.04899437829366871,0.1369103530536544,62.332445484095146,113756.71300847363,46709.478171603376,67047.23483687025,6704723.4836870255,2425960.3543312554,180673.3891198663,4278763.12935577,6524050.094567159,822.0495212999637,76.6395096224614,0.7489804968583154,0,1,0,1,0
1518244852.3785312,485296439.3561479,3619324464.9111776,1537752183092.7815,500000000,1534132858627.8704,-3119324464.9111776,18.545481356191345,32.740094489314515,50.95424634457396,0.9453680243469276,0.8699601704403066,0.5654446270546882,0.08807009558787358,0.31228553499314443,77.29222069661418,141058.3027713209,79760.65940349683,61297.64336782406,6129764.336782406,3505423.1462198286,666651.070534153,2624341.1905625775,5463113.266248253,1379.1364011381868,91.52290564595428,0.534959946159415,0,1,0,1,0
1789043449.729726,487759039.69839567,3900784832.993221,908640505885.4967,500000000,904739721052.5035,-3400784832.993221,28.57225520024868,28.200535956392656,54.861800105436274,0.8233777956756146,0.7452913265183106,0.44434892954551364,0.11922139459441014,0.17629638528491867,31.27505209811495,57076.970079059785,25362.09055633153,31714.879522728257,3171487.952272826,1654483.1019323596,220645.3858108657,1517004.8503404662,2950842.5664619603,2571.3726835598154,169.44312979716045,0.7273224668490516,0,1,0,1,0
1658342903.5948982,710822586.2506483,4735832707.724543,967551593555.1628,500000000,962815760847.4384,-4235832707.7245426,15.41980772155231,24.927139286873427,48.060072385834914,0.9468479953276853,0.536794141588181,0.35231097266760797,0.03550822314534749,0.3400483043613239,31.45536075016805,57406.03336905669,20224.775453241524,37181.257915815164,3718125.791581516,845108.0587474393,114118.041831909,2873017.732834077,3604007.749749607,1648.3826930831017,138.73444085538887,0.8209335594509652,0,1,0,0,0
1918611037.5883958,423192134.2982919,3750811510.227315,3466593073484.8804,500000000,3462842261974.653,-3250811510.227315,22.93400107948616,29.073211923194318,34.66765036922209,0.8119826369650713,0.846250086687758,0.5212552940874482,0.08350275126353175,0.28985914414912084,120.15859662816551,219289.43884640204,114305.78093615279,104983.65791024925,10498365.791024925,4240031.646380995,135979.45550793502,6258334.14464393,10362386.33551699,599.3306562957129,48.251433966156455,0.6418244407488687,0,1,0,1,0
1662886099.1389453,575517834.9407953,4154577139.047076,2246337198679.7734,500000000,2242182621540.7266,-3654577139.047076,16.411085924781375,27.148505536852046,51.87950549977668,0.7719383808109973,0.7842984549281041,0.4916837027509562,0.12095953964635528,0.38560226549119875,103.90902897717515,189633.97788334466,93239.93641307583,96394.04147026883,9639404.147026883,2202082.430677333,271829.2530302094,7437321.7163495505,9367574.893996675,558.6119973691633,53.37560741792747,0.7023198968186674,0,1,0,0,0
2081141981.7328274,608856333.0618998,4717171271.4901495,1541200298952.5688,500000000,1536483127681.0786,-4217171271.4901495,17.111560042289856,25.121266998155594,41.30307705426716,0.966940379666619,0.6727185363705734,0.4467635529435664,0.0402281645186716,0.35500057161825094,58.94551294411394,107575.56112300794,48060.83989721282,59514.72122579512,5951472.122579512,3406811.9587228824,193302.88137689995,2544660.1638566297,5758169.241202612,1853.7529444957047,86.83315461140795,0.7093898172936798,0,1,0,0,0
1620787271.3428984,738242903.1115264,4816992697.62302,1382434369934.253,500000000,1377617377236.63,-4316992697.62302,26.124597999997725,24.372117135436774,34.32937807087433,0.941787886204025,0.8478216980680638,0.5545631055204977,0.1214117442872466,0.3350432364871533,52.27856592526974,95408.38281361728,52909.96906580808,42498.4137478092,4249841.37478092,2359710.9966039793,63188.790363043256,1890130.378176941,4186652.5844178773,2548.4975815631733,119.42715329686742,0.5571989926304866,0,1,0,0,0
2032499103.4809299,631117557.5212038,4764907845.194486,1293455151933.55,500000000,1288690244088.3555,-4264907845.1944857,13.062190623474883,23.959308201535126,49.48564964925917,0.9729651104590276,0.7048929980942286,0.46447524869747026,0.11322345915255852,0.3254625575596471,42.648782195332515,77834.02750648184,36151.979283198896,41682.048223282945,4168204.8223282946,1477010.8465838803,97499.17597807548,2691193.975744414,4070705.646350219,1770.5553327409107,122.82882709740959,0.6814460168935348,0,1,0,0,0
1314397955.6764777,696769665.9727095,4331045969.308552,2314992189408.4834,500000000,2310661143439.175,-3831045969.308552,23.927983120347257,24.03519227481452,33.754329840823495,0.947010790761389,0.6956842115543476,0.46625576981531547,0.06367758572085176,0.4019109808548874,102.47018968414828,187008.09617357064,87193.60384310473,99814.4923304659,9981449.23304659,1361532.018465841,123404.43722541229,8619917.214580748,9858044.795821177,502.44635319495967,50.71999674945177,0.6928211614420188,0,1,0,0,0
1569028127.416291,568198793.2062558,4029031546.88336,1217393306414.579,500000000,1213364274867.6958,-3529031546.88336,15.80182565930296,24.841228786308196,44.5097401469716,0.8895422768122181,0.7988197628573228,0.499901895552939,0.053224666944461416,0.25509805442095096,64.54983977811719,117803.45759506387,58890.171754462695,58913.28584060117,5891328.584060118,3215896.169428132,270459.8470748503,2675432.4146319856,5620868.736985267,1505.936582381419,88.95422102814896,0.6447777361382159,0,1,0,0,0
1921459812.997113,485575719.0154943,4023748560.2994814,1001402553023.4879,500000000,997378804463.1885,-3523748560.2994814,23.27613429547072,27.309881361148243,35.02708668715356,0.892939787315969,0.7264499066155562,0.49780445077704877,0.0379708944099421,0.5188736459873565,43.048911302843,78564.26312768848,39109.6398569825,39454.623270705975,3945462.3270705976,1109465.5131675988,142460.1420107562,2835996.813902999,3803002.1850598413,1418.8127929388809,131.47507565582225,0.6770861875883749,0,1,0,0,0
1737187836.438606,593654931.3591123,4307403012.162823,1063869646347.249,500000000,1059562243335.0862,-3807403012.1628227,13.020853745984706,29.55629041979703,52.43908472756451,0.9174360257883373,0.7010608301516302,0.47043369108103084,0.07805367763230601,0.43487295385745384,34.065311122554306,62169.19279866161,29246.482839802622,32922.709958858984,3292270.9958858984,1479516.3684389074,199284.01988740367,1812754.627446991,3092986.975998495,2376.1644002692146,161.65603149317732,0.6974271821679979,0,1,0,0,0
1713493726.2350116,658440268.1488873,4564195506.18952,4575066285819.143,500000000,4570502090312.953,-4064195506.18952,16.806420467665237,27.964294063144173,39.124835982947246,0.8825158043348859,0.6864128835074138,0.44108770417040266,0.12806936710637007,0.3428532597909786,129.28431987237803,235943.8837670899,104071.94600387402,131871.93776321586,13187193.776321586,3666930.9969546297,174352.71825928328,9520262.779366957,13012841.058062304,479.4190677258819,38.42358465526768,0.7328022052900574,0,1,0,0,0
1288384851.0328684,502969619.4725983,3465980084.5755434,2488090823538.5234,500000000,2484624843453.9478,-2965980084.5755434,14.526389071730398,21.472778357687822,54.572815908542935,0.8797448125530528,0.8307316727816598,0.5045588666795794,0.040854730635673214,0.17242667037074155,83.83486095411924,152998.6212412676,77196.8109370322,75801.81030423539,7580181.030423539,4011889.117131917,327314.6695270497,3568291.913291622,7252866.360896489,971.3275059321871,68.93826180166894,0.6312522950184262,0,1,0,1,0
2234798038.7374887,613468782.0766101,4890796818.898474,2106452347296.738,500000000,2101561550477.8396,-4390796818.898474,16.977303138360007,33.11043076009124,57.98970714149213,0.9526432753222143,0.7201145305735442,0.4454433069143246,0.11204132730123104,0.15112317227125227,129.51436869365605,236363.7228659223,105286.63834797738,131077.0845179449,13107708.45179449,6853956.307818685,814482.2789889497,6253752.1439758055,12293226.17280554,782.057987956837,40.67280573638798,0.694420428088957,0,1,0,0,0
1582488134.5108194,490789575.28740185,3707350150.906433,938528126511.1931,500000000,934820776360.2866,-3207350150.906433,16.250739705125667,31.731961365008114,31.59936668594657,0.9448612931722301,0.723959763608485,0.49072761728970626,0.05650151320606217,0.4370068573688075,29.68598108976948,54176.9154888293,26586.108649938982,27590.806838890316,2759080.6838890314,1001256.5923433098,129834.95489042684,1757824.0915457215,2629245.7289986047,2109.0564003172917,190.16860785790226,0.664321915895786,0,1,0,1,0
1712146627.2939258,736190569.4729928,4899466522.965665,1217796982055.5535,500000000,1212897515532.588,-4399466522.965665,27.200748135735623,18.85673727164373,37.49262098779067,0.8952297542544612,0.8086212040932351,0.4764846682901523,0.08692977431789747,0.057755158680602284,44.65834895775509,81501.48684790303,38834.20892587728,42667.27792202574,4266727.792202574,2735713.148282616,339557.87164575956,1531014.6439199583,3927169.9205568144,3200.143475062548,127.3181477029411,0.6550719091419992,0,1,0,0,0
1601546053.2228348,484996216.20492524,3701325856.6262794,1013964984940.0112,500000000,1010263659083.385,-3201325856.6262794,16.937418656170873,24.88878296329647,40.65500320596018,0.8807536594866393,0.5268419946972878,0.3187461830001265,0.03594211180216813,0.15901661961789382,32.91957110471345,60078.217266102045,19149.702435022322,40928.51483107972,4092851.4831079724,987986.5715407714,99594.63321678046,3104864.911567201,3993256.849891192,1192.105280599152,125.2110792757105,0.8520960289389243,0,1,0,1,0
1951966599.841156,489625555.0236526,4071789017.6607265,937796407268.4517,500000000,933724618250.7909,-3571789017.6607265,19.68622119932379,27.394981294103985,32.12609077930173,0.9517306031654438,0.8005430335201432,0.5280465822832909,0.07959438014114316,0.3500266195270489,28.59121375912082,52178.9651103955,27552.92419362342,24626.040916772075,2462604.0916772075,729557.0414167725,39184.29645296629,1733047.0502604349,2423419.795224241,2349.497099371212,206.32001149175008,0.5976806203053437,0,1,0,0,0
1824971402.9804153,588377777.2627655,4372339263.157175,1478375318360.226,500000000,1474002979097.0688,-3872339263.157175,19.817336213794377,28.16565730233632,35.49345612666584,0.8735630481529337,0.7577052328824865,0.4966618108368754,0.09364607278227069,0.41073595607649405,43.58083683787051,79535.02722911368,39502.01064857179,40033.01658054189,4003301.658054189,1529771.186933284,128335.55825188455,2473530.471120905,3874966.099802304,1767.6512637322821,129.03338690511626,0.6712579119800625,0,1,0,0,0
1565128888.7546165,369859596.47944087,3166427383.121284,1711214335076.9988,500000000,1708047907693.8774,-2666427383.121284,14.824951624906463,25.85483617709034,31.269073195681685,0.9466528046258286,0.7536041558415606,0.4632172325853403,0.1277092609449112,0.13741049457595814,56.521525648149385,103151.78430787261,47781.68406333269,55370.10024453993,5537010.024453993,761878.8966529293,16279.795552362039,4775131.1278010635,5520730.228901631,663.1079437140852,90.56772913525911,0.6695401371429819,0,1,0,1,0
2175359875.1162095,292074915.7437267,3439891408.905136,890521597365.0419,500000000,887081705956.1367,-2939891408.905136,17.5810202727122,33.1026330657026,37.03290086222666,0.9522617908305948,0.6471914581707036,0.3983721597389545,0.12910564708499675,0.13585652410828514,26.610226282050647,48563.662964742434,19346.411300099124,29217.25166464331,2921725.166464331,1687509.5571277107,146741.28213182167,1234215.6093366204,2774983.8843325092,2787.107360239955,180.18122657323804,0.7544849521610741,0,1,0,1,0
2078832807.0818484,552372623.9007131,4470317195.755117,697750189645.8125,500000000,693279872450.0574,-3970317195.7551174,17.121244744954925,28.589548043779736,36.420723064223765,0.9320728399571263,0.7271031946631595,0.4914629203720802,0.09633482289777712,0.4413965726327687,31.229212972551828,56993.31367490708,28010.10038035185,28983.213294555233,2898321.3294555233,1679751.4873709555,18234.001790251048,1218569.8420845678,2880087.327665272,3668.4948546797214,173.60584701621613,0.6669291212417857,0,1,0,0,0
1646996936.1344857,474137029.9739015,3699762146.0886774,2366639104402.696,500000000,2362939342256.607,-3199762146.0886774,19.781931270150398,23.42694623566249,53.686985593064435,0.9218490208539045,0.692452199393339,0.41980699083294176,0.043521905750272635,0.12036352424521718,67.32339319552155,122865.19258182684,51579.6667758866,71285.52580594024,7128552.580594024,2002902.2109766223,278585.38782612,5125650.369617402,6849967.192767903,721.8132098941509,72.99305032115961,0.732021924333862,0,1,0,1,0
2052617160.6464756,763105645.9483323,5356465252.006442,815357993888.5828,500000000,810001528636.5763,-4856465252.006442,14.86214553626533,18.700194579059247,32.52739590673317,0.8049661521840532,0.7870483867791963,0.5087671073943385,0.04003269561046834,0.4405309057115155,26.19472142976014,47805.36660931226,24321.798087745694,23483.568521566565,2348356.8521566563,563319.085701078,17539.715732842433,1785037.7664555784,2330817.136423814,3000.7573804123995,214.51704305175687,0.6776719669366295,1,1,0,0,0
2305366133.8217382,689978705.597817,5292612842.939536,1042584943563.598,500000000,1037292330720.6584,-4792612842.939536,17.53964211690839,20.82833498782086,45.15641006265746,0.895405152759445,0.6481254652115863,0.42438855451916807,0.07991477654380899,0.38542817798277695,33.14164925652219,60483.50989315301,25668.509335801005,34815.000557352,3481500.0557352,1854196.0761221286,36282.94177815513,1627303.9796130715,3445217.113957045,3252.3811833840505,145.12873455040952,0.7537125186368163,1,1,0,0,0
1767509091.3940358,476737806.2079854,3831534301.379225,1123622661517.3945,500000000,1119791127216.0154,-3331534301.379225,16.643698863315556,25.82192720930728,52.06911190450267,0.7684903320631743,0.7149526715081254,0.4842220378763993,0.024910473125799013,0.6082204661955477,35.76100557256467,65263.83516993053,31602.187265613178,33661.647904317346,3366164.7904317346,1128505.6108386738,86519.85195719976,2237659.179593061,3279644.938474535,1712.2957492016387,152.45552777202937,0.7339518442800936,0,1,0,1,0
1258701268.0224562,609406403.4303311,3897112074.6071076,1429101886803.0457,500000000,1425204774728.4385,-3397112074.6071076,17.85042833504223,22.746463862733563,41.46158244322516,0.9078887485399464,0.7394535669445232,0.44767491291722084,0.09348868428950294,0.1312348978505159,53.56855014708098,97762.60401842279,43765.86524050817,53996.73877791462,5399673.8777914625,917330.3880184523,212607.89368402277,4482343.48977301,5187065.984107439,869.4362856168484,96.39360700865214,0.6994572195471715,0,1,0,1,0
1485961327.3830612,560728630.7084816,3913622852.5901957,2449830573957.7534,500000000,2445916951105.163,-3413622852.5901957,20.006915393890885,24.73941644151318,50.710762970330336,0.9265267112582113,0.7441965465967598,0.478809156092293,0.03795819267263514,0.30093368888190897,78.59094288928948,143428.4707729533,68674.86505040588,74753.60572254742,7475360.5722547425,2248059.1373882354,208389.2238607122,5227301.434866507,7266971.348394031,748.6889557365158,68.80445456971532,0.6698524784373189,0,1,0,1,0
1138503901.6675787,530839783.9195041,3436762361.989777,2200000895088.969,500000000,2196564132726.9795,-2936762361.989777,16.046518486073552,28.327422608064303,46.32983723998916,0.8673440917411941,0.69519936687434,0.46145651810402427,0.10793938568517455,0.4535014402086462,61.49782219534833,112233.5255065107,51790.891894773624,60442.63361173708,6044263.361173708,2068077.5015604033,81050.65053142354,3976185.859613305,5963212.710642285,864.3364478752036,83.84741988285474,0.7217523038080755,0,1,0,1,0
2120851051.069101,435159954.90558827,4004865923.8256044,871899448811.2582,500000000,867894582887.4326,-3504865923.8256044,20.7862164728729,22.511982280763146,47.018911620121216,0.8961343601527315,0.8831837553882581,0.5350408566595098,0.07583915860430732,0.14626355044083614,30.447418889808603,55566.5394739007,29730.3688817203,25836.170592180402,2583617.05921804,1011225.6222344826,89949.74757519702,1572391.4369835577,2493667.3116428433,2546.990418307323,200.50790162164694,0.5765412133436312,0,1,0,0,0
1478248594.3084707,453680858.43067,3442449286.79582,1007023686546.902,500000000,1003581237260.1062,-2942449286.79582,17.170199440609803,24.261616981277182,45.97559194241235,0.9380241521398612,0.371483849170661,0.24272026991599763,0.07963552471097206,0.3355655150652426,32.130667507435014,58638.4682010689,14232.744829224088,44405.72337184481,4440572.337184481,1666224.4208180886,70853.0167861471,2774347.9163663927,4369719.320398334,1240.8138382674263,114.42382527086913,0.9154214950707653,0,1,0,1,0
1782169008.6017349,636758647.0345991,4539000715.760475,1847760820342.601,500000000,1843221819626.8406,-4039000715.760475,23.614737500659707,28.220907702787798,53.75162861431832,0.8726465203696911,0.6297605862650797,0.4083937781518862,0.08549681600763226,0.3801712079829305,110.2220560127092,201155.2522231943,82150.55345052593,119004.69877266836,11900469.877266835,2434487.476495456,291563.6706081007,9465982.40077138,11608906.206658734,479.5065661003758,43.07037985311707,0.7755637751328475,0,1,0,0,0
2138101548.2873313,532446663.06912714,4443316954.400345,997244858951.4667,500000000,992801541997.0663,-3943316954.400345,15.47906281133923,22.387946032161338,36.54047781883466,0.8656770881071861,0.622607676339063,0.4007079070566565,0.03728113163366111,0.36493245820870224,34.66595607368064,63265.369834467165,25350.933935534667,37914.4358989325,3791443.58989325,2329544.2089177184,213140.3892678749,1461899.3809755314,3578303.200625375,3039.413664321618,139.73103227043916,0.7840275741219878,0,1,0,0,0
1277756774.1923423,370933118.36731124,2883703056.527956,3265866192671.6064,500000000,3262982489615.0786,-2383703056.527956,17.606314497731425,29.28558402068539,43.243709702779114,0.8876569108391558,0.7260143551143178,0.49163100429261836,0.08318252668158409,0.4904418807206748,126.93983938106092,231665.2068704362,113893.79831336974,117771.40855706646,11777140.855706647,2684066.7890872816,394161.2438219805,9093074.066619366,11382979.611884667,317.1318121243526,43.9252302163454,0.6831675833306957,0,1,0,1,0
1695086367.1633053,713129640.0359701,4782564506.834392,608632808168.2161,500000000,603850243661.3817,-4282564506.8343916,16.083661549022473,20.479712755387173,38.85103109345002,0.8602744287068689,0.719583873312701,0.46657428870929196,0.08931008557987735,0.3924549609739752,22.90835560600692,41807.748980962635,19506.42074332927,22301.328237633366,2230132.8237633365,466534.76217828895,92940.86237129163,1763598.0615850475,2137191.961392045,2711.822274592446,233.95184383639946,0.7111720363712708,0,1,0,0,0
1645397870.322681,560664399.8546467,4072781309.5466022,1167253768461.4326,500000000,1163180987151.886,-3572781309.5466022,18.119176981559967,33.892270160297315,43.55137367488416,0.8698699978736545,0.6145147366206271,0.40905699758726943,0.11991881783447275,0.45911708102484056,30.894687172546053,56382.80408989654,23063.780556564296,33319.02353333225,3331902.353333225,1418028.8633107261,78775.28929981361,1913873.4900224989,3253127.0640334114,2128.0305781855645,153.69826943681431,0.7813394276088165,0,1,0,0,0
1677348031.093775,551911019.6152284,4066833914.781975,1486114971707.2656,500000000,1482048137792.4836,-3566833914.781975,26.091671477781567,25.4362833005913,48.68061147497462,0.9527009456947706,0.7560296457523206,0.5010794821779436,0.08436780299235308,0.36330624929557775,40.02866836005477,73052.31975709996,36605.01855578521,36447.30120131475,3644730.1201314754,1255565.4906536378,8759.785477912876,2389164.6294778376,3635970.3346535624,1702.1991137005905,137.51487332958132,0.6390874019598555,0,1,0,0,0
1168376385.6406827,639817059.3744935,3938449417.6741652,1455282012501.948,500000000,1451343563084.274,-3438449417.6741652,15.893180234010615,25.77550089089159,39.702667368932495,0.9450588255808863,0.7684985861996315,0.5346713765386533,0.0401073198764349,0.5113213548284538,55.47386827168782,101239.80959583027,54130.02835711373,47109.78123871654,4710978.123871654,1240258.6107779213,100936.31574994953,3470719.513093733,4610041.8081217045,1134.7645359458927,108.45888623377103,0.6116808127911408,0,1,0,1,0
1988474199.5789256,553883755.8481795,4386500998.764995,775966941752.6412,500000000,771580440753.8762,-3886500998.7649946,21.643271903332863,27.91849191665599,29.18489326464936,0.8280579433624896,0.5821922848998508,0.33584400398342823,0.09795462754332217,0.0650034016852187,23.5087702949068,42903.505788204915,14408.885168836927,28494.62061936799,2849462.061936799,1015089.7613262795,40947.61726798372,1834372.3006105195,2808514.4446688155,2391.281746516272,178.03006174638378,0.838093318073793,0,1,0,0,0
1768462217.2709455,548569600.4583647,4143481504.6727047,1899138766978.2039,500000000,1894995285473.5312,-3643481504.6727047,14.694340140642979,25.523939678227165,28.693908289294757,0.924491695751737,0.6615457194539062,0.4490131669580226,0.07695323716197329,0.46083410573432493,59.610021833764534,108788.28984662029,48847.374551978275,59940.915294642014,5994091.529464201,2110070.424340317,168119.26946260114,3884021.105123884,5825972.2600016,1066.8020055829602,85.82258508725936,0.7253864548998779,0,1,0,0,0
1602159897.3015122,624176016.5288016,4304515399.230235,2065192045018.1685,500000000,2060887529618.9382,-3804515399.230235,26.555608945669128,25.071260576648555,29.891234563579715,0.9200905885900126,0.8678161522215395,0.5365023281003177,0.05262399190054186,0.18441654894406267,58.29736879989087,106392.69805980084,57079.93020195731,49312.76785784353,4931276.785784353,1804485.4468590403,209950.83462024035,3126791.3389253123,4721325.951164112,1376.65578948089,105.90245307607233,0.5716192681288267,0,1,0,0,0
1887564520.9194994,541302580.2858353,4231121414.0192885,1799163281102.1853,500000000,1794932159688.166,-3731121414.0192885,23.37732997517452,25.937512294355464,38.81517250064067,0.8031402315071478,0.7087206250761201,0.444262394768253,0.060392158232576015,0.3521472588497507,64.17298511212152,117115.69782962179,52030.100382742865,65085.59744687892,6508559.7446878925,3340080.9182954323,1037504.6527748491,3168478.82639246,5471055.0919130435,1335.3794189108478,91.39005029195691,0.7471249355383138,0,1,0,0,0
1859834556.8456864,499510211.7822585,4022452365.4988337,757039317882.0242,500000000,753016865516.5254,-3522452365.4988337,25.154916059044517,27.81675917623499,41.6747725540618,0.8585905235556233,0.6879125446164315,0.4457725800630448,0.048641826293653476,0.39243122461315255,34.913129032516224,63716.460484342104,28403.050982590223,35313.409501751885,3531340.9501751885,1264423.715501869,205190.20546805396,2266917.2346733194,3326150.7447071346,1774.4151855100704,150.3239144514554,0.7367110266562469,0,1,0,0,0
1724682722.3973677,592419185.3446623,4289547764.5811987,626753763987.4984,500000000,622464216222.9172,-3789547764.5811987,22.295088041426116,25.307674740793704,45.59799065949778,0.8084055972773493,0.859746421035779,0.534203354086674,0.047141485552737526,0.32010295629318497,28.455449716119553,51931.19573191819,27741.818941722264,24189.376790195925,2418937.6790195927,872132.423318666,67512.19810173362,1546805.2557009268,2351425.480917859,2773.166013479449,212.63697448954633,0.6287159447176707,0,1,0,0,0
1978495272.527689,509201351.2526935,4183070643.429914,2914680387156.978,500000000,2910497316513.5483,-3683070643.429914,15.421891772816142,27.189398365192112,53.68757313142039,0.9184817139907129,0.8334537727716187,0.550177562777518,0.044727144013311244,0.38589749945368435,83.28045955781943,151986.83869302046,83619.74848638575,68367.0902066347,6836709.02066347,1523200.854489544,52801.466563741,5313508.166173926,6783907.554099729,787.2521341097325,73.70383455444262,0.5788324461932071,0,1,0,0,0
1188170075.9914227,555926778.6544173,3595042094.754666,1750023110985.842,500000000,1746428068891.0874,-3095042094.754666,14.974564078978611,27.811675378683425,43.91598214650138,0.9393586454597757,0.701896040269988,0.49546077072582095,0.07448687809362332,0.5572989614506161,65.74374193975211,119982.32904004761,59446.53721966104,60535.79182038657,6053579.182038657,1459767.9107958586,176139.45117284678,4593811.271242799,5877439.730865811,782.5837594285999,85.07105523757443,0.6733268028108503,0,1,0,1,0
1703825573.3944125,487765104.47605735,3815593213.9713073,948829818579.1477,500000000,945014225365.1764,-3315593213.9713073,18.524251869676064,24.18055020570077,45.175583407720936,0.8961371041412826,0.7642276232021707,0.4929922376379685,0.0736683835887202,0.34030720081930294,32.58746918981894,59472.13127141957,29319.29907259613,30152.832198823435,3015283.2198823434,1077274.8048154763,143396.11641746177,1938008.4150668671,2871887.103464882,1968.8217988669867,174.10155134467462,0.6623729205983659,0,1,0,1,0
2337167943.764699,465153605.0990209,4351039625.300731,800227645065.7772,500000000,795876605440.4764,-3851039625.3007307,17.46226397659971,27.4555492667625,32.6621558848929,0.9233780349869082,0.8019368613938563,0.4959622206259592,0.08150901554540083,0.18206561098371205,40.313050502327535,73571.31716674774,36488.59383639696,37082.72333035078,3708272.3330350784,1034724.6505285739,21736.897353832028,2673547.6825065045,3686535.435681246,1627.4404431872874,135.62869765487645,0.6327444971863683,0,1,0,0,0
2083275251.8139424,614160709.0183263,4742269713.526869,857072918513.6613,500000000,852330648800.1344,-4242269713.526869,12.503486508160455,24.74862242884635,42.762327640120816,0.8604860015908966,0.7966776697356924,0.46504529800363775,0.046912510183868814,0.06643247895508973,48.66205111415925,88808.24328334063,41299.855962880705,47508.38732045993,4750838.732045993,1894922.8428248696,176313.863799202,2855915.8892211234,4574524.868246791,1660.5074860311097,109.30096882206423,0.6811975049571122,0,1,0,0,0
1572780296.3241997,506890317.5002346,3767350100.510114,1997349747439.4883,500000000,1993582397338.9783,-3267350100.510114,22.236290119178285,20.684697592404856,30.274522662697223,0.9672257661391513,0.8431772734849309,0.5603907780425372,0.04238867702421456,0.3569610953191725,76.77415636174028,140112.83536017602,78517.94082123497,61594.89453894105,6159489.453894105,998226.2951618314,65508.758161781014,5161263.158732274,6093980.695732323,729.9279235813008,82.04817589103213,0.5429773445580848,0,1,0,1,0
1725584900.9176002,758783363.5124205,5010719771.307409,1355410892926.4377,500000000,1350400173155.1304,-4510719771.307409,18.27688318197729,29.569050760154727,34.262422683870135,0.9296871320867803,0.469494343194465,0.3159942507475484,0.035105100932518014,0.4314418535771831,74.61420511224149,136170.92432984072,43029.22920720913,93141.69512263159,9314169.512263158,3221453.822496764,207814.66630153646,6092715.689766394,9106354.845961621,822.4115528193191,54.906711681868416,0.8620739290221768,1,1,0,0,0
1834564199.8745446,479458673.87649906,3910369342.9544373,1119972756721.507,500000000,1116062387378.5527,-3410369342.9544373,22.15692196191125,33.34691228193062,50.489058671210024,0.9050915189527872,0.6608223136875255,0.42432257603547846,0.10890331454477178,0.3171542792357817,39.01684815337717,71205.74787991334,30214.206368937637,40991.5415109757,4099154.15109757,1668920.848871955,378616.9526307806,2430233.302225615,3720537.1984667894,1609.0510073141165,134.3891952500964,0.7462106849852017,0,1,0,1,0
1922190077.7062492,420839156.07086027,3744203386.003001,2290608328372.0225,500000000,2286864124986.0195,-3244203386.003001,19.489605958996556,26.018459781677794,39.06964157641265,0.9004545004259998,0.7993289113345986,0.5313831990021489,0.10989186386139373,0.42467640106717564,83.08816139592291,151635.89454755932,80576.76672823458,71059.12781932474,7105912.781932474,2682980.7176554264,440002.23971581506,4422932.064277047,6665910.542216659,846.5432730120425,75.00850736495659,0.6175319924010861,0,1,0,1,0
1045730513.978646,480040926.03747904,3124056504.205926,1335640972507.0403,500000000,1332516916002.8345,-2624056504.205926,20.488771579741424,19.578863248432494,35.356456614906406,0.9148400981344208,0.7590504223346701,0.5084225823239201,0.07438367345085597,0.43218943657206926,57.3511865825946,104665.91551323514,53214.51504653626,51451.400466698884,5145140.046669888,2745373.6431848295,37782.31549828376,2399766.403485059,5107357.731171604,1301.8169183754792,97.89797901728382,0.6469463951769863,0,1,0,1,0
1243668011.6169581,475173844.694918,3300922086.7175574,2384520659783.4565,500000000,2381219737696.739,-2800922086.7175574,13.828699930782621,22.23731579336456,35.33864700814766,0.9487809511718867,0.684082804025245,0.45275699571261174,0.04754756759507959,0.36307134491439036,78.4472773190712,143166.28110730494,64819.53532149063,78346.7457858143,7834674.57858143,1049356.8924124877,211973.70012193342,6785317.686168943,7622700.878459496,486.4801088747977,65.59354852988106,0.7061404563849616,0,1,0,1,0
2091989506.611307,483038459.7145007,4183293248.9626827,846018539591.1031,500000000,841835246342.1405,-3683293248.9626827,21.772310990486538,19.19576345772936,33.558199044999945,0.760055925637274,0.8436297619626492,0.48084862475593887,0.05566275406592039,0.10506119990004942,29.237271377710492,53358.02026432165,25657.130663798584,27700.889600523064,2770088.9600523063,913994.1290660521,113030.97123401269,1856094.8309862542,2657057.9888182934,2253.8143952159216,188.1780533598257,0.691677073065424,0,1,0,0,0
1954684139.8877351,438990343.6429955,3855282591.3222904,1262220040516.5815,500000000,1258364757925.2593,-3355282591.3222904,15.121833064947584,21.091757560504544,32.63670480741896,0.8235434768881927,0.7059784533091,0.47622041711871516,0.046096485271822196,0.5428035912095894,42.539224134160655,77634.0840448432,36970.93588646462,40663.14815837858,4066314.815837858,2245607.4250705447,155896.61964566328,1820707.390767313,3910418.1961921947,2117.4641300805247,127.86356213432097,0.7231235683944706,0,1,0,1,0
1895973795.380961,555906922.279206,4302759846.4309635,636712331687.7058,500000000,632409571841.2749,-3802759846.4309635,25.96933708904192,22.24659996711877,34.746619327111155,0.7849677995481604,0.8631311738342496,0.5194490125246408,0.04165056608122755,0.24827914712731072,25.332673195141776,46232.12858113374,24015.233538382145,22216.895042751592,2221689.504275159,870619.3223031656,141353.07110937074,1351070.1819719933,2080336.4331657882,3184.7049130717596,240.3457402508287,0.6480576179544237,0,1,0,0,0
1202816825.9973578,619283801.0085022,3883991594.963247,1819936105426.5813,500000000,1816052113831.6182,-3383991594.963247,20.55666160563031,28.149037513157893,53.01168536417102,0.8411696742195417,0.6272259180344548,0.4045344765274579,0.10589388719543089,0.3965333643067995,70.64103104652236,128919.8816599033,52152.5368412708,76767.3448186325,7676734.48186325,3013128.3758203876,242408.260602992,4663606.106042862,7434326.221260258,832.8301118592691,67.255590502624,0.7865662262170183,0,1,0,1,0
1850310401.826921,631166215.1353465,4582929805.545756,2601354814831.5728,500000000,2596771885026.027,-4082929805.5457563,15.656929443849899,23.381048944700833,47.145501855739234,0.8826658932789501,0.7606843985320958,0.4865479942690988,0.043843118953491474,0.3287664704185423,112.02424808409592,204444.25275347504,99471.94111704796,104972.31163642708,10497231.163642708,3272205.7388611017,469652.98961114854,7225025.4247816065,10027578.17403156,634.3133118710495,49.86248836183108,0.6733169954834999,0,1,0,0,0
2303032652.542922,659674816.0323446,5159079378.757636,2687794318427.4785,500000000,2682635239048.7207,-4659079378.757636,17.221918744458428,24.204104016279373,38.23358034712025,0.9662669792241981,0.8288440278554894,0.5451706359794111,0.03994270817150868,0.3268463015705901,82.5416692501921,150638.54638160058,82123.7121338712,68514.83424772938,6851483.424772938,3810629.581550657,313952.9836873721,3040853.843222281,6537530.441085566,1696.589065027456,76.48147943720693,0.5633812250703689,1,1,0,0,0
1078025972.7155805,742796127.5721277,4293944478.074021,3018239625401.613,500000000,3013945680923.5386,-3793944478.074021,26.70474109819919,30.853586150311397,42.53665267321891,0.8779641351457151,0.5296989136347876,0.3399156848964204,0.08771972784723114,0.3434654658922251,72.00645133421682,131411.77368494569,44668.92305557171,86742.85062937398,8674285.062937398,2344755.921922665,198420.07314639533,6329529.141014732,8475864.989791002,678.3987216757845,58.99102930523779,0.8419199507765198,0,1,0,0,0
1362099591.85931,619557111.21715,4044457650.9973845,3084701689444.2217,500000000,3080657231793.224,-3544457650.9973845,18.185656897700312,29.887490313869385,34.85554954091772,0.9572243240617259,0.7967788072121449,0.5204488729936707,0.027143172785786505,0.31510068602736196,102.46127612737435,186991.8289324582,97319.68662692313,89672.14230553506,8967214.230553506,2759752.4571034512,83598.55956603914,6207461.773450054,8883615.670987466,651.5477337767816,56.28338938985437,0.6030556976550755,0,1,0,0,0
1757349977.8830671,519153809.25865936,4005014283.537555,807646536933.7092,500000000,803641522650.1716,-3505014283.537555,17.224637953304576,31.441902725506576,53.268405747603055,0.9735213831119071,0.6169093721061004,0.414059433153774,0.040143593654564116,0.3798230197251736,33.26263056377786,60704.3007788946,25135.1883705053,35569.112408389294,3556911.2408389295,1398143.8145590776,161211.44945530992,2158767.426279852,3395699.7913836194,1855.2319415154843,147.24505425029605,0.7513264773778622,0,1,0,0,0
2042671470.765944,580039848.8448343,4553940464.375881,1597654317516.1382,500000000,1593100377051.7622,-4053940464.375881,17.705841525670078,26.040510783712186,41.99666665500601,0.8807599648011912,0.8916261777727282,0.5489419428097883,0.06861643758907505,0.21392513344359523,59.869807236429764,109262.39820648433,59978.71314752423,49283.6850589601,4928368.50589601,1273570.0234531164,61593.001318939896,3654798.482442894,4866775.5045770705,1246.0168423108225,102.73742841225439,0.5689111489310827,0,1,0,0,0
1266550144.659097,574030876.4670765,3751803432.5450664,1434625124772.8804,500000000,1430873321340.3352,-3251803432.5450664,15.074670017498155,20.71126594979023,42.470781932616994,0.8488716415241726,0.8458598889119587,0.531351413360318,0.13337396574385774,0.30991519656819133,47.7492171464653,87142.32129229917,46303.195582162094,40839.12571013707,4083912.571013707,509326.32709839666,29493.704136688386,3574586.2439153106,4054418.866877019,1049.5769794144474,123.32223591518876,0.6184756190600575,0,1,0,1,0
2336238288.6135406,493512490.27304566,4472889101.915611,1058678379551.2775,500000000,1054205490449.3618,-3972889101.9156113,18.668226767202093,30.728650826824996,42.40996881927285,0.9402015516114779,0.8112973783852663,0.4879805709243219,0.08771699441349609,0.07449073060654174,29.83850610389934,54455.273639616295,26573.115520500134,27882.15811911616,2788215.811911616,371008.54361146624,25037.5014412971,2417207.2683001496,2763178.310470319,1850.4367252962452,180.95104398633447,0.6277766898293197,0,1,0,0,0
1490433415.92152,667948727.1940024,4382301847.485502,620836933350.5198,500000000,616454631503.0343,-3882301847.4855022,18.224697896113767,28.221581256133863,32.622808781554525,0.9461812235187037,0.6931497230918487,0.45249279700414696,0.09454042925997094,0.3246007998639619,22.15948129031813,40441.05335483059,18299.285346321234,22141.768008509356,2214176.8008509357,1116665.1584296452,106730.17259045564,1097511.6424212905,2107446.6282604802,3992.943380370368,237.25393245792796,0.7032347470334331,0,1,0,0,0
1615537150.1106808,592180713.5997901,4179369734.4384828,1469867824052.3403,500000000,1465688454317.9019,-3679369734.4384828,20.96249353385106,32.21982668351627,35.85885129238706,0.957977300521536,0.6553040683333464,0.4001279336181786,0.06793260531060909,0.1037420014783851,60.492523693016814,110398.85573975569,44173.66602095984,66225.18971879585,6622518.971879586,2058258.6651409224,219398.22041185998,4564260.306738663,6403120.751467725,915.6729576242773,78.08692345609597,0.7488131186091072,0,1,0,0,0
1398903584.9104702,523946208.6923897,3667316472.109638,645409328619.9347,500000000,641742012147.8251,-3167316472.109638,21.31374935164778,24.71600553439245,48.750905366895246,0.9518472542418897,0.6559613752930394,0.42194556176158754,0.05707903978009546,0.2740164292543478,39.3132769699195,71746.73047010308,30273.214492764855,41473.515977338226,4147351.5977338227,1140837.3565229562,236829.90322917048,3006514.2412108667,3910521.694504652,1219.7901549379108,127.86017801733108,0.7365477255452412,0,1,0,1,0
1192025483.785452,630750056.8716011,3922843140.010111,1506484610597.8572,500000000,1502561767457.8472,-3422843140.010111,23.55227559377174,25.116449080208675,49.095217864322805,0.8391551582369684,0.7331196440772899,0.44938197142323866,0.045741532145447614,0.2454770455895929,63.293334000288645,115510.33455052678,51908.26186007356,63602.07269045322,6360207.269045322,1957986.26593121,152342.66421803753,4402221.003114112,6207864.604827285,891.1054527328612,80.54299373913472,0.7235397029598334,0,1,0,1,0
1652889950.1528714,695083573.9023756,4662238067.5019,815433933587.2789,500000000,810771695519.777,-4162238067.5018997,21.95231064008287,22.311361612339773,56.57209641745254,0.7699548880717509,0.880049433222016,0.510102230485684,0.05685862597246913,0.14743962600452276,26.228771730005363,47867.50840725978,24417.322806335447,23450.185600924335,2345018.5600924334,992802.786791305,202206.03902241515,1352215.7733011283,2142812.5210700184,3447.8506755767994,233.33819225133323,0.6543555637346935,0,1,0,0,0
1382357775.658414,596580514.4031425,3965239194.919752,8566338223034.184,500000000,8562372983839.264,-3465239194.919752,13.865304257311177,21.443127314617765,56.76040795426409,0.9666818586967418,0.8429089281921565,0.5381527267092224,0.10956906115673642,0.23552298856064868,232.452519003853,424225.8471820317,228298.29640154028,195927.55078049144,19592755.078049146,9482528.73327021,2301098.54321543,10110226.344778936,17291656.534833714,392.20083306715065,28.915679593378428,0.5614998285480968,0,1,0,1,0
2107721458.4462488,439086489.0127606,4008736169.0161915,2924651541912.505,500000000,2920642805743.489,-3508736169.0161915,22.5131794870139,29.03614407635817,40.90027642871284,0.9838037026408744,0.8215545968433098,0.5075725830005179,0.10552859907581678,0.11361956879613806,106.9064116340703,195104.20123217828,99029.54337366956,96074.65785850873,9607465.785850873,2633984.103309289,185913.79563974336,6973481.682541585,9421551.99021113,574.8543341057649,53.06981275691028,0.5897552443467632,0,1,0,0,0
1721536242.4909217,455607399.112913,3694077847.917063,1886629061370.4387,500000000,1882934983522.5217,-3194077847.917063,14.606006811258942,30.69354907879707,25.820003663469137,0.9396786084929192,0.5694959173187506,0.3644938719643556,0.07580315020319638,0.2713066079938577,51.32990824624697,93677.08254940073,34144.722532755644,59532.360016645085,5953236.001664508,1278365.6413924186,60965.42215800995,4674870.360272089,5892270.579506498,790.1989923207323,84.8569313396801,0.8049436080798507,0,1,0,1,0
2156087544.4146566,431190881.7027817,4022918407.3355827,2281602791735.4004,500000000,2277579873328.065,-3522918407.3355827,19.118891217757078,22.55855153440334,50.43490538550855,0.9524603606240905,0.6562973648406438,0.42397319900644936,0.054755490184812614,0.28645527749570143,66.50754204810235,121376.2642377868,51460.28303234657,69915.98120544024,6991598.120544024,2530306.991094688,41174.24723169692,4461291.129449336,6950423.873312327,901.7385977749759,71.93805861536867,0.7349755299145599,0,1,0,0,0
1151444640.1751516,524556452.6239999,3422499564.2396193,811064387448.3845,500000000,807641887884.1449,-2922499564.2396193,27.65355933052017,19.283081896996713,43.65774726649902,0.9394252893860989,0.8298013456373392,0.5143655702955683,0.05033139018365307,0.17197728439014653,29.457753967114602,53760.40098998415,27652.49931453163,26107.90167545252,2610790.167545252,640030.4962760638,76445.80020583041,1970759.6712691882,2534344.3673394215,1736.6397405704454,197.28968424480715,0.5990333308603015,0,1,0,1,0
1768385431.9778895,648800376.61234,4577351526.417504,3081247052777.5566,500000000,3076669701251.139,-4077351526.4175043,20.032737980537668,22.03722226554826,46.8607741704851,0.8879245723590754,0.6477636088051749,0.3971727133778113,0.1006505429139159,0.19331828876344662,81.82933124376206,149338.52951986575,59313.18898125745,90025.3405386083,9002534.05386083,4722463.810455594,692954.4535531754,4280070.243405236,8309579.600307655,1069.4571037637343,60.17151577457516,0.771560066811904,0,1,0,0,0
1521271750.6392522,455225639.59159255,3492160537.124045,1330680740492.7175,500000000,1327188579955.5935,-2992160537.124045,25.934810590296042,27.19624568356963,38.04497789404034,0.9342821192908709,0.7788584562207813,0.49197606184245,0.13555166603206256,0.23644763935824445,34.24321678480848,62493.87063227547,30745.48836295843,31748.382269317044,3174838.226931704,1418576.373177167,320857.8447911066,1756261.8537545372,2853980.382140598,1988.405390493737,175.1939162332224,0.6420020428436455,0,1,0,1,0
1628530169.6828983,603801008.7169937,4242672550.6264777,750976653796.719,500000000,746733981246.0925,-3742672550.6264777,20.220405913284555,25.17967643675334,36.90152800011264,0.9397614431196907,0.84614223198294,0.5642113072748077,0.07590203541196505,0.3941788275586257,26.43360989140431,48241.33805181286,27218.30840689926,21023.0296449136,2102302.96449136,705649.796021503,94960.3816530626,1396653.168469857,2007342.5828382974,3037.742401912608,249.08553441486862,0.5513550538172052,0,1,0,0,0
2209154820.340343,562889795.8806807,4646173059.741893,1920094759340.8853,500000000,1915448586281.1433,-4146173059.741893,17.91533641486231,25.60365716669507,32.27115660649743,0.797919861853787,0.8683529641111141,0.5268778125571014,0.04415257311755618,0.2591455457264629,76.45896356131695,139537.60849940343,73519.26993561488,66018.33856378855,6601833.856378855,3622514.288678472,388548.93584231555,2979319.5677003833,6213284.9205365395,1559.4745559060946,80.47273002842162,0.6349389680907565,0,1,0,0,0
1468601201.5352824,636979086.8876725,4226387297.8951817,2063699357938.3535,500000000,2059472970640.4583,-3726387297.8951817,26.918984184030975,34.39590532666736,42.15601480435912,0.8483119701699616,0.7939057790620682,0.5503199356964747,0.09761273442446194,0.5939676334788186,60.6224555212369,110635.98132625734,60885.18612918232,49750.79519707502,4975079.519707502,2776683.157812572,323990.57679477776,2198396.36189493,4651088.942912724,1922.4864865825218,107.50170683402953,0.6293706532179391,0,1,0,0,0
1410002360.98199,541277864.2605269,3753452246.626816,844138934088.353,500000000,840385481841.7262,-3253452246.626816,23.556035759725887,26.648238184406683,36.97441182568686,0.8914304683241773,0.9454496057112157,0.5605740456945795,0.04818880740666662,0.08225904949357674,34.1475364992053,62319.254111049675,34934.55640169967,27384.697709350003,2738469.7709350004,624278.388190097,64410.87908206026,2114191.3827449037,2674058.89185294,1775.3606779692866,186.98167101829765,0.527546745319025,0,1,0,1,0
965938569.4647343,509865144.96131986,3173387819.742569,2180527790623.5737,500000000,2177354402803.831,-2673387819.742569,20.128783502723962,21.88633201311981,33.3702352689444,0.9124857868360838,0.5398469202121472,0.37975616238367216,0.07681643772906706,0.5731473018264422,88.42196417281484,161370.08461538708,61281.28405706785,100088.80055831923,10008880.055831922,6303716.646067788,774638.950567646,3705163.4097641343,9234241.105264276,856.4771560087771,54.14630117411153,0.8129311111848531,0,1,0,1,0
1590125525.346152,420005362.466172,3408528943.6832848,1240014088944.1904,500000000,1236605560000.507,-2908528943.6832848,17.484241681920437,34.0836643521098,43.55853085494346,0.9738470049767695,0.5566013387192367,0.35810090556961444,0.08277225645110452,0.2518048248936286,50.09277501909336,91419.31440984538,32737.339276718933,58681.97513312644,5868197.513312644,3203389.3866200405,480278.72146484227,2664808.126692604,5387918.791847802,1279.0898187156693,92.80021086370598,0.8058933569756126,0,1,0,1,0
1170824785.0100346,565566631.1348436,3619432320.1956058,929429879148.9705,500000000,925810446828.7749,-3119432320.1956058,16.169248595509103,23.002645231074123,41.695967807506605,0.8862170875648239,0.7797474263918518,0.4900965735436478,0.046655814851183953,0.2720042436201918,59.079518306049984,107820.12090854121,52842.27181633786,54977.84909220335,5497784.909220335,1532724.919340556,180418.15230134266,3965059.989879779,5317366.756918993,912.8316669693936,94.03150522754457,0.6613307735253202,0,1,0,1,0
1375483289.6521978,655598169.3793751,4213880269.288474,1600035887534.8481,500000000,1595822007265.5596,-3713880269.288474,22.46160246696785,21.36109995090805,36.69911739044913,0.9128550963347607,0.6242857531409963,0.4078181953825527,0.09454958896797935,0.360678756375514,59.351088017466175,108315.73563187578,44173.12783692525,64142.607794950534,6414260.779495053,1689662.0682185544,166041.14735027569,4724598.711276499,6248219.632144777,891.9022602344913,80.02279520196203,0.7675915752772482,0,1,0,0,0
1578503054.714078,610926753.5796897,4223496181.8015676,3142474822427.8125,500000000,3138251326246.0107,-3723496181.8015676,25.32027249179955,27.651435033473028,41.83366804237501,0.897508690558115,0.62454762180667,0.40943989881968346,0.10882987709331315,0.3868167756831347,133.0997861728172,242907.1097653914,99455.8624449236,143451.24732046778,14345124.732046777,2038385.723991775,155097.03233238868,12306739.008055001,14190027.699714389,343.18564641999853,35.23601296494043,0.770493820911572,0,1,0,0,0
1663670315.4986472,292361796.8708838,2929443894.434845,1390925466941.7974,500000000,1387996023047.3625,-2429443894.434845,17.06885364836779,28.284055035844947,30.788045232034857,0.8349326837127284,0.854489973159254,0.5354720109899742,0.12236790277676907,0.31740034574301695,53.45146656369119,97548.92647873642,52234.719831482136,45314.20664725429,4531420.664725428,2526579.3042131164,80654.6757893813,2004841.360512312,4450765.988936047,1461.1848858137396,112.34021317744559,0.6179719882459511,0,1,0,1,0
2387193323.7041597,756105689.9691713,5660735268.956905,692252097325.9625,500000000,686591362057.0056,-5160735268.956905,19.950156827196487,27.876695815601494,27.95333642575849,0.9046854527031565,0.7535760104469658,0.5104320500779956,0.09005585018587028,0.4744464031769266,23.645083818267853,43152.27796833883,22026.30570891471,21125.972259424118,2112597.225942412,852708.5577616871,104464.82162767343,1259888.6681807248,2008132.4043147385,4493.044037875972,248.98756622107376,0.6520133305612674,1,1,0,0,0
1733413523.0288906,410348918.80253834,3510009593.8030605,2489475544827.339,500000000,2485965535233.5356,-3010009593.8030605,21.116220561011133,21.11085912005756,39.2584435816908,0.9451594599029517,0.5938193320912943,0.38828478143808964,0.07000027257058984,0.3305671387127121,82.6047377290976,150753.6463556031,58535.346626180406,92218.2997294227,9221829.97294227,4865619.964576858,669597.4026440461,4356210.008365412,8552232.570298225,805.7484802299803,58.46426601358954,0.7820736291210221,0,1,0,1,0
1943051352.0392346,592129375.5278428,4506661669.382225,1742725507257.0417,500000000,1738218845587.6594,-4006661669.382225,21.2561108811802,24.871405703828096,38.223438142743525,0.9059036092332855,0.5002082961393982,0.31254109063365915,0.044143397481720144,0.23281922136402244,58.5389604796968,106833.60287544665,33389.89075901532,73443.71211643133,7344371.211643133,2503610.572463822,212748.59989894196,4840760.639179312,7131622.6117441915,930.9821338628037,70.11027184425204,0.858374973656836,0,1,0,0,0
1403242311.9332738,448540665.0786558,3345188657.2205453,711660848913.907,500000000,708315660256.6864,-2845188657.2205453,20.90973586095679,20.664324395279905,37.86298889794581,0.8562053118804893,0.6599002394751028,0.43699337657183646,0.07581859662002156,0.45791130888356374,40.66126983391359,74206.81744689231,32427.887720767336,41778.929726124974,4177892.9726124974,1255185.2626952657,42183.836376244886,2922707.7099172315,4135709.1362362527,1144.5512138862762,120.89825070605194,0.7530943328208869,0,1,0,1,0
1537352885.617373,536863978.72214925,3861692956.796959,1095004355604.9211,500000000,1091142662648.1241,-3361692956.796959,20.700825617832493,28.138484737610888,28.951415019844966,0.9103569488280542,0.7977595039954597,0.48076175118004155,0.04740676859317222,0.11376922803865833,41.61673239313735,75950.53661747565,36514.11298728146,39436.423630194186,3943642.3630194184,1817282.004305402,18304.592406747746,2126360.358714016,3925337.7706126706,1816.1046602338092,127.37757340101703,0.6508487455037877,0,1,0,1,0
1304100163.2549858,689464619.7046952,4289121149.4918137,405618303327.2399,500000000,401329182177.7481,-3789121149.4918137,22.574639772038264,26.86291338576828,33.497898604638,0.9763070005671795,0.6841488748598585,0.44432607569813404,0.05093284149737705,0.2781640225575634,15.4978453456065,28283.56775573186,12567.126667646617,15716.441088085243,1571644.1088085242,747806.952108507,21774.263808527434,823837.1567000172,1549869.8449999967,5206.2730050589425,322.60773484498696,0.7032171360503244,0,1,0,0,0
2234512339.9075217,533080763.5513291,4542473069.265065,1471329440165.0676,500000000,1466786967095.8025,-4042473069.265065,21.924768729851255,24.558862993611857,36.04299072604313,0.9176575850407904,0.8037505702326543,0.5483274359032896,0.05280181873890273,0.48215501156165336,41.73026471008795,76157.7330959105,41759.374512687704,34398.3585832228,3439835.85832228,1613693.9777406391,106423.07158777429,1826141.8805816409,3333412.7867345056,2487.469959244487,149.9964246821686,0.5955713354431332,0,1,0,0,0
1511928086.2599337,583598284.4562329,4038603243.8333626,1118456421926.6572,500000000,1114417818682.824,-3538603243.8333626,20.334075926907367,21.082017796445488,33.82507097614046,0.9439945120809781,0.3,0.17612111095680924,0.09459705303872415,0.3433342553064331,36.30110332561999,66249.5135692565,11667.937930165663,54581.575639090835,5458157.563909084,1989945.7251258586,406510.6896714726,3468211.838783225,5051646.874237611,1164.462677473084,98.97762303020427,0.9501227913385502,0,1,0,0,0
1054751819.9218847,477054569.227883,3120148448.011839,1168949575271.918,500000000,1165829426823.9062,-2620148448.011839,19.82062857499755,22.22653815995741,33.82740767012115,0.826761380990844,0.5906135451129566,0.38358467936294277,0.029581644203118512,0.43171664522134834,47.76105093475266,87163.9179559236,33434.74352114081,53729.1744347828,5372917.44347828,2254218.9515113863,238364.98672899848,3118698.4919668934,5134552.456749281,1000.4649234444048,97.37947059879748,0.8126969550483092,0,1,0,1,0
1364094539.3442817,591159135.8393167,3923504226.590879,1034527505803.8973,500000000,1030604001577.3065,-3423504226.590879,27.490260439233644,23.716282303975383,34.87623304721785,0.8361139552753029,0.626483577779216,0.42220163847235054,0.084753327384097,0.5277563202275538,31.22590678535154,56987.279883266565,24060.122938797565,32927.156944468996,3292715.6944468995,1208748.1636967722,64221.571039248534,2083967.5307501273,3228494.1234076507,1882.7089043842288,154.87096487951908,0.778845857996943,0,1,0,1,0
1415155585.1577494,613679208.2612619,4072065400.5760746,826805736938.402,500000000,822733671537.8259,-3572065400.5760746,20.926620511534665,24.90886286537649,43.76028645126524,0.9226958722028876,0.7758653933672413,0.5263212587633347,0.050636195340699366,0.4610463098683717,31.693914049620385,57841.3931405572,30443.154846362977,27398.238294194223,2739823.8294194224,619950.9600198511,113956.87746109616,2119872.8693995713,2625866.951958326,1920.9007574729887,190.41330316721061,0.6232130341575383,0,1,0,0,0
2270082474.2545695,578158489.970525,4773206168.5091,1442476960752.8066,500000000,1437703754584.2976,-4273206168.5091,24.597598933870543,25.263364942864047,38.67458667416376,0.8058429282839528,0.7384200393764553,0.4386436889882879,0.06959053451161151,0.18439841174004887,76.40424975019073,139437.75579409808,61163.4915857712,78274.26420832687,7827426.420832687,2620739.7210066956,172709.14969012237,5206686.699825991,7654717.271142565,916.7454167481638,65.319198905614,0.7389848242290666,0,1,0,0,0
1971239066.5755997,523522445.96913093,4237817282.950535,1125370805216.262,500000000,1121132987933.3115,-3737817282.950535,15.447939978926708,27.7311584276641,36.39683206999429,0.9368262695124685,0.6957425333102388,0.43276853917716046,0.09143117796835688,0.18573091822922122,45.61165198737315,83241.26487695599,36024.20060005932,47217.06427689667,4721706.427689667,1330455.2613274953,139869.3769779414,3391251.1663621715,4581837.050711726,1249.6323849396513,109.12653472090017,0.7179258449068051,0,1,0,0,0
1337476284.683896,473636730.9223193,3388075461.5659246,1572892779907.1543,500000000,1569504704445.5884,-2888075461.5659246,15.084965157283106,30.400098018062874,26.57887186997367,0.8675139547221123,0.7444277379613841,0.4696147024213306,0.04265492242287938,0.3029669274546323,60.98158586975968,111291.39421231141,52264.07497506961,59027.3192372418,5902731.92372418,2020811.5992985459,238855.6422389196,3881920.324425634,5663876.28148526,872.7833593718134,88.27876442754555,0.6967221437824107,0,1,0,1,0
1455088402.4370637,483864922.80304116,3549970297.4494123,1619143954419.0913,500000000,1615593984121.6418,-3049970297.4494123,20.76533206082273,27.811512217601237,31.819927930615858,0.9578657896712057,0.7765045837047053,0.5491501426914769,0.042316334398689426,0.5450292914963166,59.88646074706915,109292.7908634012,60018.15169778651,49274.63916561469,4927463.9165614685,732346.2570024376,104194.10616509391,4195117.659559031,4823269.810396374,846.2147156612925,103.66411576691586,0.5915491660282348,0,1,0,1,0
1453183093.4133022,652400806.2165315,4277737163.8285127,3006873865486.4067,500000000,3002596128322.578,-3777737163.8285127,18.82875737325559,23.45221353783305,43.82186574853603,0.9882956559743121,0.8172182736803774,0.5776884156350162,0.05556947326065757,0.5151015078633533,117.00697429908158,213537.72809582387,123358.27182197737,90179.4562738465,9017945.62738465,4205644.943333986,749424.1612121756,4812300.684050663,8268521.4661724735,888.9172652918703,60.47030319091034,0.5334280621514759,0,1,0,0,0
2173617726.512798,625765575.9610418,4882855188.919986,1534844443095.9326,500000000,1529961587907.0127,-4382855188.919986,17.621345170148373,24.20066098588817,39.68054404412497,0.9281852587295718,0.7075153247642136,0.43065572304438016,0.040391448300849384,0.12623025239376098,41.20583427139904,75200.64754530325,32385.589242028163,42815.05830327509,4281505.830327509,1138237.0545572725,102530.7731991566,3143268.7757702367,4178975.0571283526,1553.4322825204392,119.64656241417788,0.7171861064531462,0,1,0,0,0
1798675066.5514028,451031458.52392983,3751405243.951349,1230274601501.9263,500000000,1226523196257.9749,-3251405243.951349,19.98332232314037,27.444819809994616,50.49438664356535,0.9383099688102878,0.8011807661701483,0.5038379467419469,0.06071326404405912,0.2184198348170727,65.83921451562057,120156.56649100754,60539.437748391465,59617.12874261608,5961712.874261607,715064.2032667244,11398.992919442724,5246648.670994883,5950313.881342164,715.0098051524379,84.02918063999996,0.6212368510356865,0,1,0,1,0
1767750374.9940507,571427003.8207073,4241730257.004271,1077031971564.5674,500000000,1072790241307.5631,-3741730257.004271,17.37020047840837,30.879851276839133,46.770339485398196,0.8658742312328074,0.6244884514095999,0.39404324496646526,0.0450392410944981,0.30539941413525995,53.80572362790489,98195.44562092642,38693.25203339793,59502.19358752849,5950219.3587528495,1512287.3907440295,100385.21658599772,4437931.96800882,5849834.142166852,955.7898335488502,85.47250876668338,0.7869296038514234,0,1,0,0,0
927199078.3649373,526577716.9682941,3207005019.2532043,702048741364.1434,500000000,698841736344.8903,-2707005019.2532043,23.11696799407579,26.830168284321054,34.4706292599352,0.9787646145476497,0.6872041099786687,0.48557484130747075,0.04914295002986448,0.5228921659610489,44.59725286183713,81389.98647285276,39520.92976557267,41869.05670728009,4186905.670728009,1650365.216274083,62222.438425158914,2536540.4544539265,4124683.23230285,1264.3224410720536,121.2214300686662,0.6733969884533717,0,1,0,1,0
1481306724.972235,508227094.07528466,3681664072.153675,1105305159558.5154,500000000,1101623495486.3618,-3181664072.153675,23.868917551950133,23.685602464838812,37.34396310701795,0.9294687471469533,0.8504762835775845,0.5518451024919392,0.055173814984376374,0.3234987720530802,44.53910001605874,81283.85752930719,44856.09868920071,36427.75884010648,3642775.884010648,1034163.8540555096,33512.32737575393,2608612.0299551385,3609263.556634894,1411.3498020696434,138.53241586662523,0.5637713436776968,0,1,0,1,0
1769496234.9268932,396690676.7868389,3486959265.532263,720293430664.149,500000000,716806471398.6168,-2986959265.532263,19.150083630784696,30.622878149127104,31.892368300719887,0.9041191661178379,0.7138520859980493,0.44860804217625355,0.09423439988972265,0.25252732925724164,24.947325189668206,45528.86847114448,20424.616547340283,25104.251923804197,2510425.1923804195,697127.6647525372,56874.82254971121,1813297.5276278823,2453550.3698307085,1922.9934483470176,203.78631967294777,0.7104650710883118,0,1,0,1,0
1352505642.9563172,457066652.68466324,3331365052.6778855,1951042372326.2954,500000000,1947711007273.6174,-2831365052.6778855,20.85020288559142,26.24654144056686,45.83963674069046,0.9512659209791033,0.5265451561552237,0.31950337455999245,0.034335077980295,0.09085370411166953,92.51627193987365,168842.19629026944,53945.65148286172,114896.54480740771,11489654.48074077,5348981.518451816,590945.4103483784,6140672.962288954,10898709.070392393,542.5081376481755,45.87699302464252,0.839965723836517,0,1,0,1,0
1589920183.3540137,534782084.6001377,3905246742.501627,673348635181.509,500000000,669443388439.0074,-3405246742.501627,27.582385891294322,28.565771086758573,38.37230326259893,0.9808490408408466,0.7100118884949581,0.5254428971869484,0.0571855631696182,0.6480580247805913,42.5050382302316,77571.69477017266,40759.49603974117,36812.19873043149,3681219.873043149,1498055.9995168473,42925.60766746852,2183163.8735263012,3638294.2653756803,1788.8014682992048,137.4270368283065,0.6340739580826036,0,1,0,1,0
1824769566.004524,532244259.3600552,4129108669.981062,610684614099.2125,500000000,606555505429.2314,-3629108669.981062,16.98294226394639,25.234702137969638,54.26159083000388,0.8716241293421397,0.5935545960173507,0.3851565407078507,0.03047430531117365,0.3830771476746587,23.136002248114707,42223.20410280934,16262.543229839574,25960.660872969762,2596066.0872969762,513544.15968473494,114915.70853403215,2082521.9276122414,2481150.378762944,1982.7443904590127,201.51942594035384,0.8007367570773313,0,1,0,0,0
1764806459.8501835,343316334.2728485,3251186519.730973,4973704718361.395,500000000,4970453531841.663,-2751186519.730973,18.787148310407908,26.800200771449983,43.842849971907164,0.9842128505320712,0.855348015236619,0.5445630794423679,0.09665060092740804,0.20845440426599193,129.05138712593597,235518.78150483317,128254.83292278615,107263.94858204701,10726394.858204702,2278856.180639488,93438.09185558792,8447538.677565213,10632956.766349114,384.8679057682686,47.02360885942714,0.5415625621632189,0,1,0,1,0
1751279306.044003,452530918.70594233,3710501361.320512,1932803290978.4358,500000000,1929092789617.1152,-3210501361.320512,16.97976829641453,23.62724311367066,48.0757285575821,0.9072864431060653,0.8184058379570985,0.5498826403324312,0.04842265844984217,0.4486690757466556,67.97488995814956,124054.17417362295,68215.23683885108,55838.937334771865,5583893.733477186,3264079.757993582,456204.27483338764,2319813.9754836042,5127689.458643799,1599.4822863100458,97.50980515349752,0.5916964559449374,0,1,0,1,0
2303146197.181248,677275673.3589821,5235395424.574739,344078745702.49,500000000,338843350277.9152,-4735395424.574739,26.937997685242983,25.5991614916805,32.154230611567215,0.9313729213406435,0.8754194351823552,0.5581304098637839,0.0350751641011437,0.2681227878443039,10.969509729606232,20019.355256531373,11173.410954536552,8845.944301994821,884594.4301994821,470175.3039140041,51720.76846058195,414419.126285478,832873.6617389002,12633.093147752716,600.3311462101996,0.5449328595032389,1,1,0,0,0
1176059991.1062434,655072520.1556796,4012181184.691595,2671800401542.034,500000000,2667788220357.343,-3512181184.691595,17.82152812911156,31.7077825150299,37.638768452978184,0.8101312412533179,0.6479781373842602,0.37576839516817523,0.1361042710011859,0.10279091957215077,84.90232865127551,154946.74978857778,58224.09150457867,96722.65828399912,9672265.828399912,3729249.4407685995,71140.75663543957,5943016.387631312,9601125.071764473,675.1085514490254,52.07723014362432,0.8027413832269266,0,1,0,0,0
1210746813.736518,452091781.2067873,3168067633.455236,1076917156566.5703,500000000,1073749088933.1151,-2668067633.455236,23.17982124940087,20.09649027259684,34.859580397018625,0.8660386435495296,0.7345763788982324,0.4547920101162781,0.0717921570820893,0.24719836506840373,36.23579987718875,66130.33477586946,30075.54788238008,36054.78689348938,3605478.689348938,1149254.183654904,54982.2431484842,2456224.505694034,3550496.4462004537,1289.8119150391192,140.82537683851862,0.7106742707448404,0,1,0,1,0
1395014308.1579628,498858996.1803899,3554812694.0552692,1360517327979.8333,500000000,1356962515285.778,-3054812694.0552692,21.69858991963232,21.698096754010116,38.8685560821381,0.9157878807998089,0.640303046143244,0.40969110467720826,0.06789559799642818,0.29529184196037384,47.68917000707259,87032.73526290749,35656.537452939585,51376.1978099679,5137619.78099679,3115267.1750228633,93961.273133843,2022352.6059739268,5043658.507862947,1757.7610766562336,99.13438810746436,0.7597646050101845,0,1,0,1,0
1695766888.4644876,698618219.0845023,4720418169.66849,1709538925643.2405,500000000,1704818507473.572,-4220418169.6684904,15.06693422835096,21.20175157102938,45.963081709991734,0.8870480062687636,0.5755104696083135,0.38846832820395755,0.12344230150750901,0.4819188022330784,74.19414500377718,135404.31463189336,52600.28773665428,82804.02689523908,8280402.689523907,4328581.495726248,214347.22531103785,3951821.193797659,8066055.464212869,1194.4918401361722,61.98816784962348,0.8016848150307375,0,1,0,0,0
1451341520.6120572,591308828.7264872,4011399299.7214184,5816380111001.418,500000000,5812368711701.696,-3511399299.7214184,18.353723831076152,24.899313127520195,47.63810167077373,0.9367460573508362,0.7709782963146845,0.5285309416372904,0.03553260857091627,0.47740785684026327,149.80494064141817,273394.0166705882,144497.19706890703,128896.81960168114,12889681.960168114,3043954.943313285,122640.39382735641,9845727.01685483,12767041.566340758,407.4254032083494,39.16334081015357,0.6182892038627888,0,1,0,0,0
2643275302.337849,364266813.9268754,4220359975.119273,1298222078221.4932,500000000,1294001718246.3738,-3720359975.119273,18.543894902070978,29.29474433945566,49.007254527424614,0.8894452583488404,0.8242781439827451,0.49213443518504996,0.0451801168538627,0.10697023088014784,64.2133223813724,117189.31334600462,57672.89653325982,59516.4168127448,5951641.68127448,2890792.9498245423,265571.59868513857,3060848.731449938,5686070.082589341,1378.820172246823,87.93419580440843,0.6391914977363251,0,1,0,0,0
1487672714.0258296,367305932.58139324,3077915180.1212683,435442661596.448,500000000,432364746416.3267,-2577915180.1212683,23.79120993643846,34.11100371384064,44.13478716927848,0.9315603367444396,0.7699161912548512,0.47311447711941756,0.046988236205496525,0.15291100701846874,17.92749789116973,32717.683651384756,15479.209793283415,17238.47385810134,1723847.385810134,977394.8551193059,130836.47182789957,746452.5306908281,1593010.9139822344,4123.390374566369,313.87104483175943,0.6606712325701043,0,1,0,1,0
1735094002.2765152,658914606.9180461,4587849420.866072,1191566098650.2458,500000000,1186978249229.38,-4087849420.8660717,13.460130420733746,27.06711781848079,36.02378686325027,0.9876952985678928,0.7883791556808574,0.5590355870323573,0.10484770063105522,0.5244045858565489,37.22934745434196,67943.55910417408,37982.86744886963,29960.691655304458,2996069.165530446,822716.7889676862,86648.90338910939,2173352.3765627597,2909420.2621413367,2110.9551632496577,171.85554335556853,0.5646910716219039,0,1,0,0,0
1338259470.7689316,459450125.7294722,3327438071.4330783,1466843112221.0623,500000000,1463515674149.6292,-2827438071.4330783,14.266023417421971,32.88086644843304,51.39319514909018,0.8212086147445613,0.8007518628168084,0.5224455720171676,0.0843980931525892,0.45062404627889563,56.17595590197848,102521.11952111074,53561.704932047105,48959.414589063636,4895941.458906364,2473731.3624289273,441186.0404961454,2422210.0964774364,4454755.418410218,1373.7198421689736,112.23960757388483,0.656447979599154,0,1,0,1,0
1480422641.582472,474355642.806322,3534134330.694529,1919338330447.4863,500000000,1915804196116.7917,-3034134330.694529,27.719525751757562,24.223422934826793,38.8407768888634,0.9579928609199692,0.6536111592338708,0.46727163108211467,0.08439937322477326,0.574941833648134,64.80232526149925,118264.24360223612,55261.52600670942,63002.7175955267,6300271.75955267,707153.9707246436,87350.32416435661,5593117.7888280265,6212921.435388313,631.8719655348195,80.47743806191387,0.7074156139096512,0,1,0,1,0
1353216132.7528262,626539279.8592616,4065803328.137333,1845610204626.636,500000000,1841544401298.4985,-3565803328.137333,23.56016179092508,22.72124367790195,30.03775988924821,0.9618975932736031,0.7460835175985466,0.4528653502709747,0.08588525059746475,0.08023544035185683,59.033652108766226,107736.41509849837,48790.08936052059,58946.32573797778,5894632.573797778,1991960.8034517812,68875.351979051,3902671.770345997,5825757.221818727,1041.7999686857788,85.82575293858648,0.6749984913763558,0,1,0,0,0
1237204933.8287177,431891441.3408391,3107068853.3589993,1249061415999.699,500000000,1245954347146.34,-2607068853.3589993,17.451888064293,23.88811976637278,35.336112406953156,0.9448422559314607,0.8208203035495628,0.5224897081431128,0.058137652101791754,0.2491433142166818,46.58876736375488,85024.50043885267,44424.4264193101,40600.074019542575,4060007.4019542574,580202.9458523922,129623.7732124557,3479804.456101865,3930383.6287418017,892.8860493614028,127.21404504731781,0.594785349730669,0,1,0,1,0
1776907047.131157,506163689.532314,3968330932.481731,659618440425.8716,500000000,655650109493.3899,-3468330932.481731,25.28286139425229,24.006696284597588,36.61362078952257,0.8734598508727887,0.7270186325517926,0.48665701436870223,0.08433167853474453,0.47155212015322273,37.085753315387116,67681.49980058149,32937.6766209469,34743.823179634586,3474382.3179634586,1453222.4812829662,160338.01470208704,2021159.8366804924,3314044.3032613713,1963.392929378227,150.87305848867106,0.6909622907172908,0,1,0,1,0
1485997662.9722862,451868986.4409537,3442353897.949989,1320386937001.5972,500000000,1316944583103.6472,-2942353897.949989,19.1631706531509,29.966830994084773,51.95810856704852,0.887902552331883,0.6490845055889278,0.4364584860509584,0.08418379128296796,0.4701472415248397,57.28523645613073,104545.55653243858,45629.79532750302,58915.76120493556,5891576.120493556,2092293.7127531639,70254.16423768568,3799282.4077403927,5821321.956255871,906.0537039670379,85.89114358512263,0.7484585914943317,0,1,0,1,0
1759559692.9007463,554277368.0515424,4159290626.938551,702861536416.2484,500000000,698702245789.3098,-3659290626.938551,16.39645635444761,23.135496139481614,36.637751635947254,0.8827817405986378,0.8226647808068953,0.5233567880056516,0.045565633613104395,0.3123693522335805,38.87189168461337,70941.2023244194,37127.5597857672,33813.6425386522,3381364.25386522,1046389.9267184171,77099.6925288972,2334974.327146803,3304264.5613363227,1781.300367452413,151.3196025071879,0.6199207957678192,0,1,0,0,0
1368671958.1460261,595778853.6139052,3948082605.7226024,1381675965559.65,500000000,1377727882953.9272,-3448082605.7226024,16.66024295769115,23.63251281876525,43.7830508508139,0.9492333989058336,0.8141003369971166,0.5098040683727939,0.09987885871112345,0.19360174769903693,56.42914054052401,102983.18148645632,52501.244895769225,50481.936590687095,5048193.659068709,1964844.7244254518,416714.2279438814,3083348.9346432574,4631479.431124828,1280.4527445348622,107.9568650655903,0.6060380830560795,0,1,0,1,0
2280902994.0298758,457699632.7865751,4262502876.3356457,1146268725049.1003,500000000,1142006222172.7646,-3762502876.3356457,16.562308167501286,24.788653450915493,39.045321827496096,0.8854724974338648,0.597118555969119,0.44146615162513336,0.0530287864433108,0.7314439025299512,41.811141016957876,76305.33235594812,33686.22142365719,42619.11093229093,4261911.093229094,1600554.2322158087,47662.09412968695,2661356.861013285,4214248.999099406,1601.6277030629933,118.64510144200094,0.7665826926644559,0,1,0,0,0
1708021275.4915447,498987519.5057724,3868376100.1277266,4110084621947.0093,500000000,4106216245846.8813,-3368376100.1277266,21.897064487594275,26.36325847287076,30.47921641164825,0.9684409471991254,0.7018831932897459,0.4532572216664292,0.08254283655615918,0.2688499869867215,102.585969061135,187219.39353657136,84858.54215646016,102360.8513801112,10236085.13801112,3432960.2764917146,372113.2498389621,6803124.861519406,9863971.888172159,568.6175366276852,50.68951996908543,0.691906369779737,0,1,0,1,0
949238202.3085551,612062231.0055827,3599147352.4214764,1437323446756.84,500000000,1433724299404.4187,-3099147352.4214764,20.716371914110944,26.052137757160175,52.76347113124809,0.823873180765958,0.6388813444391029,0.4119380090949355,0.05839747125202541,0.4136061665894929,49.20949008320722,89807.31940185318,36995.048356552375,52812.271045300804,5281227.10453008,1377056.4575535632,230465.22209809106,3904170.646976517,5050761.88243199,921.8724481750668,98.99496583656905,0.7831734607450174,0,1,0,1,0
1034494096.452192,684916655.0981225,3999824776.026008,1150260273111.1055,500000000,1146260448335.0793,-3499824776.026008,23.29051388504192,28.311403328882044,43.333599584784565,0.9269317208999955,0.7165598051868988,0.4365304140114171,0.1280135508088678,0.13031615300218746,41.36695090945916,75494.68540976297,32955.72627758552,42538.95913217745,4253895.913217745,1510270.4973771004,180799.2955010975,2743625.4158406444,4073096.617716647,1457.8611033898974,122.75672465641065,0.7100556201252571,0,1,0,1,0
1710478455.295608,416999416.59602475,3515867701.114759,1066555629395.283,500000000,1063039761694.1682,-3015867701.114759,16.38090365175795,24.58970448037725,34.59774468545756,0.9242834386486402,0.6488913069857014,0.4843479274523246,0.05279966394576083,0.7215165036664871,39.15525622818073,71458.34261642984,34610.70014544592,36847.64247098393,3684764.247098393,2151249.439595252,160443.99748241986,1533514.807503141,3524320.249615973,2292.6858507739303,141.87132967115642,0.7095077347606503,0,1,0,1,0
1084742464.7224095,471049668.8013942,3124141016.506419,1537671600308.6997,500000000,1534547459292.1934,-2624141016.506419,22.652301969187413,27.64515587158602,44.235174389519216,0.887877396469047,0.6048516221811299,0.39905601243033895,0.08557849025226459,0.41521779147993754,60.67674495013981,110735.05953400515,44189.49129387629,66545.56824012886,6654556.824012887,2013414.6365516891,131442.08417539674,4641142.187461197,6523114.73983749,673.1405525447584,76.6504990240991,0.7856933200784532,0,1,0,1,0
1559690590.492776,478277914.4606102,3630383663.2279506,1978082954759.8152,500000000,1974452571096.5872,-3130383663.2279506,25.344470923294832,29.333565261408346,39.77880003825054,0.98027239991702,0.43520125798963816,0.2707908065551033,0.0937717816300866,0.1401715119853241,66.27848771039459,120958.24007147012,32754.37938843921,88203.86068303091,8820386.068303091,1730141.6920862205,141029.02511433428,7090244.376216871,8679357.043188756,512.0251814458627,57.60795385095741,0.8844763684069569,0,1,0,1,0
1117402614.7265315,419377602.64652157,2933088161.5697284,2243065862944.7295,500000000,2240132774783.1597,-2433088161.5697284,16.94425563905184,20.539694600096297,51.222334992206456,0.9216545821652826,0.8418740809800789,0.5330544631886659,0.0519169796057235,0.2571432675150185,74.56776376449604,136086.16887020526,72541.3396945094,63544.829175695864,6354482.917569586,2984840.0213293014,921430.7837840662,3369642.8962402847,5433052.13378552,870.4448073243468,92.02930280950963,0.5863939244663505,0,1,0,1,0
1465872037.3748884,498576077.2647579,3624445532.427286,1004047596539.0967,500000000,1000423151006.6694,-3124445532.427286,27.603978312974668,21.581789146500306,43.11554863741313,0.7781934124069352,0.7688421876870825,0.461793494042218,0.0852676714205242,0.24971503703123046,40.29054709647258,73530.24845106246,33955.79035000852,39574.45810105394,3957445.810105394,1618050.336283358,105034.01684093857,2339395.473822036,3852411.7932644556,1549.308602579184,129.7888249834035,0.7237052925061883,0,1,0,1,0
1942364580.060025,603324188.1547174,4554442577.503153,1629743625911.8535,500000000,1625189183334.3503,-4054442577.503153,19.46117366081024,23.417616893255786,30.4606213865311,0.9749330115746045,0.7660297024243904,0.5156609833822644,0.08982013473863998,0.3870991174064593,61.81763722205899,112817.18793025766,58175.42207053839,54641.765859719264,5464176.585971926,2099465.0040412312,567207.4966632663,3364711.581930695,4896969.0893086605,1353.5907808448121,102.10397306603961,0.6148901222962034,0,1,0,0,0
1635013441.7066653,494369126.7578166,3775373042.684763,836707609805.5148,500000000,832932236762.83,-3275373042.684763,20.606714133896624,21.44100939418634,55.099547816981364,0.8120492467299019,0.7865036393674638,0.48206660156401643,0.12323550202341767,0.27471451806588815,31.577184504072996,57628.36171993322,27780.708488030064,29847.653231903158,2984765.3231903156,667836.1650956782,145427.1897462021,2316929.1580946376,2839338.1334441137,1629.4728000184084,176.0973778045592,0.6921138533667188,0,1,0,1,0
1390983323.5412607,737068867.27335,4582105789.049513,1465816254272.3367,500000000,1461234148483.287,-4082105789.049513,17.6746245873493,22.389607832405876,37.89070362052392,0.7474951931707406,0.6893776853239354,0.4065919386657195,0.05649343310941844,0.22774318821588604,48.752445389057556,88973.21283503005,36175.791095912544,52797.421739117504,5279742.17391175,2119561.848104938,309358.3951940465,3160180.3258068124,4970383.778717704,1449.9507359219049,100.59585381332337,0.7904805286944888,0,1,0,0,0
1794825264.3402157,566997507.0338523,4249627743.349113,718279709790.652,500000000,714030082047.3029,-3749627743.349113,17.31801180106238,32.19803247970986,50.45571442325989,0.975470879953318,0.5696727086759433,0.39387283839665704,0.04791953161666121,0.46431167536297974,23.576601321874094,43027.29741242022,16947.28376036709,26080.013652053134,2608001.3652053135,1130129.1393366763,347743.8378252752,1477872.2258686372,2260257.5273800385,2875.5041667092314,221.2137307112838,0.7811252030569175,0,1,0,0,0
1677305207.2459888,503538389.50947887,3857362917.394292,382280522116.35645,500000000,378423159198.96216,-3357362917.394292,22.919664853609476,20.128080811555115,39.246591498023676,0.968871276249806,0.827498641823182,0.5442371451848755,0.07345862239769382,0.3239381697476427,16.646059474547048,30379.05854104836,16533.41209378437,13845.646447263993,1384564.6447263993,594126.386562975,111016.34845129841,790438.2581634243,1273548.296275101,4880.030638138439,392.6038780487633,0.5636634934310497,0,1,0,1,0
1358619241.85243,543500939.2347065,3711693878.73503,1605905579375.6904,500000000,1602193885496.9553,-3211693878.73503,21.501848230490655,23.867603847916357,47.03091345161039,0.9171519723435237,0.6694716117076411,0.4315616775456086,0.04999167835216235,0.31645991116445543,55.02063079014348,100412.65119201185,43334.25219522669,57078.39899678516,5707839.899678516,1427432.0216258797,27041.5701817339,4280407.878052637,5680798.329496782,867.1355591522876,88.01579830845554,0.7350180188132638,0,1,0,1,0
1946345763.2779245,535400098.32396644,4264347998.424984,2011125758906.6704,500000000,2006861410908.2454,-3764347998.424984,24.585038186021823,27.12779946071549,52.79475197580807,0.9032849816354767,0.6532546639335957,0.42952328691568953,0.08830950536415216,0.38962882377393065,52.05842125379133,95006.61878816917,40807.555180640324,54199.06360752885,5419906.360752885,2018796.9704119794,20124.409364350122,3401109.3903409056,5399781.951388535,1253.810891980029,92.59633157435677,0.7465489918745662,0,1,0,0,0
1302565466.2822437,623212143.2797452,4000747901.465732,3438435740482.279,500000000,3434434992580.813,-3500747901.465732,16.16011258412026,22.87165780058045,28.22010800049842,0.9612443719380313,0.7557473605169255,0.49207676429307073,0.05630378396674891,0.30135027658016644,82.08252001685081,149800.59903075272,73713.39406021651,76087.20497053622,7608720.497053621,3635008.7350936015,146791.7993297783,3973711.76196002,7461928.697723843,1006.8037495231855,67.0068048428978,0.6425269486963714,0,1,0,0,0
1969965086.601521,429311699.9834902,3828660076.108899,750162979587.4023,500000000,746334319511.2935,-3328660076.108899,20.544613390220878,31.309097891801507,44.072096127180544,0.9145374810576883,0.5708872634353679,0.37487401205528814,0.135646545496068,0.3743439604887159,48.68301601989825,88846.5042363143,33306.2455001543,55540.25873616,5554025.873616001,1223542.3621221995,63220.4588536692,4330483.511493801,5490805.414762331,884.118382149942,91.06132201584172,0.8042791030774573,0,1,0,1,0
2020285385.8505116,527004775.77896714,4301940267.896576,1910698402959.9104,500000000,1906396462692.014,-3801940267.896576,21.276654230085246,20.616700985709468,33.94291966201422,0.8316973360663222,0.4909602672816057,0.3212335891932866,0.06308552844630139,0.4480998090993177,64.79701000544755,118254.54325994177,37987.33136980387,80267.2118901379,8026721.18901379,1654005.7951107856,43698.07392522248,6372715.393903005,7983023.115088568,675.0560792362372,62.63291397152027,0.8688305772453678,0,1,0,0,0
1856900763.8181412,519891434.4004575,4107758600.315715,3141887774736.043,500000000,3137780016135.727,-3607758600.315715,19.29521290875615,25.804815926640345,37.66183187193353,0.7345038120876517,0.7726818816586033,0.4768219259497099,0.07453229499797913,0.37918848954196144,95.99820846959926,175196.73045701865,83537.64243660783,91659.08802041083,9165908.802041082,4097248.195308319,214389.5283457231,5068660.606732763,8951519.273695359,810.422894533386,55.856440087135105,0.7293855390628943,0,1,0,0,0
1434471400.5257547,556743492.1798904,3844879361.444122,1830330025492.9287,500000000,1826485146131.4846,-3344879361.444122,14.979089987597362,22.761667922183825,38.23361287707908,0.8466424007873249,0.867849201242636,0.5470371783322632,0.03793138313315861,0.32262226213056777,82.70902060481762,150943.96260379217,82571.95938906912,68372.00321472305,6837200.321472305,3602141.3851366355,823124.9381896748,3235058.9363356694,6014075.38328263,1188.5036523628817,83.13829942834667,0.5980600945254977,0,1,0,1,0
2291289024.592122,564357116.8106558,4734659995.728329,1354218750418.8025,500000000,1349484090423.0742,-4234659995.7283287,23.43124256780697,24.95806607186683,35.6474318593797,0.9871159763959834,0.7749203944225944,0.500762815892204,0.038710953771375026,0.2516653697744519,93.73158162588224,171060.1364672351,85660.55562423734,85399.58084299776,8539958.084299777,3292732.1865064804,473401.67234844086,5247225.897793297,8066556.411951336,902.3167837541498,61.984318272318106,0.6169483435476766,0,1,0,0,0
1702349360.5466957,518519815.2203671,3947268803.8030777,1638349100313.1924,500000000,1634401831509.3894,-3447268803.8030777,25.955622001747734,34.599183321378455,48.10368954126977,0.8544398572425338,0.7666300550149243,0.4635882476951481,0.07243299342917624,0.18643247080522146,54.86312884344592,100125.21013928881,46416.87071858138,53708.33942070744,5370833.942070744,471526.0888566296,86139.7761478983,4899307.853214114,5284694.165922846,805.6788677228221,94.61285446263605,0.6963314904402914,0,1,0,1,0
1947812900.5407858,458348549.74888307,3932222253.696044,1263338586624.4246,500000000,1259406364370.7285,-3432222253.696044,19.962812358874853,21.78489250800407,49.31584956062028,0.9396287301078217,0.8573177687477126,0.5406056538972636,0.06938704579941367,0.2254660420530907,69.48807680480627,126815.74016877144,68557.30613840416,58258.43403036728,5825843.403036728,2147276.7149716574,287292.53539779095,3678566.68806507,5538550.867638936,1068.954999906335,90.27632172188538,0.5645094897728811,0,1,0,1,0
2170963445.204721,492781836.8922702,4304450911.740406,993730235597.0829,500000000,989425784685.3425,-3804450911.740406,18.725319779412956,24.520870472258387,33.45346923788317,0.9419722257553967,0.5977145329921602,0.3615266621510967,0.04007332829384845,0.0906779700462559,56.410043376150945,102948.32916147547,37218.56581578064,65729.76334569484,6572976.334569484,2882508.562039609,238184.44919153125,3690467.772529875,6334791.885377953,1166.3700043069705,78.92919121054416,0.7964494666192864,0,1,0,0,0
1677159588.816197,659659345.668989,4533139336.453675,1720062159027.01,500000000,1715529019690.5564,-4033139336.4536753,13.765616793493798,24.569301020017747,52.24986633128209,0.9700160543562041,0.7046522719221923,0.5027524510016944,0.08582608025154319,0.5581722427174786,64.49228329625743,117698.41701566981,59173.16763364753,58525.24938202228,5852524.938202228,1660551.2358194087,48623.93868982305,4191973.7023828197,5803900.999512405,1081.3854423459118,86.14895396079392,0.6563566253845439,0,1,0,0,0
2157872335.888721,419092883.2384315,3972325196.6969166,1625850535845.0754,500000000,1621878210648.3784,-3472325196.6969166,20.564669631315226,30.61965434747202,42.68784335406364,0.928248023215793,0.7386736885647275,0.47770428200706283,0.05536538386297654,0.3147018635974161,63.48394002913295,115858.19055316765,55345.95373283842,60512.23682032923,6051223.682032923,3293237.720383671,702781.708361194,2757985.961649252,5348441.973671729,1440.2992806828863,93.48516866431437,0.6724513626641362,0,1,0,1,0
1674187197.2686481,605023896.0822537,4293624040.53093,1524759803630.6895,500000000,1520466179590.1584,-3793624040.53093,22.325925233397825,26.595330360797234,45.50224653484159,0.9364165394532797,0.8833448142326388,0.5386058008878698,0.05214536939458167,0.12273748472182681,49.278743173526415,89933.7062916857,48438.81590404783,41494.89038763787,4149489.0387637867,2272178.002275567,124129.50991067202,1877311.0364882196,4025359.5288531147,2287.113833071994,124.21250733408588,0.5544767569934972,0,1,0,0,0
1524813437.3845184,558191800.1824743,3941491814.0119605,1448904925394.0317,500000000,1444963433580.0198,-3441491814.0119605,14.036520171179516,27.51077337412236,46.65582338868961,0.8174624096275571,0.7058188603584935,0.43106419861069567,0.040968921106985065,0.2578160229567325,71.52355101190452,130530.48059672574,56267.017012696546,74263.4635840292,7426346.35840292,2107488.227806405,62344.26961945465,5318858.130596515,7364002.088783465,741.0409748172618,67.89786232700541,0.7512844121442794,0,1,0,1,0
1554260872.119298,593783606.9656297,4125033145.880011,869421887689.2953,500000000,865296854543.4153,-3625033145.880011,20.576023946346062,24.922901009909012,28.12658932099224,0.8146069266175379,0.7119042328714934,0.4539125081868218,0.11656067244733263,0.3904305362980477,27.962696573450916,51031.92124654793,23164.02737061293,27867.893875935,2786789.3875935,1091846.1171400272,41724.895153825586,1694943.2704534726,2745064.492439674,2433.7293275758907,182.1450830671105,0.7367660963275093,0,1,0,0,0
1464893685.9727848,551264492.1408085,3851580444.0435615,1252974378338.9585,500000000,1249122797894.915,-3351580444.0435615,14.154956704979606,23.22400293923201,29.387758746912613,0.9259393538378996,0.9415372089005731,0.569652281371178,0.10528823906096264,0.10928378273875652,43.8475755091561,80021.8253042099,45584.61534402902,34437.20996018087,3443720.9960180875,1783769.2340726862,284965.9200553039,1659951.7619454013,3158755.075962784,2320.29660881811,158.2902086346789,0.503373521060768,0,1,0,1,0
1762809208.4205494,401266212.599067,3500081914.5805964,1669360945600.9353,500000000,1665860863686.3547,-3000081914.5805964,15.512596585530776,26.502588239985563,36.863450216804665,0.9259063314041174,0.8880505557220891,0.5381636211797527,0.030272619358682546,0.1145442992496807,66.02115251616782,120488.60334200626,64842.58308542494,55646.020256581316,5564602.025658132,2055811.4812695729,70676.20275459392,3508790.5443885587,5493925.822903538,997.5180536718301,91.00960153403567,0.5574940841211793,0,1,0,1,0
1576161281.7271264,650799313.774479,4393781727.976279,8036318753534.311,500000000,8031924971806.334,-3893781727.9762793,18.68501132883842,21.234752731604516,31.08143186920027,0.9349752676472076,0.7074867584166077,0.47121991827520054,0.08031189062388962,0.39563049351979745,289.5011258314903,528339.5546424699,248964.1217601805,279375.43288228934,27937543.288228933,9232388.442078438,173528.91688082565,18705154.846150495,27764014.371348105,234.89683801684836,18.008923108611764,0.6882962132470507,0,1,0,0,0
2129293430.2730687,421245972.51071227,3953068040.8553886,715814325621.4391,500000000,711861257580.5837,-3453068040.8553886,21.866263784963508,33.135416517982826,43.360809293368106,0.8739026987913703,0.8931551759256283,0.5299513486586034,0.07415650260751074,0.104306018493643,20.57983211840026,37558.193616080476,19904.015360022797,17654.17825605768,1765417.825605768,592717.6791965658,47553.39922107041,1172700.1464092024,1717864.4263846977,3370.911185574291,291.0590570015275,0.5863566929655946,0,1,0,1,0
1488701438.0673332,594288064.1555073,4061657747.4629536,2590996197586.5884,500000000,2586934539839.1255,-3561657747.4629536,27.69591967383816,27.862983308902646,28.37860377862039,0.8945011747204727,0.6349522339886132,0.38326253880484534,0.04742331433817595,0.13644729814956694,87.8898778557408,160399.02708672697,61474.938343086134,98924.08874364084,9892408.874364084,2424911.4762521023,62379.34124723657,7467497.398111981,9830029.533116847,543.9115048757658,50.864547081524684,0.7823200931600176,0,1,0,0,0
2349334532.013743,578512403.0422931,4853990484.655924,1099131775810.0005,500000000,1094277785325.3446,-4353990484.655924,17.709306201826998,25.591027692737754,29.411096832298426,0.9372246638670089,0.7837504517045079,0.5207474149210561,0.06803212414240514,0.38622168687753794,41.508068202237936,75752.22446908423,39447.77506679519,36304.44940228904,3630444.940228904,1696561.2701499455,110055.5688668162,1933883.6700789586,3520389.371362088,2509.970252997555,142.0297436605835,0.6174848542798788,0,1,0,0,0
2227649150.55017,592201529.7820139,4791571858.053282,1582018943455.3467,500000000,1577227371597.2935,-4291571858.053282,16.490876170621334,21.341870780862504,39.74148404260785,0.8969466420257157,0.7018792338437234,0.43632182264976854,0.0914217990238298,0.22659486027545703,65.36079460192992,119283.45014852211,52045.97238075597,67237.47776776613,6723747.776776614,1342193.872794808,153736.03343890037,5381553.903981806,6570011.743337713,890.369574205696,76.10336473249419,0.7253143723730524,0,1,0,0,0
1640856154.4106107,664251366.761245,4516716950.238056,1887734706911.2969,500000000,1883217989961.0588,-4016716950.238056,17.06984223627036,35.07449316765415,39.96938112852075,0.9495237933339783,0.7656263289443612,0.47957546208541013,0.029697858933675797,0.19412202033227982,70.18982303765463,128096.42704371971,61431.90319098191,66664.5238527378,6666452.38527378,1585769.9245154918,108890.12509203955,5080682.460758287,6557562.26018174,888.9980795146839,76.24784640415183,0.6513580310047171,0,1,0,0,0
1570527399.8269951,426114035.53631735,3415378175.709832,1681649689342.5237,500000000,1678234311166.814,-2915378175.709832,12.983088130120414,23.02668065538553,45.049462837620354,0.8576675326749839,0.8255645668302369,0.5106684998179974,0.13526228025676917,0.2534631114594933,62.48781851413921,114040.26878830406,58236.77298096444,55803.49580733963,5580349.580733962,971366.7875258855,101451.06337663844,4608982.793208077,5478898.517357324,741.0264539808712,91.25921905944857,0.6384161002693789,0,1,0,1,0
1615863615.7690856,706731114.388215,4675639487.9217825,1822725119236.427,500000000,1818049479748.5051,-4175639487.9217825,25.250428987421827,31.57076271075646,35.644540740385246,0.9427100955153414,0.5872096314584168,0.3628001511498732,0.07753666732821335,0.15805404123128874,57.22848046082221,104441.97684100055,37891.564984306555,66550.411856694,6655041.1856694,2800056.439802519,41217.488036382245,3854984.7458668808,6613823.697633018,1212.8814499032108,75.59923319077012,0.7991652834809829,0,1,0,0,0
932014748.6300775,525344613.0019784,3206481994.663719,1157512132967.6863,500000000,1154305650973.0225,-2706481994.663719,25.191399958611353,24.639964317556522,35.424778068812586,0.8888647773480842,0.8611050975153679,0.560384053258707,0.08802801714918967,0.3739150899087644,48.74092722315279,88952.19218225384,49847.39000133888,39104.802180914965,3910480.2180914963,541102.6953280373,74240.32284114497,3369377.522763459,3836239.895250351,951.6541180086766,130.3359575137754,0.5710786885002817,0,1,0,1,0
1162268816.0338233,497149100.60201377,3314664248.9153366,1166095218320.2869,500000000,1162780554071.3716,-2814664248.9153366,23.850971396406173,22.56099119320241,44.04946176579438,0.8728063165395595,0.8185512213021594,0.5475656021120838,0.0747296954580984,0.47031063809511503,50.2518582833083,91709.64136703766,50217.04499462525,41492.596372412416,4149259.6372412415,785394.3250527683,38001.38411566802,3363865.312188473,4111258.2531255735,985.3736524185841,121.61726878137034,0.6087990511359571,0,1,0,1,0
1830693391.490205,588075874.1130166,4376754169.023336,1691921856889.1575,500000000,1687545102720.134,-3876754169.0233364,21.890270575146673,27.243037363177297,46.21792626366003,0.6575143668892547,0.6050288355415164,0.3721750078591179,0.12138823691422654,0.4531957835590871,64.02016341985575,116836.79824123674,43483.736303666454,73353.06193757028,7335306.193757028,2316911.0893116025,245609.3315425147,5018395.104445426,7089696.862214514,872.1422044163667,70.52487711637104,0.8519431427706612,0,1,0,0,0
1655165609.172372,415438832.9807388,3453798344.6365743,1257437709559.9343,500000000,1253983911215.2979,-2953798344.6365743,16.537825146122103,33.605747896905235,26.98108549409567,0.8474613004339491,0.7997861733189603,0.48038983670525526,0.12277664793594059,0.1728998643169601,39.26746094960667,71663.11623303218,34426.23270497606,37236.883528056125,3723688.3528056126,1772905.695954617,14269.135194121742,1950782.6568509955,3709419.2176114907,1770.4680388187303,134.79199051595788,0.6743976147805025,0,1,0,1,0
1281937168.9698377,636302919.4802328,4036795814.313786,942324558912.8365,500000000,938287763098.5227,-3536795814.313786,19.775324903329704,24.16267004065648,39.46481278128761,0.9254704884587172,0.52106569177114,0.3796612119981646,0.06678201817939032,0.6566270916430172,38.053937900841014,69448.43666903485,26366.87763714355,43081.5590318913,4308155.90318913,449684.8567249323,57537.81474004131,3858471.046464198,4250618.088449089,1046.2164328051651,117.62995159662383,0.8169156243425495,0,1,0,0,0
1931460380.001603,690845243.4300389,4922458744.448225,854749927534.1199,500000000,849827468789.6716,-4422458744.448225,16.519166944337435,25.599219531507387,41.05439977516883,0.688825468128154,0.6779372829515162,0.3802822476834186,0.055580724766394224,0.13771561640859756,25.50458973078233,46545.87625867775,17700.570444044246,28845.305814633506,2884530.5814633504,613215.8560338183,32741.483428421616,2271314.725429532,2851789.098034929,2167.228825374401,175.32853335631762,0.8224156186547571,0,1,0,0,0
1544995500.8996778,538172286.5532022,3874999860.31181,1342663081584.3176,500000000,1338788081724.0059,-3374999860.31181,15.58015279800988,23.613864093030674,42.77356080503134,0.8280914903428043,0.8003823108460357,0.5036027385761159,0.05925467598495757,0.33685187558147356,50.515865553201664,92191.45463459303,46427.8690272968,45763.58560729623,4576358.560729623,2756849.0911298823,406268.06225311,1819509.4695997406,4170090.4984765127,2129.694802393219,119.90147460412871,0.6662172513732041,0,1,0,1,0
2163239212.6277432,595878651.0311247,4743081930.793961,816341093500.3788,500000000,811598011569.5848,-4243081930.7939606,20.719025240167987,30.888149251108825,43.99765336294969,0.8882143745354294,0.4688432415931227,0.28713335281015445,0.051401103100615395,0.18933589214357124,23.461370996536154,42817.002068678485,12294.189361258972,30522.812707419514,3052281.2707419517,1515052.1895434246,203874.15109624545,1537229.081198527,2848407.1196457064,3085.475020480315,175.5367049012964,0.8804281084579135,0,1,0,0,0
1304289418.3397474,564077079.7960492,3746447975.7543015,817145412028.2856,500000000,813398964052.5314,-3246447975.7543015,15.299766416585078,23.47792817118812,44.13658542401022,0.9591680934889528,0.8042265654284722,0.5231676458750504,0.04332460266772997,0.30072786914333927,34.48564704829485,62936.305863138106,32926.238978490095,30010.06688464801,3001006.6884648013,1845433.9201778907,46524.051623468964,1155572.7682869106,2954482.6368413325,3242.0701478698375,169.2343673864183,0.5964345145443812,0,1,0,1,0
1681379827.2071483,649807391.8242894,4494705770.513869,816245767077.4274,500000000,811751061306.9135,-3994705770.5138693,22.972720906963588,28.941301108826934,43.34734632927737,0.7229184643877191,0.6825627955310369,0.3807442244453609,0.04563519324152668,0.07907020036355925,48.56172977712093,88625.1568432457,33743.51660863005,54881.64023461565,5488164.023461564,1200496.6595642064,116455.67923738305,4287667.363897358,5371708.344224181,1048.286956296983,93.0802582641358,0.8121266177002671,0,1,0,0,0
1287980256.4781032,470921720.78107375,3326824860.2930827,958476735354.2628,500000000,955149910493.9697,-2826824860.2930827,15.060277791232707,28.709282640603863,33.366336955418255,0.9540160591700296,0.792290953658076,0.5034958298969381,0.09619078871298775,0.23441299587305345,42.26511845945377,77133.84118850312,38836.56738234401,38297.273806159115,3829727.3806159114,738622.8453450055,47769.01687352473,3091104.535270906,3781958.363742387,1076.2576361726046,132.20663791370555,0.619428501317875,0,1,0,1,0
1064878660.6083198,492149723.8781457,3195629408.596151,892353019414.8787,500000000,889157390006.2825,-2695629408.596151,25.22097829054898,29.463334150766116,45.620068312412826,0.8143736817550083,0.7621029140026973,0.5329576298730433,0.13150111712028967,0.6503903703453022,34.95759272310974,63797.60671967528,34001.42126889068,29796.1854507846,2979618.54507846,1226584.0173177696,61202.73305407056,1753034.5277606905,2918415.8120243894,1822.9129877311757,171.32582613481998,0.6692270121269355,0,1,0,1,0
1795266166.6448207,616625038.0489216,4464929883.404468,798136270669.2587,500000000,793671340785.8542,-3964929883.4044676,22.862133926393877,19.90812178330108,50.33613992368578,0.9773339732183572,0.5634967501118552,0.3832635690981079,0.12650510058642025,0.4150317550327893,29.693779188060653,54191.14701821069,20769.492419719718,33421.654598490975,3342165.4598490978,1327245.498582443,107025.20926483328,2014919.9612666548,3235140.2505842643,2215.934116111314,154.55280490844262,0.7889273557631897,0,1,0,0,0
1792654653.2805855,581367847.5379524,4309673186.251005,2595341192016.3467,500000000,2591031518830.0957,-3809673186.251005,16.65999876557723,21.924365808968524,41.408504362507756,0.9456449876055055,0.7804501834518076,0.5178436261642448,0.07663981373967851,0.3737150820487765,66.31125797171775,121018.0457983849,62668.423667546296,58349.62213083861,5834962.21308386,1313313.2867708001,86630.10477484512,4521648.92631306,5748332.108309016,953.1198145816908,86.98175237253034,0.6178164878934627,0,1,0,0,0
1353951524.1070848,621460113.5225502,4044548587.3305464,1682207134208.414,500000000,1678162585621.0835,-3544548587.3305464,21.914522906876446,20.513450691945046,43.01662968576931,0.7999166856579931,0.9169888657302971,0.5351739415708421,0.06483505095696994,0.13500567910717656,49.66319658683612,90635.33377097592,48505.668819802035,42129.66495117389,4212966.495117389,2728884.1620758763,89350.12807283057,1484082.3330415124,4123616.3670445583,2725.2858532730834,121.25279257205868,0.6074420498726045,0,1,0,0,0
1615072385.977613,484797663.78269506,3713992561.3011146,1198689005157.4355,500000000,1194975012596.1345,-3213992561.3011146,17.17105415168586,27.3518909276494,44.724595319585326,0.966660624418335,0.7632576466850065,0.46995079116514976,0.11530736080708706,0.12118651672350322,37.84968761175107,69075.6798914457,32462.170415255536,36613.50947619017,3661350.947619017,1900362.0389115792,77411.43348412214,1760988.908707438,3583939.514134895,2109.038020022044,139.51128305263597,0.6532650835570262,0,1,0,1,0
1683151926.5730097,588736406.2526685,4232072462.594966,3802483125448.0044,500000000,3798251052985.4097,-3732072462.594966,19.525824837525867,19.66721172789133,46.225950765956235,0.9214186856206102,0.7027277758718546,0.42618985124925796,0.06217801854052163,0.12199133114196768,130.16495717816136,237551.04685014448,101241.84532116858,136309.20152897591,13630920.15289759,5070228.237227349,272804.911051385,8560691.915670242,13358115.241846206,494.36102879116686,37.43043018776171,0.7240392995507983,0,1,0,0,0
2121604921.290252,742519318.9071065,5336324989.991255,1378790471430.9087,500000000,1373454146440.9175,-4836324989.991255,14.943704292276724,24.29037990048659,40.84138589516093,0.8973610713511957,0.8096391212487132,0.5105649300622419,0.14010461267099178,0.27029899153337406,48.137661036853665,87851.23139225793,44853.75781167,42997.47358058793,4299747.3580587935,1559508.3127980912,176955.74288894798,2740239.0452607023,4122791.6151698455,1947.3939688657947,121.27704882299797,0.629054855568647,1,1,0,0,0
1839798866.049454,443692642.9224693,3760755812.5128155,1738421125610.887,500000000,1734660369798.3743,-3260755812.5128155,18.111190119125922,25.531157054748434,42.37624032565263,0.9187951399760186,0.7652947613493409,0.5322030406394025,0.0317859321971576,0.5352300287600861,60.45460939871382,110329.66215265273,58717.781670359785,51611.880482292945,5161188.048229295,1977084.4866289077,765864.6572896747,3184103.561600387,4395323.39093962,1181.1034847819437,113.7572723387508,0.625781907031142,0,1,0,1,0
1258455625.3135364,556474102.1326939,3667697268.307266,1315417670052.911,500000000,1311749972784.6035,-3167697268.307266,20.619114704657406,20.111074898590214,48.05036073347207,0.9327554112849635,0.8447377244134259,0.5217533031238092,0.09350008923716785,0.1678409859507298,46.71215944852821,85249.69099356399,44479.30786617606,40770.383127387926,4077038.3127387925,2105751.6117525133,189299.48873708572,1971286.7009862792,3887738.8240017067,1860.5600425712985,128.6094623726145,0.5888929979584063,0,1,0,1,0
1916874350.934704,551171151.3906659,4303156992.405319,1682713301920.6855,500000000,1678410144928.2803,-3803156992.405319,18.038259138558896,26.5134738453876,43.07803780774738,0.8682515813766821,0.6886931383743176,0.43850461655622036,0.09445360510564829,0.33017957144335025,120.75929090431082,220385.70590036723,96640.14946031249,123745.55644005474,12374555.644005474,8191463.616627232,585608.293500523,4183092.0273782415,11788947.350504952,1028.7024440871144,42.41260777015716,0.7377922589990265,0,1,0,0,0
1431708386.0656612,623945111.9366246,4133064191.949413,1570324946190.636,500000000,1566191881998.6865,-3633064191.949413,18.69072260661123,21.219613195810883,41.45566638674462,0.8675670752237135,0.8764443943206086,0.557093385415979,0.04770721963994255,0.32574291945502704,71.28328193839354,130091.98953756822,72473.386866984,57618.60267058422,5761860.267058423,1107167.2179366786,136477.96212220428,4654693.049121744,5625382.304936218,887.9348537771458,88.88284793750904,0.5764005071539547,0,1,0,0,0
1620733804.2782698,754120282.7798059,4885679975.4229555,2079613716072.3691,500000000,2074728036096.9463,-4385679975.4229555,21.36370877386412,21.394824944840614,41.1684785764626,0.8582412181920703,0.6957719071805373,0.4147784462420896,0.05210531791942227,0.13695389818977632,79.08017504438038,144321.3194559942,59861.37264356553,84459.94681242868,8445994.681242868,2771497.7129511186,121871.6559867651,5674496.96829175,8324123.025256103,860.989089028228,60.066387592177236,0.7523191450206095,0,1,0,0,0
1181473104.6399374,565410851.4138067,3629406195.157522,2268794945464.483,500000000,2265165539269.325,-3129406195.157522,22.620806302661236,22.936692894747587,35.94838316214374,0.9452297876910918,0.6119770403831682,0.44665220436930325,0.08690714279548202,0.6430775577541443,77.75439150724124,141901.76450071525,63380.735918138205,78521.02858257704,7852102.858257704,3490520.373062037,463201.5158782752,4361582.4851956675,7388901.342379429,832.1305873445384,67.66905888054343,0.7416300446925971,0,1,0,1,0
1358358739.3564336,551911080.1501911,3747844885.129342,1677695277680.4717,500000000,1673947432795.3423,-3247844885.129342,22.40731353887161,25.491781205576224,31.367856336165914,0.9045417992607909,0.7886220768889879,0.5229870753878848,0.030149763611591447,0.4134577520294557,59.959039309184945,109425.24673926253,57227.989765764585,52197.25697349794,5219725.697349794,1440137.6872522358,220642.28490923406,3779588.0100975586,4999083.41244056,991.6014325150225,100.01833511233598,0.6269315459365137,0,1,0,1,0
1886046784.4261532,702903040.6663154,4929249100.706432,1252983450298.9917,500000000,1248054201198.2852,-4429249100.706432,24.343810678913485,25.62143587838907,48.90526466148299,0.9339560378662195,0.7988150656619302,0.5194445444014342,0.02441296780837001,0.3253917281481283,45.857889284801466,83690.64794476268,43472.65049232807,40217.9974524346,4021799.7452434604,1416107.1544154703,287341.7137787756,2605692.5908279903,3734458.0314646848,1891.723190240221,133.88823646891967,0.6124641622473365,0,1,0,0,0
2092045374.4369152,464695381.86476654,4103933189.1703014,1851832574676.4497,500000000,1847728641487.2793,-3603933189.1703014,17.536360723417207,25.06158481756856,42.08540315559678,0.8990653917509257,0.740288911449996,0.464288059654075,0.048584552652124045,0.2517034149292748,83.57753917158215,152529.00898813742,70817.39762406128,81711.61136407613,8171161.136407613,2169956.643040199,155113.73903467978,6001204.493367414,8016047.397372933,683.8515824124984,62.37488068793892,0.6909846596274871,0,1,0,0,0
1268793044.3613694,629703020.7287651,3995077582.032313,589285321800.1981,500000000,585290244218.1658,-3495077582.032313,21.67419347124963,25.68639906802439,42.44729346179285,0.9525098055703123,0.7370830658978431,0.4557370200158006,0.07625342619530442,0.14985267964734053,19.080861092538168,34822.571493882155,15869.934961909019,18952.636531973134,1895263.6531973134,588588.1200072363,63804.856796539076,1306675.5331900772,1831458.7964007743,3057.4365866320722,273.0064148768248,0.6800366780931868,0,1,0,1,0
1771253008.912208,558601551.863006,4189705395.8812637,1369004600145.1301,500000000,1364814894749.2488,-3689705395.8812637,22.470899395108404,27.38589790456679,41.616979029139166,0.9095160889819811,0.634656385862381,0.4260706636908094,0.05945350664009799,0.4440739952285605,47.06542162436899,85894.39446447341,36597.08165679838,49297.312807675036,4929731.280767503,1928377.8954463522,176434.5789592736,3001353.385321151,4753296.70180823,1395.9387176371956,105.19015146052044,0.7540591481754126,0,1,0,0,0
1074821272.3655598,417690404.26356,2883202133.170998,1461154386937.8562,500000000,1458271184804.6853,-2383202133.170998,20.299031940570835,23.295998239449908,41.52720129939992,0.8303442710608524,0.7540110170733485,0.5017626096026557,0.06056535926202024,0.49784802394859723,51.853507820547904,94632.65177249993,47483.12630698895,47149.52546551098,4714952.546551098,1419144.0566911902,45386.63390616088,3295808.489859908,4669565.912644938,874.808758470536,107.07633415046706,0.6858520858234962,0,1,0,1,0
2058569923.6114893,562764578.7290505,4495046038.276295,1766333738910.108,500000000,1761838692871.8315,-3995046038.2762947,16.906052029833567,26.925046296715216,27.96492451532965,0.8456736242354337,0.7729652215644564,0.5061378692680369,0.05141314098647444,0.4360901419498157,57.30944638073788,104589.73964484663,52936.82797114141,51652.911673705225,5165291.167370522,2211891.8617923087,32438.265171845986,2953399.3055782137,5132852.902198676,1521.990619347105,97.41171421176384,0.6691496701607911,0,1,0,0,0
1832490098.2024932,399246450.569985,3561018291.7774034,1620184323649.6528,500000000,1616623305357.8755,-3061018291.7774034,27.55230464791646,23.737754360387584,33.46039287167279,0.9592801914933193,0.7531042011027207,0.48678294365235253,0.10753902290479453,0.2811223859076938,70.51645864091344,128692.53701966704,62645.33199652287,66047.20502314417,6604720.502314417,3189532.217141369,88110.6039408811,3415188.285173048,6516609.898373536,1042.7004295012,76.72701109894483,0.648329531866253,0,1,0,1,0
1267354441.6622782,659659236.488875,4123333716.6070004,650450178175.2451,500000000,646326844458.6381,-3623333716.6070004,15.425152843822206,26.69541826931845,37.17162915617405,0.8458158081640444,0.6428573052025387,0.40478390177094137,0.07526155962842167,0.32027958039633797,24.391512439462957,44514.5102020199,18018.75712499599,26495.753077023906,2649575.3077023905,576692.2457479214,6428.895885614886,2072883.061954469,2643146.411816776,1989.1781607396672,189.16848410842414,0.7799032581978341,0,1,0,0,0
1817166624.984379,483939013.8959184,3912369295.654842,996188246976.9653,500000000,992275877681.3105,-3412369295.654842,13.848275037260219,23.774477615341596,54.576248216070184,0.9165913719715283,0.7440060566949965,0.4466432471923694,0.05423245562639639,0.09441478660845233,42.31672616247734,77228.02524652114,34493.37597036049,42734.64927616065,4273464.927616065,2182346.7765518273,395980.5634423621,2091118.151064238,3877484.3641737034,1870.9460743113486,128.9495851020796,0.6954118464895431,0,1,0,1,0
1823620969.3015828,621382843.3481376,4513883493.107589,987770014694.4578,500000000,983256131201.3502,-4013883493.107589,21.061544542823803,28.316312227840218,39.37322516935136,0.8693132257330972,0.7326319709186425,0.4370091239740099,0.10091555783109983,0.12645810132362792,26.819142656290932,48944.93534773095,21389.383319276454,27555.552028454495,2755555.2028454496,839987.0599826376,72867.25315133858,1915568.142862812,2682687.949694111,2356.4202139849754,186.3802310876342,0.7216747178060209,0,1,0,0,0
1312717967.3322854,586220270.9944656,3850744954.453701,863546384317.7456,500000000,859695639363.2919,-3350744954.453701,21.037422786804797,18.597841528556113,46.31368796113877,0.915284931363772,0.7615757927988733,0.4965050004582026,0.0698847206776965,0.3522147399804108,39.853169956462715,72732.03517054445,36111.81915567718,36620.21601486727,3662021.601486727,567714.1310588722,70767.99344253767,3094307.470427855,3591253.6080441894,1244.4609953131944,139.22714867032238,0.6539067967315969,0,1,0,1,0
2067626065.6316166,757398251.2519114,5346764124.803346,1010172453951.0072,500000000,1004825689826.2039,-4846764124.803346,18.52463010889823,25.897579747131765,35.243056722905635,0.7017186431687674,0.6037375655229523,0.35899775760755287,0.07731438843232809,0.3042911331351653,43.35826054634839,79128.82549708581,28407.07091557316,50721.75458151265,5072175.458151265,1843623.275010415,156605.9938305484,3228552.18314085,4915569.464320716,1656.0872556818406,101.71761453666998,0.8479091979924651,1,1,0,0,0
1285821391.7251189,579019998.221972,3792674965.855845,1292685761472.5706,500000000,1288893086506.7146,-3292674965.855845,26.531847121133463,30.500887435240216,37.76814278842466,0.8278516661594006,0.7682878697712575,0.48075737880382,0.03601339550109713,0.3205813321355601,36.533199786066405,66673.0896095712,32053.579797449656,34619.50981212154,3461950.981212154,954681.2816055104,7156.272164971387,2507269.6996066435,3454794.7090471825,1512.6713199026271,144.72639971649656,0.6942246568979611,0,1,0,1,0
1786386498.5807838,492907818.4617898,3920419399.382633,466588867705.8056,500000000,462668448306.423,-3420419399.382633,18.1200143610277,29.68408736482829,43.937902148844856,0.939546259701896,0.7226889219082522,0.45504789422204545,0.0481341865198013,0.22101989073002803,28.45324396488049,51927.170235906895,23629.34946875911,28297.820767147787,2829782.076714779,794133.037812613,14721.18271820753,2035649.0389021658,2815060.893996571,1925.8817824004338,177.6160512429075,0.6910226283932315,0,1,0,1,0
1220062249.3951278,556856607.042773,3630959938.473447,1302898570150.8967,500000000,1299267610212.4233,-3130959938.473447,18.21812468494332,24.874271963187347,38.65863519116358,0.8421939344675092,0.8325521241891191,0.5319778302766375,0.06039860298048036,0.36795337095426,43.61341427203482,79594.48104646354,42342.49932909262,37251.981717370916,3725198.1717370916,512294.9735824015,98378.4323586258,3212903.19815469,3626819.739378466,1130.1180628656552,137.86182824892362,0.6269929190207679,0,1,0,1,0
1773266398.1499965,557051324.0052528,4185007109.7747483,2281796351247.0874,500000000,2277611344137.3125,-3685007109.7747483,19.042167375869198,27.18217172621822,33.07896323258599,0.8300307026724362,0.5272921783262031,0.34504856297310726,0.03992422419362913,0.45015839493393495,82.18882749540332,149994.61017911107,51755.42469601368,98239.18548309739,9823918.54830974,4045154.9825668694,1150881.2606772832,5778763.565742871,8673037.287632456,724.2045918929646,57.649930862512036,0.8489830449418503,0,1,0,0,0
1352761668.5242922,670514985.1266928,4255740653.9386797,2550143584807.5815,500000000,2545887844153.643,-3755740653.9386797,19.191748574946978,19.535920660857393,32.37532437355608,0.9564465861524376,0.7575586272920196,0.47572702715969134,0.08764699503276557,0.19472443985402701,71.08042106863404,129721.7684502571,61712.151262738655,68009.61718751845,6800961.718751845,1874677.1650996937,63483.404508678184,4926284.5536521515,6737478.314243167,863.8844564477387,74.21174164568215,0.655305149659444,0,1,0,0,0
1989939267.879801,483403022.95603436,4082821378.280366,1487490129459.3618,500000000,1483407308081.0815,-3582821378.280366,20.90733317945785,25.764376572053663,37.51338253529427,0.9673773940085362,0.6750321907587289,0.44306943779752256,0.06030580957390899,0.31939602508250403,52.0450097688942,94982.14282823191,42083.6846237087,52898.45820452321,5289845.820452321,2221723.213987066,68846.56294876596,3068122.6064652554,5220999.257503555,1330.7230192420934,95.76710804572635,0.7106708358279785,0,1,0,0,0
1613860418.6941051,494354604.3457202,3754157145.2278295,1608201223581.4392,500000000,1604447066436.2114,-3254157145.2278295,20.61100679427364,26.652480002459527,29.364054644478514,0.5674946069040773,0.8200327861860129,0.43739607798253693,0.09066054066050006,0.12429715765737946,46.214103877385,84340.73957622763,36890.3087047885,47450.43087143913,4745043.087143913,1443663.21682573,169494.60154596978,3301379.8703181827,4575548.485597943,1137.1478874577401,109.276516591138,0.796451531240094,0,1,0,1,0
1663486401.832407,441082003.3222593,3573140645.051234,1558498536170.3198,500000000,1554925395525.2686,-3073140645.051234,20.872706667193675,24.90577249768269,36.17900169224675,0.9828659869054899,0.5700262152618365,0.3750981065945103,0.04756587675984992,0.3113473884010195,55.235544326224776,100804.86839536022,37811.71527060841,62993.15312475181,6299315.31247518,1469890.0865642247,38091.44992178842,4829425.225910956,6261223.862553392,739.8687168569311,79.85659209381708,0.7898477678758233,0,1,0,1,0
1937401895.4504063,632375753.4637296,4675257967.144211,496139352229.55524,500000000,491464094262.411,-4175257967.144211,16.233113791887906,19.65718340768672,36.25243823068206,0.9042329652488986,0.7567884866041861,0.44832447774333906,0.048979909547354844,0.06503075394577636,23.300583462250685,42523.5648186075,19064.354989087235,23459.209829520263,2345920.982952026,511273.1936959602,26546.823984132552,1834647.789256066,2319374.1589678936,2548.3136297457877,215.575394796369,0.6932056880363164,0,1,0,0,0
1736450521.553802,627150120.4484702,4451682337.018763,1182894059061.048,500000000,1178442376724.0293,-3951682337.0187626,14.280820155549353,26.693403293400046,41.4764679599609,0.9186508314569882,0.78651723280305,0.5006403526875247,0.04908043621026928,0.2764893492199794,38.932902402758096,71052.54688503353,35571.77213187007,35480.77475316346,3548077.475316346,1507789.222671693,77402.43837699304,2040288.2526446532,3470675.036939353,2181.888922434574,144.06419347197934,0.6382699680218193,0,1,0,0,0
1510993232.62014,561964796.6348284,3944006709.3664227,2949286851676.651,500000000,2945342844967.2847,-3444006709.3664227,15.646393510568863,22.426094415142682,37.03927898022472,0.9054355116162695,0.5329573419585741,0.35937033347269837,0.05202073174423684,0.46076606168402473,92.34973987764751,168538.2752767067,60567.65618910352,107970.61908760318,10797061.908760317,2819682.309674838,172059.13224577002,7977379.599085478,10625002.776514547,494.39877598636036,47.058811232049514,0.8265827896462457,0,1,0,1,0
2132965683.2022874,629863138.766304,4859943448.181303,1900846026748.3208,500000000,1895986083300.1394,-4359943448.181303,18.650163822443833,30.358897869141984,42.82015624853494,0.7888667241901841,0.6546382173377072,0.38210117778987995,0.11179217428662919,0.14796630345156558,82.40830889847801,150395.16373972237,57466.16919884976,92928.9945408726,9292899.454087261,3622652.6332308,161375.0466011541,5670246.820856461,9131524.407486107,857.0955730366661,54.7553702632712,0.8026744286248066,0,1,0,0,0
1825866799.1208963,406477950.19501865,3585703601.616066,2245631185350.7217,500000000,2242045481749.1055,-3085703601.616066,14.077781732046391,29.916941476863112,34.257445921256654,0.8047240450179333,0.7321302442392776,0.43823012412210494,0.05998219421977201,0.2095205432437671,113.63035128569351,207375.39109639067,90878.14338004134,116497.24771634933,11649724.771634933,5309882.260139627,239961.60286615777,6339842.511495305,11409763.168768775,565.5824407490444,43.82211905752948,0.741811107933799,0,1,0,1,0
1899705018.9513698,607156604.9286207,4528375375.409246,468743788072.4768,500000000,464215412697.06757,-4028375375.4092464,25.91440496956676,28.664833960657162,37.774728761572106,0.9181782237300816,0.866537539963128,0.5568775622473167,0.09468495761428944,0.3060838376988368,14.11320325835296,25756.595946494155,14343.270362472784,11413.325584021371,1141332.5584021371,247938.7445787968,20898.356215551885,893393.8138233403,1120434.2021865852,5068.733749151174,446.25556683669976,0.5569282199954568,0,1,0,0,0
1531979074.292521,647058966.6764866,4333405775.040854,1252045804740.6748,500000000,1247712398965.634,-3833405775.0408545,20.29003868654444,23.707263180515028,39.1071806866062,0.8688637987601556,0.5604304551425455,0.3509845946111407,0.07151323500055436,0.2794506859340983,58.615289653644574,106972.90361790133,37545.84121070572,69427.06240719561,6942706.240719561,1826116.6325443818,116791.39576610348,5116589.60817518,6825914.844953458,846.9324504973057,73.25025456033347,0.8290923567623373,0,1,0,0,0
2090223196.6370592,551952119.2773854,4479887020.353738,2492024758963.944,500000000,2487544871943.5903,-3979887020.353738,22.450283317277133,28.188106646618063,54.11664305746609,0.8161336283912988,0.8016790744823044,0.49597508990913314,0.060774727759741354,0.2987247454425609,87.85199365547855,160329.88842124835,79519.63082484994,80810.25759639841,8081025.7596398415,3087484.561247176,214863.32043174174,4993541.198392665,7866162.4392081,897.1362891319965,63.563396238526686,0.6754947811819358,0,1,0,0,0
1639256213.8398252,438907925.4514889,3539497837.6370163,1292696927991.005,500000000,1289157430153.368,-3039497837.6370163,15.300285275051337,27.07809141753509,43.30355160290671,0.9207921128863499,0.7708671176343852,0.48130584134808,0.11085123216840113,0.2146751554567398,40.45480765427275,73830.02396904778,35534.82180317146,38295.20216587632,3829520.216587632,2286672.712495035,141823.69251418207,1542847.504092597,3687696.52407345,2294.1333010864996,135.58599432897404,0.6583650891311215,0,1,0,1,0
1029470641.9538507,468262918.1951414,3056804022.0012236,1057196346544.256,500000000,1054139542522.2548,-2556804022.0012236,24.393009751073713,19.060659021478234,51.02450688735312,0.9084915066856669,0.8895165402049399,0.5597619531505418,0.04065483771083997,0.252081517055517,42.754089974752304,78026.21420392295,43676.10605973045,34350.1081441925,3435010.81441925,815331.8785555066,73878.52045056394,2619678.9358637435,3361132.293968686,1166.862083804691,148.75939304656785,0.5476461657704369,0,1,0,1,0
1683120471.7064981,570795004.1462331,4154364125.870236,736373531978.936,500000000,732219167853.0658,-3654364125.870236,21.49270596260007,25.585555808059983,45.03000680370381,0.7504018768722756,0.6170779837797292,0.34902590800376093,0.06210082270869921,0.0915253837526234,28.934286067962965,52805.07207403242,18430.338227843204,34374.733846189214,3437473.384618921,924176.3088482659,199406.06850790587,2513297.075770655,3238067.316111015,1652.9538692103793,154.41309620471702,0.8383812925865479,0,1,0,0,0
2027312251.4997108,577119093.9606731,4525935904.978041,1603076026799.5933,500000000,1598550090894.6152,-4025935904.9780407,27.695319231727698,22.275665006569735,47.356169824110026,0.9454268381762658,0.806115693193288,0.4960329102741829,0.04866943070638336,0.14220797554991957,58.698311433886175,107124.41836684228,53137.23700393391,53987.18136290837,5398718.136290837,2553701.5258146306,175753.0235989601,2845016.6104762065,5222965.112691877,1590.829342898099,95.73106256922779,0.6219617064436627,0,1,0,0,0
1204762247.298668,700299164.7080486,4236691143.3644133,1258139561843.6719,500000000,1253902870700.3074,-3736691143.3644133,27.50666059902165,28.32434634881924,36.295581017864485,0.9725643192861824,0.6049985030635637,0.37732289213033104,0.04697361409902094,0.1558656154773001,73.25327022494481,133687.21816052427,50443.247797187534,83243.97036333673,8324397.036333673,2949524.931357268,195517.27664619006,5374872.104976404,8128879.759687482,788.2403637924352,61.50909040131044,0.7779832263817577,0,1,0,0,0
1576146751.4263837,590116425.6913532,4131042049.4131427,579490085717.7589,500000000,575359043668.3458,-3631042049.4131427,18.435468831034157,32.25983627882444,30.677357541843467,0.969141561581415,0.7162760962158211,0.49428321005164644,0.040062619901944055,0.4649034081500676,39.591818616794164,72255.06897564935,35714.46743578709,36540.60153986226,3654060.1539862263,1056360.0245154358,85416.25499502284,2597700.1294707907,3568643.8989912034,1590.2690239518631,140.10924433826017,0.656881973648834,0,1,0,0,0
1472873686.6952848,526237333.6166728,3751205945.8036366,1795973708122.0132,500000000,1792222502176.2095,-3251205945.8036366,21.77745198400943,24.841973821118316,34.07067981029377,0.9296244638002514,0.7660535294651967,0.4690930051585668,0.10144193741907803,0.1438461942202029,62.4637950932282,113996.42604514147,53474.926070851725,60521.49997428975,6052149.997428975,2384073.190926514,210808.9547040396,3668076.806502461,5841341.042724935,1022.6628676787278,85.59678271528455,0.6659391214739471,0,1,0,1,0
1292384882.6922212,377762219.4283757,2927897598.753094,3584115057742.0225,500000000,3581187160143.2695,-2427897598.753094,14.353664311232865,25.530407946547605,38.0450570021983,0.9768730744790592,0.8107176899638819,0.5063188622989054,0.047466303674325784,0.1556208390111435,109.49961913445841,199836.8049203866,101181.14371273846,98655.66120764815,9865566.120764816,2744037.5913826516,151107.981748785,7121528.529382165,9714458.13901603,411.1333103101543,51.4696746689203,0.5990115203140697,0,1,0,1,0
1613120518.0840714,600358105.6973886,4212356930.725027,1996470715263.826,500000000,1992258358333.1008,-3712356930.725027,18.181837718639855,23.397463176827795,29.09742852224506,0.9397757659537382,0.7737998564975376,0.5204187511602965,0.06495540971116662,0.4192722229189742,51.25379855041809,93538.182354513,48679.02404673974,44859.158307773265,4485915.830777327,2565321.775648765,123025.1345401833,1920594.0551285618,4362890.696237143,2193.2572994677203,114.60291692185513,0.6215523413718543,0,1,0,0,0
2055771178.6104338,597642404.2747015,4643250025.297466,1279165625824.9312,500000000,1274522375799.6338,-4143250025.2974663,18.073243045108878,24.855915570244097,54.067417478580595,0.8903058160798202,0.9225948290442623,0.5411116599559029,0.07688851620058423,0.048021018447950835,52.2353520886313,95329.51756175213,51583.913490635096,43745.604071117035,4374560.407111703,1420067.0710519925,96422.7185384541,2954493.336059711,4278137.68857325,1571.5892700201457,116.87328375042296,0.5555354591354695,0,1,0,0,0
1416170661.712313,579432591.2017968,3924810547.523657,750677435945.6127,500000000,746752625398.089,-3424810547.523657,18.9615909370148,25.484932672851258,58.10347538553255,0.9031137307235296,0.6304612822924787,0.4362594080750593,0.05927682205612898,0.5363723640347624,28.357947299000365,51753.253820675665,22577.843877766267,29175.4099429094,2917540.99429094,539830.0430345942,54084.94456740039,2377710.951256346,2863456.0497235395,1650.667649677875,174.61416949223786,0.7516033857292274,0,1,0,1,0
1677599767.4933968,431933953.6179498,3547647742.935644,903293833399.137,500000000,899746185656.2013,-3047647742.935644,19.555483846149066,25.408767827919103,55.0717687326901,0.9686823430775732,0.6678407739517618,0.44441369377856027,0.03779837814084824,0.3592168867689639,37.59235758385219,68606.05259053025,30489.469247323712,38116.58334320654,3811658.334320654,1832663.2443439208,311139.2606412564,1978995.0899767333,3500519.073679398,1792.651109092622,142.8359593180133,0.7124974197411088,0,1,0,1,0
1859118814.0975063,467164254.3712532,3881695554.7504883,1388510975700.101,500000000,1384629280145.3506,-3381695554.7504883,17.18086719952463,27.746767743901636,46.82776090862291,0.805599805882122,0.8833999757508496,0.511120794565755,0.06362368998404808,0.10061179687990823,51.23519466178851,93504.23025776402,47791.956464607654,45712.27379315637,4571227.379315637,1300036.7297520316,111058.78824197548,3271190.6495636054,4460168.591073662,1186.630793062559,112.10338573314756,0.6362522746826444,0,1,0,1,0
1640095431.7987604,415347154.0027354,3438331245.266509,768283136946.7441,500000000,764844805701.4777,-2938331245.266509,16.715365936292216,29.796508648602977,37.90102320657098,0.9229680992790406,0.8242580570641292,0.5595793662025583,0.055161527256603074,0.4629868410837075,33.35025379750694,60864.21318045016,34058.3578359337,26805.855344516465,2680585.5344516467,1512636.794341573,201701.23007735412,1167948.7401100737,2478884.3043742925,2943.9059499670016,201.70364511070133,0.574292223348359,0,1,0,1,0
1395125090.3460665,460986337.726884,3390954685.0141506,1745256617659.4585,500000000,1741865662974.4443,-2890954685.0141506,17.03573878525282,31.524198806068647,45.49700434285674,0.9712426927143203,0.7815519845509231,0.49628872585066414,0.06925106062827072,0.21393864483089609,58.30968721904926,106415.1791747649,52812.6536838142,53602.5254909507,5360252.54909507,2854579.2071333854,122878.33191896195,2505673.3419616846,5237374.217176108,1353.3107561256895,95.46768652891686,0.623278814577519,0,1,0,1,0
2038980860.3230033,397574724.5845416,3760271355.2442493,408070749567.1716,500000000,404310478211.9273,-3260271355.2442493,24.28678448026066,22.823037726954183,36.298814265410606,0.9034113536670191,0.7349851656622222,0.48246760145243717,0.054178750166488335,0.3846527472015795,17.185171127069772,31362.937306902335,15131.60113696433,16231.336169938006,1623133.6169938005,528487.726896997,104872.11642920684,1094645.8900968037,1518261.5005645936,3435.1486533345633,329.3240326610836,0.6796444347314461,0,1,0,1,0
1677370901.690961,786860496.0759609,5084065062.492826,1900753527632.727,500000000,1895669462570.2341,-4584065062.492826,17.70386002660458,30.726840099309825,35.71660100898214,0.7983778169883005,0.7554850455087692,0.43321748384536496,0.06700959652157078,0.07995187751507185,56.31711244020236,102778.73020336931,44525.54289152527,58253.18731184404,5825318.731184404,1923486.157225209,114057.3086358565,3901832.573959195,5711261.422548547,1302.9941613650578,87.54633398953817,0.7386994587933566,1,1,0,0,0
2054575623.7762496,436702119.4922189,3945267262.1328435,1620047275945.4517,500000000,1616102008683.3188,-3445267262.1328435,20.115035501001902,27.115605846419243,32.91972647902562,0.8737819361362861,0.7684933262774594,0.4796271968867852,0.07636914824465753,0.2636127205567142,65.01124980625444,118645.53089641435,56905.623406991675,61739.90748942267,6173990.748942267,1409089.3234297868,147880.69904247992,4764901.425512481,6026110.049899788,827.985074572349,82.97226500341043,0.6779324541047572,0,1,0,1,0
1008393039.1466029,624488377.0221438,3712100898.544078,725710588026.7079,500000000,721998487128.1638,-3212100898.544078,22.00758053006281,23.901834510597634,45.96567270636345,0.810003362437415,0.9151393892962465,0.550117066612414,0.06075437688968624,0.2169726929133043,40.03551586681967,73064.8164569459,40194.20250186951,32870.61395507639,3287061.3955076393,804935.6947392691,49926.13403392817,2482125.70076837,3237135.261473711,1495.5330011670862,154.45755571312586,0.5922169321666542,0,1,0,1,0
1445765012.8598082,449250714.56254697,3390785500.8225803,1650843411577.8252,500000000,1647452626077.0027,-2890785500.8225803,17.728656878229703,30.426255202063267,43.69780217365865,0.9538266625995414,0.7051150448635117,0.48339858307010874,0.1307282587795114,0.46091059888241354,47.158918487495576,86065.02623967943,41603.71173615276,44461.314503526664,4446131.450352667,2128957.0191145726,297939.2341574629,2317174.4312380943,4148192.216195204,1463.3276869928357,120.53443378248488,0.6748866429692719,0,1,0,1,0
1568089487.6352293,279674418.582347,2778933358.259739,1759539746246.0032,500000000,1756760812887.7434,-2278933358.259739,29.041677008967433,31.2869366737508,35.24114425904033,0.8242215412322822,0.8479585496912847,0.5157487092987365,0.0853539482310037,0.23773947928187528,63.887111463195,116593.97842033088,60133.19388229039,56460.78453804049,5646078.453804049,2480794.4468087372,336849.97670062055,3165284.0069953115,5309228.477103428,877.9412375376953,94.17564193296623,0.6395402858966925,0,1,0,1,0
1745540691.4523282,617303577.5480264,4418142129.143452,1428467442306.0442,500000000,1424049300176.9006,-3918142129.1434517,19.1170624006073,21.40242099310435,51.959458061075665,0.9324972957150715,0.6924890460734977,0.4399475563882374,0.05964656754884602,0.2561146581589301,39.560944871236785,72198.72439000713,31763.652369731473,40435.072020275664,4043507.2020275663,1313538.1105719593,130631.70427107476,2729969.0914556067,3912875.4977564914,1618.3854033262037,127.78326330257194,0.7159064335347982,0,1,0,0,0
2284762825.2057495,498936184.8943973,4444895397.839587,953759208568.5948,500000000,949314313170.7552,-3944895397.839587,18.271194248586422,21.371353950796916,51.131252093562765,0.8819436038142348,0.6253800078771067,0.3922261306184629,0.09708407230016569,0.26994757537301634,45.521489597552424,83076.71851553317,32584.85984782679,50491.85866770638,5049185.866770638,2279946.6993647977,288800.56743281265,2769239.1674058405,4760385.299337826,1605.0962481523266,105.03351484375655,0.7836677177034747,0,1,0,0,0
2008993890.9658756,382425583.6840922,3664696533.7785263,3036473601486.1646,500000000,3032808904952.386,-3164696533.7785263,13.368301671141571,19.25987445109595,42.59371722799749,0.788457176698254,0.8281960577673976,0.4952865745614391,0.05733751731073952,0.22484441720823378,106.73030161999732,194782.80045649508,96473.30602158177,98309.49443491331,9830949.443491332,1875608.9010505478,135569.5516333753,7955340.542440784,9695379.891857957,460.65866247055186,51.570954988560366,0.6765792905324967,0,1,0,1,0
1182996797.321373,654065276.4918253,4014757152.962427,1605242540290.7908,500000000,1601227783137.8284,-3514757152.962427,18.284225251886628,26.808215954319046,38.64344447513024,0.8744230814585402,0.7681400924713057,0.4513388481483021,0.08740539461439918,0.07198527868545533,57.88191130503679,105634.48813169214,47676.94819809342,57957.53993359872,5795753.993359871,2085599.1727050713,42717.16767220884,3710154.8206548,5753036.825687663,1082.099628460752,86.9106204513535,0.696844981250603,0,1,0,0,0
1501226031.076695,500875709.4192238,3669755729.892885,1116968586136.9778,500000000,1113298830407.085,-3169755729.892885,22.36858834929858,21.538817321343007,47.59629685102366,0.9029853512917075,0.5815291973097266,0.3872493536228459,0.047811478754043374,0.4270737095789996,67.81315802033602,123759.01338711323,47925.59793916073,75833.41544795249,7583341.544795249,1705645.989442045,150402.87152872497,5877695.555353204,7432938.6732665235,624.352808908348,67.26814547768454,0.7966505832310995,0,1,0,1,0
1757007737.0124445,573401414.9979002,4239535786.1525545,1647734705534.9426,500000000,1643495169748.79,-3739535786.1525545,17.255407108310997,31.036886109983683,27.851866531744506,0.7738930056173149,0.839066652760318,0.5111430030140182,0.05079487641544546,0.2976778114744181,57.42599589232955,104802.44250350144,53569.0351844437,51233.40731905774,5123340.731905774,915566.956752483,65296.46368432364,4207773.775153291,5058044.268221451,1007.5484122237789,98.85243653191947,0.6680904084445094,0,1,0,0,0
1504459444.6436534,395278599.21914583,3215808918.3625746,2523827750210.1685,500000000,2520611941291.8057,-2715808918.3625746,24.36935032770056,27.478900696936577,35.645638496538304,0.8926868789045643,0.6871274751829373,0.4209707354811977,0.07711393133115982,0.18561709232274953,97.10151775959937,177210.26991126884,74600.3376593684,102609.93225190045,10260993.225190045,3771334.396926727,611460.9036230412,6489658.828263318,9649532.321567005,495.52819392558877,51.81598271684986,0.7417808947557645,0,1,0,1,0
2155816045.9712553,612800560.5921167,4808921776.804313,2415453861561.723,500000000,2410644939784.919,-4308921776.804313,14.611140998690214,27.033145963522372,31.90439384578788,0.9437279450311779,0.7229093661788204,0.48583990554725487,0.04841308225230723,0.41323766855762184,79.94417229400783,145898.11443656427,70883.12613738296,75014.9882991813,7501498.82991813,1076499.3337567926,185928.49147029393,6424999.496161338,7315570.338447836,748.4703741498248,68.34737100020644,0.6685455526961321,0,1,0,0,0
1363946437.6754985,493519380.46146667,3500627081.8875933,1491211096585.6716,500000000,1487710469503.784,-3000627081.8875933,16.25975563974834,23.688939658767083,43.47921585663559,0.9298715346658566,0.6534122632930057,0.4145108884812057,0.07301618263109656,0.254340647699582,48.2337517570472,88026.59695661115,36487.982914461885,51538.61404214926,5153861.404214926,1797999.4111840616,111441.89700366408,3355861.9930308647,5042419.507211262,1043.1379744332046,99.15874696362337,0.7481475514298894,0,1,0,1,0
1606553614.1321979,429639509.5249212,3466667847.4016113,598502266850.6405,500000000,595035599003.2389,-2966667847.4016113,16.633994443085957,22.518188440593185,41.39526035354697,0.9662843597851477,0.7590066524511366,0.4816076450696547,0.05005118449974978,0.216785959570797,24.064917096969918,43918.4737019701,21151.47269465938,22767.00100731072,2276700.100731072,995726.9391510721,71306.2837879777,1280973.16158,2205393.816943094,2706.2767209936655,226.71687757475087,0.6467811234965702,0,1,0,1,0
1849810934.9834418,487341222.8043459,3959743389.7515535,1785780319450.3591,500000000,1781820576060.6077,-3459743389.7515535,24.957204701657254,21.99679905991246,39.38961162315911,0.8367707224622576,0.734424607272536,0.5234069314688327,0.03855030642911255,0.6797011420031452,67.96828079183923,124042.1124451066,64924.501447805145,59117.61099730145,5911761.099730145,1924114.9916292387,266980.2306898918,3987646.1081009065,5644780.869040254,993.0027094699631,88.57739770596477,0.6783428824738893,0,1,0,1,0
1352734440.219442,424670488.6486574,3191335413.529194,971154335818.2184,500000000,967963000404.6892,-2691335413.529194,18.60083552460504,27.266421571905532,33.12917048498137,0.9125630427130786,0.5768469164993578,0.3996388081640237,0.13218035890045046,0.5306308663772837,37.27924154732654,68034.61582387093,27189.272781749005,40845.343042121924,4084534.3042121925,1967728.3554102988,78294.32591832429,2116805.9488018937,4006239.9782938682,1507.6183130227316,124.80530440239237,0.7896264637770993,0,1,0,1,0
1546603380.4904675,301970424.1785795,2853977287.19212,1206903353460.0117,500000000,1204049376172.8196,-2353977287.19212,17.509413431085477,26.66496789035743,29.86138244252821,0.8871546390433972,0.6156065826662309,0.36341377725513224,0.08980559010389348,0.07285998823927675,47.546243656254056,86771.89467266365,31534.102002577183,55237.79267008646,5523779.267008646,1017401.7788251191,185685.736827292,4506377.488183527,5338093.530181354,633.3196219526047,93.66639928150776,0.8015258408833412,0,1,0,1,0
1185135379.1118093,410536242.50031686,2962542463.465368,2092080457651.34,500000000,2089117915187.8748,-2462542463.465368,24.511105956163888,25.228163765503844,47.64328281632975,0.8024495968433265,0.8053267632491163,0.500645509085694,0.041090141099216736,0.32802968429527773,80.49685110362542,146906.75326411639,73548.20627604,73358.54698807638,7335854.698807638,2705795.788264506,386696.44162699144,4630058.910543133,6949158.257180647,639.8498422383668,71.95116034137575,0.6764657817452087,0,1,0,1,0
2327033961.816905,427838401.75364137,4179350341.009271,1834347580323.7031,500000000,1830168229982.6938,-3679350341.009271,19.84330873800197,26.707034981258985,45.05417347858474,0.9275571122807235,0.6574303241342718,0.4331974269337465,0.046336594452168076,0.3713815740297271,58.752167977185195,107222.70655836299,46448.60058995499,60774.105968407996,6077410.5968408,2151756.318144168,17169.33762291573,3925654.278696632,6060241.259217884,1064.6251667370132,82.50496615782066,0.7358344013317044,0,1,0,0,0
2004457091.2613356,500589263.6444312,4171746629.7781606,673613115575.6964,500000000,669441368945.9182,-3671746629.7781606,19.619241079297574,26.58931830190169,32.37029754500622,0.9791735539924269,0.5708203888234676,0.3786226499079447,0.05870274394169395,0.33901870921525173,32.70170625393719,59680.61391343537,22596.432188037856,37084.18172539752,3708418.1725397515,1280787.7889196905,137264.03903296153,2427630.383620061,3571154.13350679,1718.443902303319,140.01075879326768,0.7883755984068787,0,1,0,0,0
1558841902.6666498,651332846.1125674,4378772264.7265835,923819600700.272,500000000,919440828435.5454,-3878772264.7265835,23.17877548520394,34.09937776500126,36.7051124882058,0.9934952681085361,0.7572162566262648,0.5073700671642571,0.05018671568775013,0.35493757864677944,55.207058115636436,100752.88106103649,51118.996030930495,49633.885030105994,4963388.503010599,2328765.832137194,6910.277524875813,2634622.670873405,4956478.2254857235,1662.0111536787826,100.87807859803543,0.6183101825670512,0,1,0,0,0
1548001203.4646735,457283531.85047215,3527799586.474958,558582861926.7963,500000000,555055062340.3213,-3027799586.474958,19.219275638457656,25.301447525244306,28.7603940363084,0.9753623630741609,0.6783587497277008,0.45445634986331623,0.10781420288908881,0.3724870485964241,21.822285522769196,39825.67107905378,18099.02910944382,21726.641969609962,2172664.1969609964,515863.6798793379,39550.29140286577,1656800.5170816584,2133113.9055581307,2129.2844552517026,234.39910953521004,0.6993109588355184,0,1,0,1,0
1032293540.2588025,595189485.3424658,3609152531.653772,758903871393.2974,500000000,755294718861.6436,-3109152531.653772,23.07503240777694,27.731434283364436,45.83320406208106,0.8628287090191274,0.82297453854858,0.4889537386150195,0.033472606008901555,0.12098425722618139,29.91709483938354,54598.698081874965,26696.23755064546,27902.460531229506,2790246.0531229507,1582586.6070885856,70878.25992201082,1207659.446034365,2719367.79320094,2988.551568494973,183.8662652584611,0.6528007668839532,0,1,0,1,0
1890782492.204721,644914572.5922763,4682925088.792828,1076031019307.6663,500000000,1071348094218.8734,-4182925088.7928276,19.175387718884082,19.4919263261104,32.033222829396685,0.9401157761196838,0.8224322053672315,0.5473310399712598,0.07130611287379315,0.38807628875318034,41.010127544070876,74843.48276792935,40964.16125844183,33879.32150948752,3387932.1509487517,1076598.8628519038,62734.36824858406,2311333.288096848,3325197.7827001675,2026.0708885687138,150.36699549161372,0.5768137704145357,0,1,0,0,0
1419464201.6359465,429972784.72338015,3281021342.101989,1687973964838.1174,500000000,1684692943496.0154,-2781021342.101989,25.84488674789231,26.765913948287555,39.60219041534373,0.9272279495219707,0.510501417198321,0.308114428732349,0.13659309446283466,0.10000208290232834,62.136976957897396,113399.98294816274,34940.17096433128,78459.81198383146,7845981.198383146,1556671.0920596756,264881.01786645025,6289310.10632347,7581100.180516696,521.6822332871052,65.95348802868901,0.8541536708768211,0,1,0,1,0
1455373170.0060358,455294552.3828124,3426560312.8127236,2836806146404.9106,500000000,2833379586092.098,-2926560312.8127236,16.347078711441604,29.586073318285752,48.56869534727319,0.8977716621398366,0.6335661462389707,0.37853016717122334,0.06538944326030509,0.0998965932139768,90.22265355074789,164656.34273011493,62327.392939432655,102328.94979068228,10232894.979068227,4199546.017825142,283415.3827655905,6033348.961243086,9949479.596302636,567.9367022899219,50.253884654008125,0.7846928993495917,0,1,0,1,0
2050541657.5627744,502215468.80790627,4224871813.396524,3038242361142.429,500000000,3034017489329.0327,-3724871813.396524,20.602861477875024,28.37805456506857,41.480777158963214,0.979628258611588,0.8034929519518365,0.5271347307662686,0.05608803375538016,0.3055048794947987,106.69397181692828,194716.49856589412,102641.82904728311,92074.669518611,9207466.9518611,3984830.1605387433,90758.5719840876,5222636.791322357,9116708.379877012,808.9537875611676,54.84435600722211,0.5850793906267935,0,1,0,0,0
1899514692.6887584,573800136.877962,4383768998.906666,1602113513909.0298,500000000,1597729744910.123,-3883768998.906666,21.661682321709904,30.022052411475933,42.81571034854084,0.9221288908664429,0.7456301891219115,0.45731785172289474,0.06717000934034859,0.15709240400033417,61.24356517833235,111769.50645045654,51114.19057805101,60655.315872405525,6065531.5872405525,1494408.085125606,69794.17545783725,4571123.502114946,5995737.4117827155,959.0134672315031,83.39257803675808,0.6855632729439438,0,1,0,0,0
1890065970.3935668,338489019.50111395,3355546283.5883403,1271858630247.403,500000000,1268503083963.8147,-2855546283.5883403,26.619888864870827,26.768642168393775,37.262430666534605,0.7690317568052955,0.43127018216500695,0.26912259564984503,0.0701913217732422,0.37507601992195977,46.347639653093,84584.44236689473,22763.58468137343,61820.857685521296,6182085.768552129,2017698.5721131566,171486.22715767703,4164387.196438973,6010599.541394453,805.7719240078627,83.18637709209297,0.9107426745565239,0,1,0,1,0
1773434460.3401465,605252311.0611708,4393860220.924873,1022082443039.6608,500000000,1017688582818.7358,-3893860220.9248734,23.03289398745201,23.48088246408064,57.73585571473843,0.866810026502419,0.8540473993066551,0.5422487819468872,0.028786933683850963,0.3231631814829329,47.984116745714246,87571.01306092851,47485.27516614344,40085.737894785074,4008573.7894785074,797750.623373466,142704.42734519148,3210823.1661050413,3865869.3621333158,1368.4528837677913,129.33701404852525,0.5985749354442649,0,1,0,0,0
1762360073.7633743,719376586.4717103,4876884222.290678,819408307549.8394,500000000,814531423327.5487,-4376884222.290678,17.838269910357916,28.908616843099765,25.82532001904215,0.877268338762151,0.7448588102048446,0.4562772023902522,0.13588479031367595,0.20196398121828593,38.27253457984183,69847.37560821134,31869.76513681581,37977.61047139553,3797761.047139553,554645.6489120132,22903.233128504296,3243115.39822754,3774857.8140110485,1503.7652452811399,132.45532007700055,0.7018497453041777,0,1,0,0,0
989185534.8810205,501698384.82414615,3161276987.6703243,1253258056660.0708,500000000,1250096779672.4004,-2661276987.6703243,18.570407322787354,24.450329587413822,31.8701209675244,0.9657514648244463,0.7364201598997373,0.44965591850393805,0.10781229963148961,0.09524382522607829,62.22535100148708,113561.26557771392,51063.49517981659,62497.77039789732,6249777.039789733,1279081.1155245733,333580.70809561544,4970695.924265159,5916196.331694117,635.9827750150841,84.51376052573019,0.6802052286964279,0,1,0,1,0
2265944215.1459703,588403149.8348446,4813421925.281621,1526344783812.7483,500000000,1521531361887.4666,-4313421925.281621,22.07067920962093,28.750609502059547,41.71340371623724,0.9210773855036605,0.836012223292864,0.510414305609437,0.06553911981732162,0.14369389385929646,51.95410010214846,94816.23268642093,48395.561567142344,46420.67111927859,4642067.111927859,1465203.5920168746,65799.66015876921,3176863.5199109837,4576267.451769089,1515.1491070086931,109.25934842525658,0.6069646754738325,0,1,0,0,0
1966513438.8236718,488690224.92782956,4082286366.8140373,1468623954408.53,500000000,1464541668041.716,-3582286366.8140373,19.387630660140147,26.58096209398898,38.0192753721591,0.9475974006798014,0.6933320283222036,0.4410008883797198,0.06501409365284087,0.2439008804128843,38.411296154487154,70100.61548193905,30914.43370350026,39186.18177843879,3918618.177843879,885472.2836987025,108101.1779066468,3033145.8941451767,3810516.999937232,1345.8918592389493,131.21579040540593,0.7102625804546917,0,1,0,0,0
1226336805.3891823,705835214.2110358,4282233898.6255684,553000273404.1119,500000000,548718039505.4864,-3782233898.6255684,18.574795469874697,22.513167909277467,40.538512614851456,0.9974040380382023,0.7046714311519459,0.48338611909250856,0.04086270543008212,0.42029286071854904,19.63192709635185,35828.266950842124,17318.886915177958,18509.380035664166,1850938.0035664167,1093388.7229807188,93702.39242200513,757549.2805856979,1757235.6111444116,5652.74630756004,284.5378256785791,0.6602558699993359,0,1,0,0,0
1898320802.7432082,636418801.3527375,4653681155.950715,2396184211523.8887,500000000,2391530530367.938,-4153681155.950715,20.52429582080199,21.60145755594504,42.66608765663449,0.8378575699330072,0.48970105785157686,0.3163338345569793,0.0673786983066843,0.40456694328518455,105.25521905651794,192090.77477814525,60764.81136859176,131325.9634095535,13132596.340955349,3480856.4652211433,140228.95871971536,9651739.875734206,12992367.382235633,482.15981945915325,38.484133436962864,0.8702083104578816,0,1,0,0,0
1323232802.8458939,483376283.838145,3415999146.8593636,2145847044777.5872,500000000,2142431045630.7278,-2915999146.8593636,24.476763258253925,29.616319584583913,46.50407065757357,0.7865979290331636,0.7559927333922359,0.5007343725471383,0.12466514488624632,0.5285890740582767,87.12153894213806,158996.80856940197,79615.16717599695,79381.64139340502,7938164.139340502,2660012.1586057385,41511.43586907296,5278151.980734764,7896652.70347143,647.1960563711974,63.31796759659902,0.7022321370932857,0,1,0,1,0
1212871874.1618764,508101087.9334084,3412683680.691706,1450221381270.7222,500000000,1446808697590.0305,-2912683680.691706,23.821874792733773,24.996191888108537,47.43404902303332,0.8647439306852345,0.8084208054318842,0.49595220702184123,0.10036086608876857,0.22023955398499537,44.663957299684974,81511.72207192508,40425.91845972217,41085.80361220291,4108580.361220291,963816.316616161,155391.41503488636,3144764.04460413,3953188.9461854044,1085.1954653155233,126.48016748161524,0.6532912264423746,0,1,0,1,0
1329087632.7316995,420645815.01464605,3150263875.436096,1606317468065.6685,500000000,1603167204190.2324,-2650263875.436096,14.191277788511,24.44404003243664,43.186995481956515,0.9320871291394776,0.6888959076393343,0.4361072992986111,0.04424931137521672,0.24555680470570973,48.94345414041165,89321.80380625126,38953.89062642464,50367.913179826624,5036791.3179826625,1268364.282836274,357962.7060154421,3768427.035146388,4678828.61196722,835.9625504368353,106.86435462096875,0.7199707020903403,0,1,0,1,0
1577103032.287164,669320540.8474677,4474910699.060278,1310288072148.3162,500000000,1305813161449.2559,-3974910699.060278,14.093374960784338,27.836379803440025,47.83190202583755,0.8451375819912504,0.8808714220474367,0.5182156062378556,0.06633950523217674,0.10919218744521474,45.952808255018255,83863.87506540833,43459.568858476356,40404.30620693197,4040430.620693197,976215.8173197568,58827.33892137504,3064214.80337344,3981603.281771822,1460.377612605285,125.57755371788295,0.6142104826864442,0,1,0,0,0
1087427500.7665308,602970633.5534395,3697974791.811631,1592571767584.882,500000000,1588873792793.0706,-3197974791.811631,20.89786128280904,30.255309219136045,36.87592160367426,0.7685240963068096,0.8435391621346302,0.49345925189405826,0.0720400275089046,0.1782487779429142,71.23364597550024,130001.40390528794,64150.39551628069,65851.00838900724,6585100.838900724,2714420.8142306386,99691.97562668794,3870680.024670086,6485408.863274037,955.381165129201,77.09614159123106,0.680100151169493,0,1,0,1,0
1444592331.0888693,625920326.4409046,4154499782.0883927,1037163467652.9789,500000000,1033008967870.8905,-3654499782.0883927,20.26993160188062,29.572019545866734,33.06745655646608,0.8876502697167356,0.8042820951793308,0.49562124123748985,0.07634773002635484,0.20932758615692393,48.13957699330087,87854.72801277408,43542.669346273164,44312.05866650092,4431205.8666500915,2163325.142192096,185341.2617020523,2267880.7244579955,4245864.604948039,1831.8863674284648,117.76164492322971,0.64616547943505,0,1,0,0,0
1345471981.9516823,533367504.0460775,3654674147.591764,1529123802024.5217,500000000,1525469127876.93,-3154674147.591764,19.71043791735078,24.91980232628533,42.10727448680221,0.969240004612118,0.5407198354760097,0.35163231056050326,0.06149716736137992,0.28938293673215176,54.9455158921213,100275.56650312137,35260.12914225597,65015.4373608654,6501543.73608654,2913424.826430367,314510.54812557297,3588118.909656173,6187033.187960967,1018.5487826940408,80.81417778280623,0.8157139732316692,0,1,0,1,0
1271078429.1591554,573157850.3167329,3752551970.694361,790251989114.8221,500000000,786499437144.1278,-3252551970.694361,16.00466842097544,29.801036415563797,27.933271153605144,0.8878609967378267,0.6302695235303015,0.3963290659972933,0.07476542015081375,0.2716842634194241,28.081444279356308,51248.63580982527,20311.323964143485,30937.311845681783,3093731.1845681784,577761.6401185953,720.5512157131019,2515969.544449583,3093010.6333524655,1491.4934002173322,161.65479504286665,0.7782175333496191,0,1,0,1,0
1046531831.4058617,360140092.33402014,2605749959.3248315,2529756790223.898,500000000,2527151040264.573,-2105749959.3248315,19.287691275613618,24.60308840536073,31.68975279881412,0.9824369875786327,0.8960223595605572,0.5416663057240774,0.04389280562859482,0.044309324011302054,118.88008476711461,216956.15469998418,117517.83882044186,99438.31587954232,9943831.587954232,2696440.7344127726,188384.7504186838,7247390.85354146,9755446.837535549,359.54318070916844,51.253418559586095,0.5231790010455705,0,1,0,1,0
1304906732.1757088,370901379.41505295,2910715601.45797,1943692442091.5293,500000000,1940781726490.0713,-2410715601.45797,16.899560620655826,27.170215076394435,35.31263339840933,0.8466647964036899,0.9192101263374902,0.5510544423924032,0.07359465934234956,0.16766535107687872,69.5656997545942,126957.40205213442,69960.44039542708,56996.96165670734,5699696.165670734,1350315.5776307066,226288.0382133143,4349380.588040028,5473408.127457419,669.2253166949533,91.35076141896744,0.5711347966965588,0,1,0,1,0
1407469390.2668827,575112726.0812061,3897406520.8183565,1162240475033.1646,500000000,1158343068512.3462,-3397406520.8183565,24.940458161684308,21.146584619807697,39.16334861114734,0.8902032798209628,0.6490295567811993,0.41213977825582154,0.08198171493567495,0.2990434270491388,49.43234724497313,90214.03372207597,37180.7918537796,53033.24186829637,5303324.186829637,2803442.748924526,204795.25262826253,2499881.437905111,5098528.934201375,1559.0365453828742,98.06750269591619,0.7618787256224069,0,1,0,1,0
1332929022.1865728,587017231.1431078,3874406429.678957,899542221687.9727,500000000,895667815258.2937,-3374406429.678957,25.942900214905368,30.899009457662878,43.59533612698411,0.973647355136488,0.6987423531470092,0.4659548601981912,0.048123003617877524,0.360494076652742,31.21090864153265,56959.90827079709,26540.746095221053,30419.162175576035,3041916.2175576035,434088.8566988289,15031.863988185563,2607827.3608587747,3026884.3535694177,1485.683633752155,165.1863571894912,0.6829975617665989,0,1,0,1,0
1695164903.7952554,553895725.2977467,4093243524.4339867,1472956187743.489,500000000,1468862944219.055,-3593243524.4339867,16.228499709797024,25.140278438451542,37.05816843651149,0.8774873060979007,0.6258093990953698,0.3776793956969283,0.08342141989349557,0.1546962451035873,46.96028095994098,85702.51275189228,32368.07322584297,53334.43952604931,5333443.952604931,2095385.443571976,188219.88580736605,3238058.509032955,5145224.066797565,1264.1042504375353,97.17749771609162,0.7926012107692358,0,1,0,0,0
1923174748.610354,571602443.950498,4397914194.569595,1478956837702.5442,500000000,1474558923507.9746,-3897914194.5695953,21.442105973841848,32.170948566565215,39.06578403344096,0.8569796379678605,0.8832030931269196,0.5395067125153309,0.027741459601485816,0.21530817600699959,41.21272324978485,75213.21993085735,40578.03702258941,34635.18290826794,3463518.2908267938,1978443.681947334,279189.93709096283,1485074.6088794598,3184328.353735831,2961.409594018966,157.01898311253098,0.5916543467374579,0,1,0,0,0
1680307554.1296961,560890160.6081883,4108668419.2692204,694898979754.2141,500000000,690790311334.945,-3608668419.2692204,16.629528710908268,29.391560331032196,36.78425033648989,0.9581007225769808,0.5735035842256622,0.3770381428016336,0.10316217702981652,0.3336697726964128,27.755799915704337,50654.33484616042,19098.616335248396,31555.718510912022,3155571.8510912023,489542.7533272427,70122.69344158482,2666029.09776396,3085449.1576496176,1541.1191208360121,162.05096063902792,0.792827268700091,0,1,0,0,0
1474787266.3496847,511216172.4621706,3688085758.673834,1420996203641.451,500000000,1417308117882.777,-3188085758.673834,20.815568227003787,28.06424687777904,41.896475224407396,0.8888797290950105,0.5808442856990726,0.36665464962596106,0.05616132241042114,0.2823437360315219,58.268926386403024,106340.79065518553,38990.34533862472,67350.4453165608,6735044.53165608,2922506.863017952,140025.04442432278,3812537.668638128,6595019.4872317575,967.3571985955618,75.8147873509732,0.8106959435898529,0,1,0,1,0
1409393382.7021723,485887706.63261783,3513032873.1144023,1181748575651.1833,500000000,1178235542778.0688,-3013032873.1144023,13.064569520029288,31.207045395866484,43.356274923626,0.9545795042420295,0.8661348244729671,0.5732800350676385,0.05175766148646348,0.3574006375480294,42.420623894429156,77417.63860733321,44381.986575665745,33035.652031667465,3303565.2031667465,1434346.3654785326,58641.82791191144,1869218.837688214,3244923.375254835,1879.4122990217675,154.0868434098951,0.5260151906071,0,1,0,1,0
1933029787.7173533,504984930.53754985,4119350263.4997997,1698727095641.761,500000000,1694607745378.2612,-3619350263.4997997,15.170584242027124,30.340999058105886,42.74453432783146,0.9669126196690203,0.7592030239458019,0.5100960750213284,0.07968436253419871,0.3894577996357531,68.40952765648599,124847.38797308694,63684.162581736644,61163.225391350294,6116322.53913503,2579093.313642736,315348.1277362067,3537229.2254922935,5800974.411398822,1164.5697807233541,86.19241605643148,0.6255471507421045,0,1,0,0,0
1951161146.2841868,486771111.065296,4058625315.578429,831541742163.0509,500000000,827483116847.4725,-3558625315.578429,15.944821610654074,33.920074673143226,35.6966400714957,0.9575820828799352,0.9040173478396671,0.5786070697803422,0.1296922134202976,0.25271017215158653,31.01425364336217,56601.01289913596,32749.746220168407,23851.266678967553,2385126.6678967555,1196782.9847867263,213437.54910358673,1188343.6831100292,2171689.1187931686,3415.363226366088,230.23553218236663,0.49911674639409154,0,1,0,0,0
1251184205.7596488,558106173.7054218,3667491864.5523043,1076456707822.6768,500000000,1072789215958.1245,-3167491864.5523043,18.695446298064176,29.599120903009254,31.168058585515602,0.8222667136086852,0.8066720940327017,0.47996084819458323,0.0867150743197081,0.17107012186610143,53.08754417842796,96884.76812563103,46500.895486713394,50383.87263891764,5038387.263891764,932735.9777213236,74606.25045208592,4105651.2861704403,4963781.013439678,893.2789486788512,100.7296652785902,0.6816421557516803,0,1,0,1,0
1338477644.5669165,565042397.9857912,3784815524.5636935,3213929954692.4854,500000000,3210145139167.922,-3284815524.5636935,23.508476851666146,22.06235920754731,50.78697969319712,0.9126447601349423,0.8841928097788941,0.5388815714817358,0.05507402930963225,0.1473029936550437,112.34061159203131,205021.61615545713,110482.37070157797,94539.24545387916,9453924.545387916,1488360.1015106495,105029.64606837882,7965564.443877267,9348894.899319537,475.1471852660602,53.482257035148905,0.565147395505001,0,1,0,1,0
1566135577.997689,369574841.14735365,3166201230.7972474,1756342769795.0544,500000000,1753176568564.257,-2666201230.7972474,17.828224194848833,22.202091347695823,39.08643336686165,0.7388261300804413,0.7421889541750546,0.45319568816216976,0.1242901738571685,0.3431217400516076,53.02648136319309,96773.32848782738,43857.25519978464,52916.073288042746,5291607.328804275,2692534.496298636,404810.7690483004,2599072.832505639,4886796.559755974,1218.2041192531212,102.31651632843251,0.751490782132519,0,1,0,1,0
2027301447.6814215,577467269.8688716,4527432520.631572,1217028743139.6694,500000000,1212501310619.0378,-4027432520.631572,26.8406535502178,25.333256980213083,53.802574561319204,0.9571058476827795,0.7419841404141923,0.47227694259426234,0.07114290481192673,0.23610309598693388,37.6535823916633,68717.78786478553,32453.826754622012,36263.96111016351,3626396.111016351,1685691.7110257496,49640.785283688136,1940704.3999906012,3576755.325732663,2332.881051155188,139.79150220390878,0.6646090534103167,0,1,0,0,0
1522609949.1668024,493971428.34214824,3661247724.1323166,618759731887.8336,500000000,615098484163.7013,-3161247724.1323166,16.739541951742698,23.157068030469322,34.730356503070105,0.8991396931793686,0.7433689586059821,0.5306013382504793,0.05345035664559594,0.6255496682587863,32.899306121534806,60041.23367180102,31857.95893646736,28183.27473533366,2818327.473533366,1207330.1861549674,115882.17212439276,1610997.2873783985,2702445.301408973,2272.6591489736916,185.01762079673367,0.6453500252001243,0,1,0,1,0
1719136256.017498,709749798.5652838,4791981450.890818,1000533134824.4263,500000000,995741153373.5354,-4291981450.8908176,26.156462430506863,32.1019263222407,25.853700707322936,0.9847930541818563,0.8041956707909153,0.513123595878403,0.07310880430521452,0.21471152803418617,34.88802276527306,63670.64154662333,32670.9085422882,30999.73300433513,3099973.300433513,1512990.1967797077,171886.3049291041,1586983.103653805,2928086.9955044086,3019.55417159638,170.75995377448382,0.5936233987887711,0,1,0,0,0
1175345037.6702547,505947649.7870935,3365833583.983968,1634287483684.8936,500000000,1630921650100.9097,-2865833583.983968,18.559862475286003,24.97427304127283,30.880388133630152,0.9527361146619634,0.7694521196540672,0.5114764732961556,0.11620187237387994,0.3719862257278145,51.06402671834918,93191.84876098725,47665.438144218475,45526.41061676878,4552641.061676878,420095.17293088057,92821.00020729561,4132545.888745997,4459820.061469582,814.4697420420697,112.11214647867251,0.6250443601573843,0,1,0,1,0
1244866554.8261523,721662729.5193603,4369288506.343982,876896144318.3937,500000000,872526855812.0497,-3869288506.3439817,16.54331131244445,25.839046962452684,52.891037320911735,0.8655467049447981,0.7322493130039563,0.45925124815429025,0.06933199017037807,0.2873686759923107,27.81363556830541,50759.88491215737,23311.540502076397,27448.344410080976,2744834.4410080975,1541773.0403339516,234279.68168312302,1203061.400674146,2510554.7593249744,3631.808404704542,199.1591691608581,0.7089284050782932,0,1,0,0,0
1898118193.7561865,497241782.6554216,4050914891.4257145,1186515877314.3633,500000000,1182464962422.9375,-3550914891.4257145,16.64735023378391,26.114618368264935,41.419941365029665,0.9620422108919888,0.9347639247990273,0.5680356049581814,0.05908889766625404,0.08375979920293619,44.11217931130179,80504.72724312576,45729.551441542324,34775.175801583435,3477517.5801583435,1821901.067599808,170728.35468900535,1655616.5125585354,3306789.2254693382,2446.771254513259,151.2040731682964,0.4891756046560185,0,1,0,0,0
1466498775.9519937,836889684.143944,5089793139.344794,892377694133.0626,500000000,887287900993.7178,-4589793139.344794,21.034118209588925,25.49168324870221,43.26985528813529,0.9400319571273077,0.7946902679678155,0.5321497893906452,0.10516318005634545,0.40631938547625057,28.0282558761071,51151.56697389546,27220.29559215995,23931.27138173551,2393127.1381735513,609913.1637361296,151256.72843743872,1783213.9744374217,2241870.4097361127,2854.2806484850203,223.02805631787356,0.6024658823082598,1,1,0,0,0
1323223640.2383435,638435258.1296734,4087314196.018929,703327591148.2031,500000000,699240276952.1842,-3587314196.018929,14.928113682596383,24.82948648912057,33.7786998562384,0.8042554001997728,0.587668285848402,0.3650135722060619,0.05779542050377179,0.3234507981780068,22.19501749494986,40505.9069282835,14785.205783339032,25720.701144944465,2572070.1144944467,653739.3826548093,104270.43845288543,1918330.7318396373,2467799.676041561,2130.6618969187257,202.60963839739935,0.8274816670618638,0,1,0,0,0
1502696961.9287071,592286580.8210964,4066987895.9213395,1347426375636.5488,500000000,1343359387740.6274,-3566987895.9213395,27.44042900168198,26.87239731279758,44.07865908056581,0.9014739543941686,0.7862265366109759,0.5018633542838604,0.036497405251142284,0.30300539146359656,58.76164340813774,107239.99921985138,53819.82572187319,53420.17349797819,5342017.349797819,1266676.3725165143,110065.76847294203,4075340.9772813045,5231951.581324877,997.9503355899468,95.5666336410143,0.6442979513986842,0,1,0,0,0
2121850971.1907036,619198479.7294023,4802656343.669221,1094659850245.9253,500000000,1089857193902.2561,-4302656343.669221,28.9889522855669,23.525478503305855,48.44557311396492,0.8720810977123947,0.6899686814724205,0.45511276437584547,0.10290750418202001,0.4305421085575443,38.76423036582084,70744.72041762304,32196.82527426074,38547.8951433623,3854789.5143362302,2251097.780979202,235094.59449825776,1603691.733357028,3619694.9198379726,2994.750327493277,138.13318831366632,0.7261547151680244,0,1,0,0,0
1533981183.9993584,612217785.3817466,4184563803.1548963,511772718839.5714,500000000,507588155036.4165,-3684563803.1548963,15.760624688181093,19.190073279530896,38.477075750430316,0.934256569776952,0.7822802845980977,0.4962904939616972,0.07389899197232694,0.24990928711185076,26.29300487244402,47984.73389221034,23814.367285985663,24170.366606224674,2417036.6606224673,1522417.1167990165,48949.49674939821,894619.5438234508,2368087.163873069,4677.478635522299,211.14087674975477,0.6372858466790068,0,1,0,0,0
1360486578.0149944,465890560.42203915,3377548890.429331,1167620351099.2053,500000000,1164242802208.776,-2877548890.429331,16.7719272641072,24.11126111857901,28.124519440703025,0.8554226775158885,0.82564967234967,0.5388389053570912,0.07466096671054095,0.41647045814997113,38.66946156412375,70571.76735452584,38026.81387042801,32544.95348409783,3254495.348409783,372899.4591905206,12609.727015818193,2881595.8892192626,3241885.621393965,1172.1105318985035,154.23122786947894,0.6194291524475584,0,1,0,1,0
1450455964.783223,599262959.3992703,4044950967.075547,1598214689012.5242,500000000,1594169738045.4487,-3544950967.075547,20.959689134753955,25.498437546072097,37.77441108824199,0.8804061133820904,0.653629160012896,0.4041136207102769,0.1344774477479479,0.22741240433511398,43.904447377115325,80125.61646323546,32379.852980601056,47745.76348263441,4774576.348263441,1171004.4558893929,183555.8356064461,3603571.892374048,4591020.512656994,1122.4837710704633,108.90824787681713,0.7674491361498705,0,1,0,0,0
1195528916.4404888,640269892.9831767,3967562481.0184436,1475928464466.635,500000000,1471960901985.6165,-3467562481.0184436,17.441614051439988,22.89736414757412,40.8558835439404,0.8995374400521001,0.6787261072468154,0.41192766444158235,0.07479942736300282,0.14832144996329472,78.34886175742118,142986.67270729365,58900.16613458842,84086.50657270523,8408650.657270523,1196448.8361190427,88521.20874636114,7212201.82115148,8320129.448524161,550.1180609481327,60.09521884166007,0.7485018711750814,0,1,0,1,0
1464731415.7497168,392390074.88889086,3163575090.76825,714109795635.2074,500000000,710946220544.4391,-2663575090.76825,26.515380381997705,30.23000976533082,37.65727052008073,0.8280402225480157,0.8376347652167401,0.4972643746257282,0.0920741316305515,0.15747098362521583,25.549997007621272,46628.744538908824,23186.813492723337,23441.931046185488,2344193.104618549,971218.1890806044,91575.50875171061,1372974.9155379445,2252617.5958668385,2304.175447756619,221.96399465111745,0.6550997781383294,0,1,0,1,0
1934693538.924259,627053340.988814,4649506349.97644,2650919515402.117,500000000,2646270009052.1406,-4149506349.9764404,15.421352981707912,24.698421684144094,39.60681240507462,0.9172507596704206,0.6434868096379881,0.393356511472532,0.0590661866263574,0.1518049072465032,66.20788412622896,120829.38853036785,47529.026755664665,73300.3617747032,7330036.17747032,3415905.2879967913,410057.20451615466,3914130.8894735286,6919978.972954165,1187.877074443421,72.254554812115,0.7678257384722645,0,1,0,0,0
1866632774.0286193,509904850.55220056,4074253928.735866,732208215410.2388,500000000,728133961481.5029,-3574253928.735866,18.80128152250709,32.66469471533179,35.19991143556271,0.9268655688493374,0.7257888315659423,0.4603664674560146,0.03136392616501399,0.2571082075770996,24.057878356206448,43905.628000076766,20212.678863833225,23692.94913624354,2369294.913624354,1024954.2960523528,2358.347108204547,1344340.6175720014,2366936.56651615,3030.670854901588,211.2435149607498,0.6903074821744717,0,1,0,0,0
1867957023.2695863,382650115.26690894,3524631770.3318624,2990978800357.469,500000000,2987454168587.137,-3024631770.3318624,22.967116142636684,23.57495523997091,42.55831256380128,0.8748343400132783,0.7855872687168334,0.46486888608034,0.046133261716491264,0.09452295789328866,95.7133461832073,174676.85678435332,81201.83583735742,93475.02094699591,9347502.094699591,3053403.2815662823,44546.34139964525,6294098.813133309,9302955.753299946,559.9899008540099,53.746359034615416,0.68051480450048,0,1,0,1,0
1925523602.8715472,621745197.74236,4617354931.57384,496776181245.8822,500000000,492158826314.30835,-4117354931.57384,18.880603609359973,23.580323765828773,31.43727097193584,0.8889468581779841,0.573543764203595,0.3697026363916073,0.10887585369881997,0.3454591293592319,20.571303603194995,37542.62907583086,13879.60894640688,23663.02012942398,2366302.012942398,1041524.0740776848,69126.8123169253,1324777.938864713,2297175.2006254727,3485.380301192777,217.65862693618686,0.8115071377440425,0,1,0,0,0
1463394081.806602,579632682.10804,3972900256.5285306,741815216116.2999,500000000,737842315859.7714,-3472900256.5285306,24.90396555067925,22.907458253513255,43.973320880638894,0.8595090772215702,0.630444359825449,0.4306469723076253,0.0444512773611141,0.5425534362188409,27.657131672738693,50474.265302748114,21736.5895320803,28737.675770667815,2873767.5770667815,1243496.4073746935,260435.44406078593,1630271.169692088,2613332.1330059953,2436.9567041284913,191.3266184902694,0.7666441839213812,0,1,0,1,0
2136106552.0443692,439826364.3081669,4040324535.444949,1873654021445.3918,500000000,1869613696909.9468,-3540324535.444949,23.35720047510828,31.015818698757336,38.462774533095896,0.9411601359736778,0.8150529722189195,0.52193956409146,0.07368097556031468,0.271419048589205,70.15446597310013,128031.90040090775,66824.91428505101,61206.98611585674,6120698.611585674,3375488.6509958347,351349.5166586118,2745209.960589839,5769349.094927062,1471.77250317744,86.66488918821805,0.5996225789702316,0,1,0,0,0
1770706549.2071328,618612422.768844,4448974601.747252,1347873311658.4294,500000000,1343424337056.6821,-3948974601.7472525,25.350318437205523,25.082250627886005,34.88789496948857,0.9684036128748614,0.6422966429907364,0.407469208831693,0.0944697171570815,0.21392269768842856,85.39715096882811,155849.80051811133,63503.994913692004,92345.80560441932,9234580.560441932,3258297.8489986407,124244.55801872199,5976282.711443291,9110336.00242321,744.43844385548,54.882717812713786,0.746553178414344,0,1,0,0,0
1193288583.0348544,559354450.1243175,3615000625.4616165,667230284140.1804,500000000,663615283514.7188,-3115000625.4616165,22.183789135666416,34.55526209011155,47.36436293024603,0.8810188246827685,0.7674680713640901,0.4925171120395209,0.05100711001205248,0.3404221472471424,32.00896256971798,58416.356689735316,28771.055292698988,29645.301397036328,2964530.139703633,1065038.9031705451,176020.11488359337,1899491.2365330877,2788510.0248200395,1903.141512808262,179.3072269956312,0.6669826741583802,0,1,0,1,0
1567910162.918082,755462061.7919903,4838665534.993162,1515799092085.8442,500000000,1510960426550.851,-4338665534.993162,17.59547417898404,28.2584459632254,32.33049682935866,0.9512441831460984,0.711873854465467,0.4490590511896724,0.08176257694644212,0.21434698983850187,54.21340975007437,98939.47279388572,44429.66577802873,54509.807015857,5450980.7015857,2525275.918219388,163426.99835300824,2925704.783366312,5287553.703232692,1653.8461305127992,94.56168732514456,0.6959125399760364,0,1,0,0,0
1753590515.8609214,368670806.970152,3349742173.780833,907753290723.2715,500000000,904403548549.4906,-2849742173.780833,17.825644147650742,30.867351091791125,43.430575994082936,0.8291564133235921,0.7197894498186441,0.4904398576471108,0.06638295868959915,0.5652101116377346,34.59825246034137,63141.810740123,30967.260670966734,32174.550069156267,3217455.0069156266,1364297.228610815,75662.15044865682,1853157.7783048116,3141792.85646697,1807.5860636351383,159.14480134195205,0.7072966461275094,0,1,0,1,0
1158601114.3781953,656898234.614231,4002626696.1190786,3000825282553.0557,500000000,2996822655856.9365,-3502626696.1190786,17.2725626131378,29.3952895700197,53.91553910945032,0.9782789419160927,0.7850317479892452,0.5232956237578678,0.04672223427636414,0.3547193114514079,132.6937533017605,242166.0997757129,126724.46023514173,115441.63954057118,11544163.954057118,5187531.718074383,1056335.6037277132,6356632.235982735,10487828.350329405,629.6772485061459,47.67431190693504,0.598119412322237,0,1,0,0,0
1964287531.5138748,400998778.42303836,3700402387.647877,1437949000943.4724,500000000,1434248598555.8245,-3200402387.647877,23.68271259248316,32.31833500103821,45.05713706117827,0.855889858838481,0.5813977666166514,0.3858578381554489,0.14569390000953403,0.46456005045928295,45.40984309907009,82872.9636558029,31977.182597763192,50895.781058039705,5089578.10580397,1347531.6554203727,101017.91449916916,3742046.4503835975,4988560.191304801,988.8713132538877,100.22932085123757,0.8079923348782705,0,1,0,1,0
1200550802.5592704,572616809.6842129,3679681921.2981176,574455770978.6709,500000000,570776089057.3728,-3179681921.2981176,26.80725784435545,23.47114935717864,31.379707402850194,0.9209549740418124,0.38802456937754304,0.2377698535855487,0.11749516636897242,0.15546398087013175,24.226614859571065,44213.572118717195,10512.654569161485,33700.917549555714,3370091.754955571,1316303.5839386375,110725.77276557841,2053788.1710169336,3259365.982189993,1791.6560106956515,153.40406776413803,0.9150321921297808,0,1,0,1,0
2230506002.601585,635987708.1855043,4983999947.998688,1870781073538.9497,500000000,1865797073590.951,-4483999947.998688,17.548751576353368,31.114344632459897,38.25734251499472,0.9711400337448868,0.6603130188954359,0.4658224756719921,0.10031973015212134,0.5255649269778483,67.0099437025984,122293.14725724209,56966.896613088,65326.25064415409,6532625.064415409,2515784.003882727,112380.98651012463,4016841.060532682,6420244.077905284,1240.7759911062421,77.87865911838256,0.7012883527400411,0,1,0,0,0
1105784470.825475,539018073.7303107,3439450646.0892177,1913596859249.7578,500000000,1910157408603.6687,-2939450646.0892177,25.181775469280872,29.32464598586646,33.05712153589043,0.9236374517272206,0.9416183345185246,0.5583301178021,0.036118359476737326,0.0462091747578486,59.78110504224158,109100.51670209088,60914.10434254838,48186.412359542504,4818641.23595425,2221300.677964444,148142.23784880855,2597340.5579898064,4670498.998105441,1324.2201279724197,107.05494213847854,0.5144125028205708,0,1,0,1,0
1133169783.1086023,511690950.14818823,3348523814.3481,736388682498.9597,500000000,733040158684.6116,-2848523814.3481,19.580258430151034,27.60230457339854,35.60522831894599,0.9228719243045861,0.8404782463019802,0.5467893567236779,0.06334941276400625,0.3381393719577342,28.893931289996086,52731.42460424286,28832.981738477072,23898.442865765785,2389844.2865765784,623571.2238099397,51374.12399622048,1766273.0627666386,2338470.162580358,1895.8132153717331,213.81500093560345,0.5758807705068075,0,1,0,1,0
1813739729.3100188,665728594.5235407,4695996148.271532,1137377834851.277,500000000,1132681838703.0056,-4195996148.271532,14.940180577876657,26.451337291442048,38.45345109059385,0.8968609149648032,0.43632180445217955,0.28760619043098284,0.05404726597290577,0.4034854517088949,41.05455120830356,74924.55595515399,21548.76610799485,53375.78984715915,5337578.984715914,2353711.9426641925,267828.1378514375,2983867.042051722,5069750.846864477,1573.7953742880386,98.62417603998003,0.8874539533949186,0,1,0,0,0
1300343427.114726,625153321.1969377,4006930146.804243,1266470280850.688,500000000,1262463350703.8838,-3506930146.804243,27.646461855926923,30.968205670816552,43.147071017976714,0.9618086862730293,0.8552512148598161,0.5568757554034112,0.026658365469091803,0.30083107702381906,50.527836399299,92213.30142872068,51351.35189136128,40861.949537359396,4086194.9537359397,265178.5976241167,4442.227348168254,3821016.356111823,4081752.7263877713,1048.6555862015732,122.49639640529743,0.5419206597195709,0,1,0,0,0
1677440537.2049553,504359225.3592627,3861052037.015315,1993586168497.2095,500000000,1989725116460.194,-3361052037.015315,15.243569823857005,28.541647066719428,35.419018173879984,0.923491897485761,0.6554096952455757,0.41307277310677226,0.06840912254516754,0.24092434661825385,58.28532510755767,106370.71832129275,43938.84759433574,62431.87072695701,6243187.0726957,1338409.9831995177,315256.09283356805,4904777.089496182,5927930.979862132,787.2023471329502,84.34646113434145,0.7499812836486388,0,1,0,1,0
1938805691.1295445,420602095.33035845,3759792650.480771,569205838396.7397,500000000,565446045746.259,-3259792650.480771,13.412197850230104,22.01478593376183,43.736866885920655,0.8442134957588823,0.7509797075331862,0.5105417490136538,0.12336940063071261,0.5442090049984357,25.032309484677562,45683.96480953655,23323.571295739,22360.39351379755,2236039.351379755,1143532.7191712696,100469.17743810908,1092506.6322084854,2135570.173941646,3441.4369118111513,234.12951075128774,0.6763230639457949,0,1,0,1,0
1222593269.994024,490792130.57186365,3347466349.4341025,5999063269039.005,500000000,5995715802689.57,-2847466349.4341025,18.169722887762667,23.47490612236755,37.712481644860844,0.9662556634740368,0.6800793122178801,0.4237867216654278,0.07789047454949413,0.1598988227692679,181.93596450820846,332033.13522748044,140711.2338623476,191321.90136513283,19132190.13651328,7727366.556705677,553505.3431847556,11404823.579807606,18578684.793328527,293.5132074608183,26.91256165665432,0.7215168251900419,0,1,0,1,0
1296949243.5831027,604008387.3286568,3911989465.387866,3961821101801.6045,500000000,3957909112336.217,-3411989465.387866,22.766763100275814,22.516428967057443,53.657874962351606,0.9406329253026929,0.6216064686752893,0.4128205965151537,0.09351653098380094,0.3814191704610611,125.30279485486214,228677.60061012342,94402.82349352523,134274.7771165982,13427477.71165982,3555053.9707077397,169944.42682890958,9872423.740952082,13257533.284830911,396.2542095068743,37.714406538363605,0.7586223477974102,0,1,0,1,0
1416565118.4225595,529486092.9207889,3708962805.146577,2577747362390.025,500000000,2574038399584.8784,-3208962805.146577,20.201983196697263,24.346821995422665,33.27132522317073,0.8960817141399998,0.6424810076976665,0.4256701485307557,0.054507829069383604,0.41921856708725896,90.12016952912315,164469.30939064972,70009.67535706869,94459.63403358104,9445963.403358104,5028140.438493066,683694.6122687225,4417822.964865038,8762268.791089382,839.5453676265372,57.062846612108636,0.7549351049760978,0,1,0,1,0
1889032328.0051172,374016005.2468044,3508325897.16369,2542640163051.9165,500000000,2539131837154.753,-3008325897.16369,27.52634789738723,21.84815853759258,52.58224854217414,0.9156478762100201,0.7098976664309685,0.5396375610950798,0.0840018293766841,0.7762940997464302,70.18950508303313,128095.84677653546,69125.33034089862,58970.51643563683,5897051.643563683,1929377.956157119,250247.3608910069,3967673.687406564,5646804.282672676,884.2274273459411,88.54565785718114,0.6492267942718017,0,1,0,1,0
1352716867.50267,428663038.7892122,3208603493.502278,556391170168.6884,500000000,553182566675.186,-2708603493.502278,18.988854700833542,23.179834631678162,30.932466225810323,0.8975242508388471,0.7468110887039294,0.4905517664497381,0.04356508613998798,0.39255876299487985,21.805842839782795,39795.663182603595,19521.832871265,20273.830311338595,2027383.0311338597,195087.28933005384,4101.577036494295,1832295.7418038058,2023281.4540973653,1751.1384326765744,247.1233050584463,0.6711924405730954,0,1,0,1,0
1566867134.6730244,446956756.76129276,3501955985.851855,1026860665270.9833,500000000,1023358709285.1315,-3001955985.851855,27.483809288404927,28.50156717365685,40.240722820304015,0.9172880901894299,0.8937128635305358,0.5633270945915964,0.0856606124280835,0.24783420046344803,38.155990907411564,69634.6834060261,39227.10388592233,30407.57952010377,3040757.952010377,905888.7345659444,150523.52126546702,2134869.2174444324,2890234.4307449097,1640.3608976309602,172.9963475215861,0.538188861090283,0,1,0,1,0
1465970702.693668,570780533.7131125,3937151707.454796,1394272131164.1843,500000000,1390334979456.7295,-3437151707.454796,14.545158382604399,26.408126962293764,37.51301050599659,0.8576845153076761,0.6912999167799574,0.43178855104012187,0.04268996534451397,0.28320295067758083,43.29936254243929,79021.33663995171,34120.508449018445,44900.828190933265,4490082.819093326,1624360.7384557652,54387.6618351421,2865722.080637561,4435695.157258184,1373.8777162155461,112.72190316817506,0.7439851266203921,0,1,0,1,0
1592512667.1487827,610543886.6899999,4235848180.9694037,1055969402733.0614,500000000,1051733554552.092,-3735848180.9694037,22.339619490402455,20.60966882467968,32.66611287113904,0.8441237762789835,0.7444749839592689,0.4774332719419997,0.0412705555003261,0.3767191114675139,35.381268338127,64570.814717081776,30828.25534233698,33742.5593747448,3374255.93747448,1824143.2353205772,32549.059203880275,1550112.7021539027,3341706.8782705995,2732.6065873040297,149.62413467537885,0.6999670697297277,0,1,0,0,0
1817073079.3516223,549861859.3974079,4197687171.6823835,1640559894330.9004,500000000,1636362207159.218,-3697687171.6823835,25.3277356047698,23.991103964958167,43.62687014440621,0.9550416931915926,0.6184402287114849,0.3722698590808826,0.03878731040859637,0.06058800981732607,66.74168539700914,121803.57584954167,45343.80001705647,76459.7758324852,7645977.58324852,4182763.146466738,178324.73745669998,3463214.436781782,7467652.84579182,1212.0783302067532,66.9554424027304,0.7801239438791722,0,1,0,0,0
1627540888.2728705,329693320.0111317,3054940425.723886,1626997826979.4666,500000000,1623942886553.7427,-2554940425.723886,23.775243803965424,23.681712726130705,30.205388729741827,0.8445559137080376,0.3682507564180711,0.22012454045450758,0.09270847419566688,0.16085692601224597,47.451517404585395,86599.01926336836,19062.56931916001,67536.44994420835,6753644.994420835,3743342.1692688526,393842.23468981934,3010302.8251519823,6359802.759731015,1014.8282758129658,78.61879037600016,0.9315394289849549,0,1,0,1,0
1305336332.0799859,558347287.6592917,3722687888.110884,759135952027.4819,500000000,755413264139.3711,-3222687888.110884,23.535805505534398,31.618041281269804,38.40473437940204,0.9405159817248046,0.8145112326257338,0.5605329270685506,0.04507276624935756,0.48475455984832555,26.11315021399585,47656.49914054243,26713.036957088116,20943.462183454314,2094346.2183454314,665589.9112202865,20154.328508475388,1428756.3071251449,2074191.889836956,2605.544325191079,241.0577355209421,0.5705976797625265,0,1,0,1,0
1942961252.4713326,568689152.1269032,4405087669.4455805,1599985755537.822,500000000,1595580667868.3765,-3905087669.4455805,23.193409203396843,22.595601677202417,30.0905744217796,0.9059387447565336,0.8849114831706028,0.5550973701150164,0.12072462585818691,0.24498799301630192,54.44968121195595,99370.6682118196,55160.39659095292,44210.27162086668,4421027.162086668,2349686.717762247,233311.6963922626,2071340.4443244212,4187715.465694406,2126.6845252385942,119.39684157053638,0.5549919837070482,0,1,0,0,0
1828486111.8174496,625785188.6362667,4537808486.844473,2744650652902.217,500000000,2740112844415.3726,-4037808486.844473,21.86204925517901,22.699367045365,29.027433681925256,0.9345494054995239,0.8420705771966284,0.5070389805003047,0.09596657233307798,0.08427648006769371,73.70470903978189,134511.09399760194,68202.36796652475,66308.7260310772,6630872.60310772,1531724.7167164395,31838.3341114103,5099147.88639128,6599034.2689963095,889.915057956071,75.76866244642919,0.6009823494846488,0,1,0,0,0
1748805947.5055804,407753973.4523372,3514167262.924493,1310673485233.6006,500000000,1307159317970.676,-3014167262.924493,23.9508677538167,25.257949197911213,54.90232469097143,0.8549233026516145,0.7975157620169092,0.5343196560024992,0.12247292183583454,0.4925290723930943,52.27368628298523,95399.47746644804,50973.815982690685,44425.66148375735,4442566.148375735,962366.1273971737,32125.59247939499,3480200.020978561,4410440.55589634,1009.760140722136,113.36735948782884,0.6356929457014178,0,1,0,1,0
1014073620.70418,492797428.36317647,3147628590.1494145,1848188622659.183,500000000,1845040994069.0337,-2647628590.1494145,14.454796337725757,21.013736817175698,31.11500327083317,0.9712340074074023,0.8015512962507636,0.5288699890006165,0.05169957642064592,0.33121369506816173,57.98829351587149,105828.63566646547,55969.589380873855,49859.04628559162,4985904.628559162,2302871.947524745,613837.7087638212,2683032.681034417,4372066.919795341,1173.1607342687594,114.36238492511576,0.5882779515165206,0,1,0,1,0
1898345828.6099353,415594327.27794564,3697651773.0063105,2065590775109.7952,500000000,2061893123336.7888,-3197651773.0063105,17.13675822113415,24.66201734235701,33.05236298071296,0.9543690713100623,0.8691890634376653,0.548760903564609,0.06717430375937782,0.2136926185754735,95.78962046212607,174816.0573433801,95932.21758535577,78883.83975802432,7888383.975802432,5248538.643422654,767662.3488755974,2639845.332379778,7120721.626926835,1400.707733764439,70.21760239991158,0.5447879265498792,0,1,0,1,0
1934349698.5557413,361208266.3159739,3498192460.809754,1021932911514.8303,500000000,1018434719054.0205,-2998192460.809754,26.32005478197619,20.249242895254223,25.547129191504734,0.9453399692982806,0.7304026789012643,0.4682769080515186,0.12734520964088625,0.27063806783065086,30.030806460843806,54806.22179103994,25664.488082293945,29141.733708745996,2914173.3708745996,909630.2511125734,92565.33926486965,2004543.1197620262,2821608.03160973,1745.1320584338687,177.2039186161338,0.6766647008977074,0,1,0,1,0
1870237242.2235358,461569490.3115508,3868591582.402353,1764087888468.2073,500000000,1760219296885.805,-3368591582.402353,14.897545749211446,34.710662208497304,39.53378981785188,0.8886234822005554,0.6584010576551418,0.3909825214311827,0.09046097287150252,0.09043857188881924,57.640681478298774,105194.24369789526,41129.11064104939,64065.13305684587,6406513.305684587,481924.67576455296,42145.03340400362,5924588.629920034,6364368.272280583,652.9721849151523,78.56239277945365,0.7712476057470797,0,1,0,1,0
1035474771.685084,572974237.5422535,3516153365.9967513,1361796369700.997,500000000,1358280216335.0002,-3016153365.9967513,15.8815766778355,23.045957822728987,45.3371774446393,0.9248471276178457,0.874933421900719,0.5305067426056984,0.0807917517770153,0.1174816448969,48.33977761424991,88220.09414600609,46801.35477776573,41418.739368240356,4141873.936824036,1210078.3388568761,93368.28445581504,2931795.59796716,4048505.652368221,1199.317363200481,123.50235937240673,0.5707247332756301,0,1,0,1,0
1431782153.1435337,595777615.3266176,4011187439.584187,1326895178738.165,500000000,1322883991298.5808,-3511187439.584187,20.586841343948286,23.691866495440678,36.2690876244312,0.8186683852637752,0.8330475677636161,0.49103552789405364,0.0857230608452128,0.1453972142686279,46.20529565218318,84324.6645652343,41406.40617927882,42918.25838595548,4291825.838595548,2724634.2090265052,338474.0130881315,1567191.6295690425,3953351.8255074164,2559.474772518541,126.47495645946577,0.6651188241318019,0,1,0,0,0
1233973680.4769938,622949709.0281122,3931019912.690462,517701172738.5983,500000000,513770152825.90784,-3431019912.690462,22.28835712331312,22.92410809282638,34.64485614196188,0.9547689626455355,0.8079757525185534,0.5229532221817642,0.12773389667297075,0.2898722424262982,30.5372753963095,55730.52759826483,29144.45898140233,26586.0686168625,2658606.86168625,1451119.5514749184,61378.515353448776,1207487.3102113318,2597228.3463328015,3255.5372461864326,192.51291504883775,0.5965781063481592,0,1,0,1,0
1504296639.7110555,603793812.0240066,4118407862.740242,1486944567450.7878,500000000,1482826159588.0476,-3618407862.740242,15.349027759182349,24.46860733361214,30.005088667128597,0.9394358207384478,0.7851194349058507,0.5074917799810877,0.10124400689382543,0.3016806950630949,61.21848577710896,111723.73654322386,56698.87792445877,55024.85861876509,5502485.861876509,517273.13177011965,37763.88130763762,4985212.730106389,5464721.980568872,826.12479862065,91.49596297448795,0.6256896325742096,0,1,0,0,0
1677685256.3041272,515485981.84168994,3909469788.7249455,1165603660083.464,500000000,1161694190294.7393,-3409469788.7249455,21.164922984046633,27.530358547604024,43.741609017033156,0.8645356709025203,0.7679108889690107,0.5241443664189156,0.049171965730382905,0.5354933049519057,52.4820379778021,95779.71930948884,50202.4002932536,45577.31901623523,4557731.901623523,1661391.9165395268,178671.38724538038,2896339.9850839963,4379060.514378143,1349.796573903104,114.17974206072454,0.6520277067760734,0,1,0,1,0
2179564869.488204,512277284.02716464,4397457419.57793,971913163895.3613,500000000,967515706475.7834,-3897457419.5779305,29.22445609978365,24.380605409093896,38.06466919027591,0.7563593666840259,0.892140009509978,0.5250920414963197,0.06941543266953368,0.21126675290552943,39.228744504779655,71592.45872122288,37592.630305667924,33999.828415554955,3399982.8415554957,1471023.0085156052,194600.13025815674,1928959.8330398905,3205382.711297339,2279.703985669769,155.98761365928476,0.6456792047736546,0,1,0,0,0
1776953757.8149667,524729975.1150893,4048759943.456436,1214230489019.6653,500000000,1210181729076.2087,-3548759943.456436,17.89424531384141,25.255009820710633,52.99437469851131,0.9354647788422,0.5787962194598095,0.3548152190823408,0.05598284376980217,0.14099391274607592,49.50004751847224,90337.58672121185,32053.150623856745,58284.4360973551,5828443.60973551,3900205.238333007,616657.3422315997,1928238.3714025035,5211786.267503911,2099.7196215484355,95.9363976833735,0.8078876139343768,0,1,0,0,0
2273727864.712176,733718239.1091242,5450343863.751453,1585625516479.253,500000000,1580175172615.5015,-4950343863.751453,16.709049298128228,31.94042749230911,35.364470896846804,0.865415137921975,0.6167930331358609,0.4180962748057633,0.09250688832475092,0.5152135196080063,59.390230580822525,108387.17081000112,45316.27235239743,63070.89845760369,6307089.845760369,4159086.8497925666,204136.18187911907,2148002.995967802,6102953.66388125,2537.4004943115788,81.92754320897444,0.7768277226015854,1,1,0,0,0
1730473103.5220082,528484736.3955034,4018535440.530818,1864457216738.8115,500000000,1860438681298.2808,-3518535440.530818,20.18240671849481,26.7055398530202,42.326608306545424,0.9469964368067678,0.799087118383923,0.5581653687835954,0.07879127026076409,0.5206580674497526,54.16714853114926,98855.04606934739,55177.46324541659,43677.582823930796,4367758.282393079,1425799.2635214096,238112.33747978453,2941959.0188716697,4129645.9449132946,1365.9386193870396,121.07575483943768,0.5776180392168012,0,1,0,0,0
2029432393.24833,430842319.4568348,3894754164.057167,1201314270054.6328,500000000,1197419515890.5757,-3394754164.057167,20.99517490501325,34.49676355274814,41.10807387431595,0.9057077500463165,0.804649959889812,0.4862884046608803,0.06531210935869756,0.12799592160160708,34.15841301259721,62339.1037479899,30314.78330959911,32024.32043839079,3202432.043839079,1010763.5520707212,66731.91795483405,2191668.491768358,3135700.1258842447,1777.0726634458601,159.45402300196153,0.6456038526063284,0,1,0,1,0
1721882305.6286678,494723484.1098481,3863776088.4954515,1066378370704.3892,500000000,1062514594615.8937,-3363776088.4954515,20.523616533073568,29.658082381293745,41.60727035572188,0.8251974022860189,0.7697502412283461,0.4502383233925048,0.05667159106079009,0.11326628744643452,41.373073104920095,75505.85841647918,33995.631099747436,41510.22731673175,4151022.7316731745,2390433.6042316393,487836.70346952823,1760589.1274415352,3663186.028203646,2194.592723692574,136.49320459031946,0.7140104631965325,0,1,0,1,0
1959568355.4030302,443672005.43239987,3880435952.3345957,1947126740890.212,500000000,1943246304937.8772,-3380435952.3345957,14.0148513474847,27.4151354078649,35.243016144934366,0.9199429456990202,0.8503234034996267,0.5320205941625709,0.1467629950933899,0.2220554982841991,85.82435339249596,156629.44494130515,83330.09036102684,73299.3545802783,7329935.45802783,1934476.2138699247,441807.71265321336,5395459.244157906,6888127.745374617,719.2040152163605,72.58866537946402,0.583827413398857,0,1,0,1,0
1549001726.5133157,373174528.29195833,3164652140.827009,1500066265654.703,500000000,1496901613513.876,-2664652140.827009,16.657197558520515,25.199853764848392,49.78473730780078,0.9924861369430866,0.7690453564473074,0.5001556087785436,0.07118166001492458,0.26581124293258956,48.696524004445465,88871.15630811297,44449.40728613735,44421.74902197562,4442174.902197562,494773.4612612262,39530.40960654955,3947401.440936336,4402644.492591012,801.7051693826063,113.56810681430778,0.6182478014997941,0,1,0,1,0
1325856625.0675018,558040551.9701284,3741880176.088118,1134013367466.2405,500000000,1130271487290.1523,-3241880176.088118,18.043453535448087,29.845229366803956,54.184424065107635,0.9054502785220334,0.6172938966662989,0.3734232532578042,0.03499698584473211,0.13139610642504085,40.0890277834328,73162.47570476486,27320.569694068352,45841.906010696504,4584190.601069651,2191208.643620283,151891.3083051034,2392981.9574493677,4432299.292764547,1563.6892557587498,112.80826653926978,0.791282940370628,0,1,0,1,0
1684494726.8258498,547293167.6391063,4053987728.1150017,798744060099.3608,500000000,794690072371.2458,-3553987728.1150017,21.753167426373672,22.21353091641533,50.280151231508896,0.9305643832563002,0.8331968523572327,0.5179924606149777,0.10023817860643222,0.19076890699599053,29.462271778243927,53768.64599529516,27851.75324303861,25916.892752256554,2591689.275225655,1683054.5261524378,151811.06129125901,908634.7490732174,2439878.2139343964,4461.62523747849,204.92826123224035,0.598378008418519,0,1,0,0,0
1560272475.7226896,711508990.6343479,4640734051.61818,754679239800.774,500000000,750038505749.1559,-4140734051.6181803,21.592604911794155,29.629299294634134,36.11922638688772,0.8303658632462404,0.8303050643324423,0.48698573852520605,0.05337865843594776,0.11617257720387972,32.25520153922299,58865.742809081945,28666.777235715606,30198.96557336634,3019896.557336634,1028466.9230587401,90140.39660691872,1991429.634277894,2929756.160729715,2330.3530146074895,170.66266698299728,0.6642442826818241,0,1,0,0,0
1752910058.0533843,579787686.5697709,4263087320.9762206,772856479112.6736,500000000,768593391791.6974,-3763087320.9762206,17.408312614947153,23.975772220508073,47.36248434987155,0.888106709277911,0.529054279295832,0.33896541203837394,0.04546147321353663,0.3281787082285889,31.91994246936448,58253.89500659017,19746.05552374901,38507.83948284116,3850783.948284116,1537203.800671708,180342.3712687077,2313580.147612408,3670441.5770154083,1842.6365411959837,136.22339152080204,0.8407348453339301,0,1,0,0,0
2080076943.921017,586353992.0828496,4618682873.374962,1347931346402.3447,500000000,1343312663528.9697,-4118682873.374962,22.933882742242965,19.59815815054098,40.249368148552094,0.8908181152806612,0.4921969768121782,0.29714091039767504,0.047765133755708844,0.1410164065465025,53.50476637189562,97646.1986287095,29014.68035740695,68631.51827130256,6863151.827130255,1333042.1090049096,34091.09709336301,5530109.718125345,6829060.730036892,835.1882889840116,73.21651099115337,0.869716195691712,0,1,0,0,0
2036240686.3618438,597231848.3009634,4621942040.5385895,1050516405574.4138,500000000,1045894463533.8752,-4121942040.5385895,23.13393165662468,24.199719366702425,40.821095144459456,0.9547577590221196,0.6315263540164517,0.3976948947388204,0.1239008145893476,0.2052948642408724,36.54333066789692,66691.57846891187,26522.90027915969,40168.67818975219,4016867.8189752186,1745208.2331524529,147834.15463936244,2271659.5858227657,3869033.664335856,2034.610321627297,129.2312353363377,0.7602079994104969,0,1,0,0,0
1281773943.822642,353684673.0749778,2813043484.660447,829816040981.9298,500000000,827002997497.2694,-2313043484.660447,19.99625448109009,24.979356636898977,29.235368874250398,0.9437046786012987,0.7740257829087871,0.4847280814782239,0.05997080811595962,0.19961306751870775,35.78914390851549,65315.18763304077,31660.105592754066,33655.0820402867,3365508.20402867,1016907.4482777806,128707.40709779185,2348600.75575089,3236800.7969308784,1197.7529504630797,154.47351609468768,0.645929523306628,0,1,0,1,0
1956846741.0916111,549760924.763492,4337023839.279574,3581656440782.0693,500000000,3577319416942.7896,-3837023839.2795744,15.14873965425662,22.926959919191475,48.928334011743274,0.9278037303502075,0.6843374391472445,0.43463561187577004,0.06878123193763805,0.2600988776067859,141.04911233675824,257414.6300145838,111881.56522216358,145533.0647924202,14553306.47924202,6898228.117338419,1950448.498695327,7655078.3619036,12602857.980546692,566.5551199140278,39.67354077716194,0.7240364507000259,0,1,0,0,0
1515428904.1131172,449605707.8301234,3461986327.1460924,2261566078147.2417,500000000,2258104091820.0957,-2961986327.1460924,20.94117223185446,34.93966990677246,46.85921955489029,0.9461521709374308,0.7485796656814097,0.45911331509899095,0.06669933691338092,0.1308855793166131,72.33432470182895,132010.14258083783,60607.61418697892,71402.5283938589,7140252.8393858895,1469155.6703452235,132636.6452815271,5671097.169040666,7007616.194104362,610.461472260707,71.35093962775234,0.6748236856895113,0,1,0,1,0
1654702598.570264,493906470.57663506,3793059140.4054127,896483010705.36,500000000,892689951564.9546,-3293059140.4054127,20.03968588724458,20.45492589084867,40.4902424689938,0.939761736023477,0.7689943842182613,0.4917742417842471,0.054800449447123895,0.2687018095407752,41.55457121556168,75837.09246840006,37294.728647769276,38542.36382063079,3854236.3820630787,1287048.740290076,111025.7843933084,2567187.6417730027,3743210.5976697705,1477.5153474117592,133.57517215602584,0.6446087722552654,0,1,0,1,0
1495462486.3901782,525558492.51206404,3770855718.773061,1395100663340.4473,500000000,1391329807621.6743,-3270855718.773061,17.884660093523383,26.173521674104403,39.660073728342894,0.9726868455343749,0.7075972727391013,0.4576401509933789,0.0912872798295887,0.26911340705628056,42.74818258543234,78015.43321841402,35702.99463788886,42312.43858052516,4231243.858052515,1453837.9112889564,92265.46954803214,2777405.9467635592,4138978.3885044833,1357.6897979811497,120.80275688046358,0.6850197573957593,0,1,0,1,0
2044892323.171846,519269609.9283429,4293057985.1241717,1242281114308.4314,500000000,1237988056323.3071,-3793057985.1241717,14.868244884529478,22.514526621025002,32.62470557839883,0.880180273712483,0.786801058931645,0.47509337461998474,0.050992698986279034,0.15342665908059766,47.731512741279104,87110.01075283437,41385.388971747234,45724.62178108713,4572462.178108713,1743649.029666712,162556.3912879606,2828813.1484420006,4409905.786820752,1517.618082158809,113.38110702824486,0.6709851191572204,0,1,0,0,0
1856500252.1457329,521350582.15043926,4113675434.785856,2050859438585.7542,500000000,2046745763150.9683,-3613675434.785856,19.947583939706014,22.114991396224717,47.796723391607884,0.8415134886968986,0.6988717536116363,0.45228797080897204,0.059637209081524714,0.4062107286724437,72.02261968520902,131441.28092550646,59449.31023032936,71991.9706951771,7199197.069517709,2200191.0253672483,212729.97504116286,4999006.0441504605,6986467.094476546,822.8986719468832,71.56692978562751,0.7340049180802478,0,1,0,0,0
1555042446.7971418,620215984.6362324,4240253083.0320325,1936780785747.966,500000000,1932540532664.934,-3740253083.0320325,20.700465284257525,23.313664094469736,36.731721801870606,0.9329090484991553,0.7537066991768712,0.47136033443374253,0.04994559134370979,0.20684596412371478,57.46934673408574,104881.55778970648,49437.00615568794,55444.55163401854,5544455.163401854,1639189.8928612012,87689.28195566486,3905265.270540653,5456765.881446189,1085.7785039644702,91.6293663431803,0.6685677889179302,0,1,0,0,0
1403786370.2077029,687156727.4069031,4378815390.582911,1287598292467.4607,500000000,1283219477076.8777,-3878815390.5829105,21.76125387250748,21.500312355116467,55.929214576371805,0.8757325026078329,0.8888760458778365,0.5513008859979123,0.12576474004464852,0.24225693465194797,36.18750912459917,66042.20415239347,36409.12566246952,29633.07848992395,2963307.848992395,317891.3134975078,24298.051123395337,2645416.5354948873,2939009.7978689997,1655.2460952103902,170.12532600692148,0.5708576630955642,0,1,0,0,0
2598759367.6717095,513399218.1012167,4821509305.161031,2283369018009.668,500000000,2278547508704.507,-4321509305.161031,17.288747974114653,23.109729071028767,45.55521637894208,0.8092334106733833,0.7477569051317207,0.4713927426968552,0.04066020373654049,0.36252860839560674,79.12564253571645,144404.2976276825,68071.13791592624,76333.15971175626,7633315.971175626,2228703.9861297854,310075.16869792726,5404611.985045841,7323240.802477699,892.1101678532683,68.27578301546949,0.7147555984204671,0,1,0,0,0
1996115609.1292462,632892829.0038947,4736210347.311148,2591785658488.6587,500000000,2587049448141.3477,-4236210347.3111477,15.275948611100278,31.19559480330817,35.47439768162326,0.8611680238603037,0.6803950919445901,0.4310496553391238,0.0979200782940117,0.32250514289080795,152.87762192192588,279001.66000751476,120263.56938528264,158738.09062223212,15873809.062223213,5010453.623107517,705400.5218456272,10863355.439115696,15168408.540377585,435.9804273969965,32.96324717711971,0.74743313711419,0,1,0,0,0
1114137852.4771018,545084709.9928303,3474069387.908626,1147391192229.6084,500000000,1143917122841.6997,-2974069387.908626,21.956293517039718,28.50792698944728,42.73833933231104,0.9227664054387508,0.6165245165895085,0.4187030238673237,0.05869554339069201,0.46422397658127024,34.81859642002282,63543.93846654165,26606.039184380137,36937.89928216151,3693789.928216151,1064745.1199440153,99482.35996647143,2629044.8082721354,3594307.5682496796,1321.4188578976175,139.10885212405043,0.7617964531869705,0,1,0,1,0
1925300026.4414964,722701674.5693524,5054220066.315334,345972175992.6416,500000000,340917955926.3263,-4554220066.315334,12.889065499260301,24.421138493368474,50.768235201118884,0.9553333506853329,0.6666400906171455,0.40773383832697063,0.0641995930563646,0.1120428614432838,12.243855323959409,22345.035966225918,9110.827282063503,13234.208684162415,1323420.8684162416,358558.4832906039,39604.98275584864,964862.3851256378,1283815.885660393,5238.280758200775,389.4639454027325,0.7403291959777601,1,1,0,0,0
1538799516.9085946,580842673.8821565,4053544322.788216,1252319379180.3965,500000000,1248265834857.6082,-3553544322.788216,25.259275644478656,26.92056181973745,29.862724692548312,0.9592041711976921,0.6141659122995069,0.4349701570619619,0.058144126036424854,0.5477900035561278,43.7636796080811,79868.715284748,34740.50763174396,45128.20765300404,4512820.765300404,1438613.1314596552,84635.49347226233,3074207.633840749,4428185.271828142,1318.5655640715252,112.91307145185885,0.7437545111632664,0,1,0,0,0
1472745412.916552,470427128.22067827,3509448689.779832,3431789458390.0815,500000000,3428280009700.302,-3009448689.779832,27.769786172781494,26.952478970045558,43.17561826891597,0.9575804081477961,0.6840003515999474,0.4670569378056351,0.03714533882761317,0.4457681347335423,101.43275777737061,185114.78294370137,86459.14366423998,98655.6392794614,9865563.92794614,3736918.810004837,238472.93921532907,6128645.117941302,9627090.98873081,572.6304300939364,51.93676891444002,0.6940845547264205,0,1,0,1,0
1597985131.7527542,568506248.8675535,4059319673.3326654,1307521353803.9578,500000000,1303462034130.625,-3559319673.3326654,17.06707672023673,22.203801443136072,35.061835739592404,0.854475974589604,0.6501549814973693,0.4252009728395379,0.07148426832718802,0.4235692562814691,41.06554217960435,74944.61447777794,31866.522985035295,43078.09149274265,4307809.149274265,1657585.273573946,394761.2152688007,2650223.875700319,3913047.934005465,1531.689345399167,127.7776322786292,0.7637830813187395,0,1,0,0,0
1640669717.2368789,596554628.9922148,4223439066.215497,599705578487.0963,500000000,595482139420.8809,-3723439066.215497,15.473984316975402,32.0191601070995,40.54514691213767,0.8151300506312181,0.898405001948898,0.5465624839908996,0.10741067802299775,0.24844430087661362,29.83149892376496,54442.485535871056,29756.220129124304,24686.265406746752,2468626.5406746753,1247691.1453846074,135933.0502502657,1220935.395290068,2332693.4904244095,3459.183084140254,214.34449148697635,0.5997430480188358,0,1,0,0,0
1846600785.817902,573625503.9682735,4330099022.927388,1230658138032.7214,500000000,1226328039009.794,-3830099022.927388,26.250690354981764,21.838916800264013,41.77263685774698,0.8570676549747888,0.7198238951334602,0.46384606459507066,0.058060517424017355,0.3774883881514495,40.66517405695065,74213.94265393492,34423.84523811197,39790.09741582295,3979009.741582295,2064021.7381470727,394294.46455628704,1914988.0034352222,3584715.277026008,2261.1624799527685,139.48109162377204,0.7138358396689015,0,1,0,0,0
1304607924.388258,376119940.7689289,2933010433.306381,772697447438.3835,500000000,769764437005.0771,-2433010433.306381,19.723671179182745,25.728747703316408,33.862660548496024,0.9855109285696653,0.6411101587824748,0.43242912065699907,0.08462370625868648,0.3824969318223117,39.395845510880825,71897.41805735751,31090.537268051758,40806.88078930575,4080688.0789305754,1521066.9407277766,167119.13914148518,2559621.1382027986,3913568.9397890903,1145.8767821263395,127.76062149219376,0.726782171196664,0,1,0,1,0
1078074556.6234775,702146952.3807087,4118003406.310284,1651053574184.0518,500000000,1646935570777.7415,-3618003406.310284,14.67954961397655,22.840851176918946,42.94836083231501,0.8954871640300768,0.7194388748497803,0.46714950037280095,0.04498959569623928,0.3605148162499363,50.43567435307867,92045.10569436857,42998.825136885935,49046.280557482634,4904628.055748263,1501514.6372132536,128381.80275543887,3403113.41853501,4776246.252992825,1210.0693981815698,104.68471965546102,0.6990397389413563,0,1,0,0,0
1143578993.4147937,515919035.082119,3377238419.7371907,1573528947827.0544,500000000,1570151709407.3171,-2877238419.7371907,24.95218872165395,23.092315431143703,29.301346780157484,0.8770874380114574,0.6162024328798216,0.37256831124063633,0.056435877255704175,0.1609964751483053,55.00618977342646,100386.29633650329,37400.75289779311,62985.543438710185,6298554.343871019,2127112.5802857424,113511.1602121072,4171441.7635852764,6185043.183658912,809.6093895446157,80.84017930885535,0.7986404588749854,0,1,0,1,0
1309646063.1781905,714368721.2810609,4402488776.192914,1328771123330.186,500000000,1324368634553.9932,-3902488776.192914,29.34738730692327,35.32801915042783,32.89704470711262,0.9088066005197184,0.8815318837499164,0.5437823521983646,0.05407296179199278,0.18966656830752224,41.7479193279311,76189.95277347426,41430.75173304214,34759.20104043212,3475920.104043212,695659.3939259193,58102.38740516957,2780260.7101172926,3417817.716638042,1583.480556399757,146.29217865130272,0.5643531217747504,0,1,0,0,0
1005995830.5079254,666076627.1909589,3889759048.783643,1079981715918.8551,500000000,1076091956870.0714,-3389759048.783643,21.803531065829063,21.90556895776958,27.595705184348496,0.8725084177457203,0.7216373308021987,0.4638731149508493,0.05107211821430997,0.3542006919880687,48.86946919547277,89186.7812817378,41371.350045599815,47815.431236137985,4781543.123613799,2050310.7694387366,516693.63803140196,2731232.3541750624,4264849.485582397,1424.1772739831576,117.23743163510991,0.7079294156253699,0,1,0,1,0
1734086651.2729502,728601899.6657718,4888551578.0532055,3586137637206.1177,500000000,3581249085628.0645,-4388551578.0532055,24.700256393262435,28.078895231556565,32.22047446864171,0.8587589377992234,0.7415209214345415,0.47628057337928914,0.09604615312930381,0.3661333533221516,134.21875943141404,244949.23596233065,116664.56255295764,128284.67340937302,12828467.340937302,2781630.2619596743,202717.7578271535,10046837.078977628,12625749.583110148,486.5761771216726,39.60160913288391,0.6967103801466479,0,1,0,0,0
1803651961.9711745,465980999.20027006,3821105826.9659815,2734432751324.654,500000000,2730611645497.688,-3321105826.9659815,19.967851613958963,20.370672433802813,48.66930917861277,0.931589329016047,0.5485018965856595,0.350967775124495,0.05922404086989039,0.2789554655358305,95.0238670033175,173418.55728105444,60864.325214231474,112554.23206682297,11255423.206682296,1678019.7841426674,203342.10718301727,9577403.422539629,11052081.09949928,398.9709588690108,45.24034844647066,0.8206630078736965,0,1,0,1,0
1239256918.270292,411038253.1038902,3018837445.8204303,1775092307020.733,500000000,1772073469574.9126,-2518837445.8204303,14.398672896014581,25.613975204524493,30.73586433408228,0.9674104260045772,0.6449092340272489,0.3899428037485281,0.06964751481992436,0.06155370055548787,57.21275805057694,104413.28344230291,40715.20849408136,63698.074948221554,6369807.494822156,2733821.6488883016,733130.8284610849,3635985.845933854,5636676.666361071,830.266555959346,88.70475097213449,0.7567178367173774,0,1,0,1,0
1287345894.1940713,621470760.8800367,3977989054.9033747,1330241733987.0818,500000000,1326263744932.1785,-3477989054.9033747,18.989390633813294,23.9726706158565,35.90413808292993,0.8921942831117672,0.867978889962121,0.5575053863581403,0.0930591241294823,0.33143278990373515,57.545131484393835,105019.86495901874,58549.14038925746,46470.72456976128,4647072.456976128,1442180.0210613627,289453.02753658994,3204892.435914765,4357619.429439538,1241.2238895524574,114.74154824582932,0.5682645933296061,0,1,0,1,0
1587912609.6935437,512329463.0450788,3806031067.6240273,2708361092066.2715,500000000,2704555060998.6475,-3306031067.6240273,21.201643321198116,23.939854856237808,35.74272612313897,0.8962985804867265,0.582225143800348,0.3619933675990887,0.06230755662749651,0.22775551810621386,108.41203265275766,197851.9595912827,71621.09713852724,126230.86245275546,12623086.245275546,1790257.2529531056,157776.35077157532,10832828.992322441,12465309.89450397,351.34230128819337,40.11131726620395,0.8110946407941788,0,1,0,1,0
2026826794.1539195,471399978.0343863,4067742001.589675,2054294874622.315,500000000,2050227132620.7253,-3567742001.589675,21.036789028411846,32.733497044211354,39.676568656251156,0.8243320810302017,0.7880658591505635,0.4741822431183137,0.11032641803899157,0.20407277263056664,68.36921983866264,124773.82620555932,59165.53279260675,65608.29341295257,6560829.341295257,1626767.1785994966,134253.26161600387,4934062.162695761,6426576.0796792535,824.420501294867,77.80192653145323,0.6919579521530694,0,1,0,0,0
1412012096.74407,674544952.8295474,4332438733.311361,2264355902191.4487,500000000,2260023463458.137,-3832438733.3113613,22.81687990363876,30.085052828829642,38.07876936224304,0.9576446634779813,0.8615850485265196,0.5415408780166547,0.08068006859630154,0.19628185134775383,78.28729161201282,142874.3071919234,77372.27776273545,65502.029429187955,6550202.942918795,836977.874557563,96897.29925908915,5713225.068361232,6453305.643659706,758.3175319494402,77.47967128927853,0.55317877849539,0,1,0,0,0
1809722377.1043417,610520945.2620308,4452958566.547779,1035202709736.8083,500000000,1030749751170.2606,-3952958566.547779,24.35740843395575,26.003908396071186,28.76584447552051,0.927153966005401,0.6035099518791183,0.40117763427455405,0.10095381274034743,0.3976985118472408,35.007383530066456,63888.474942371286,25630.627234789637,38257.84770758165,3825784.770758165,753771.2479693007,38770.1733179682,3072013.5227888646,3787014.5974401967,1449.5244026482187,132.03012218066738,0.775522400528774,0,1,0,0,0
1593573931.4801686,541116043.2188509,3936323216.700241,1706752420971.811,500000000,1702816097755.1108,-3436323216.700241,24.26614681141138,29.096198483672538,30.380454525934862,0.8776631039874473,0.829330659935846,0.5181978618246724,0.04020898167435362,0.2630334640909714,97.32645642108702,177620.7829684838,92042.7099498925,85578.07301859131,8557807.301859131,3273779.2569734915,83816.31023269151,5284028.044885639,8473990.99162644,744.9474497982976,59.004074997728246,0.6228178085378866,0,1,0,1,0
1665480530.3047857,397257608.22539955,3385398077.347251,1739644927657.5603,500000000,1736259529580.2131,-2885398077.347251,21.648209804060187,30.074472156650458,52.980174071628795,0.8103864578751212,0.7897875610054959,0.4782237179776626,0.12616842667173922,0.2390935697983055,57.91620488479669,105697.07391475397,50546.847666873466,55150.226247880506,5515022.624788051,937375.875221039,24576.66885992694,4577646.749567011,5490445.955928124,739.549874106705,91.06728378960581,0.6939209702296572,0,1,0,1,0
2083180684.2511585,417773016.90653265,3891919214.567046,2701880960657.557,500000000,2697989041442.99,-3391919214.567046,24.032541406019778,22.80845928537667,34.208542758352266,0.9501077865793695,0.7977203156530934,0.559430933656469,0.06081221367585274,0.5288633226636732,74.58180475658051,136111.79368075944,76145.14782048394,59966.6458602755,5996664.5860275505,2610145.5859510414,293694.49906189885,3386519.000076509,5702970.086965651,1149.2388539615808,87.673614340494,0.575995948212219,0,1,0,1,0
1409000147.423788,509525887.0815817,3614980588.625969,1304609368399.6597,500000000,1300994387811.0337,-3114980588.625969,18.39519821401819,25.63714537100031,46.13429613224959,0.8411908741556885,0.5461854246544099,0.32336809343306927,0.12164955001245245,0.1340545018940282,50.68639792142973,92502.67620660925,29912.414042387772,62590.26216422148,6259026.216422148,2600609.2243263535,273511.50720081286,3658416.9920957945,5985514.709221335,988.1269949369707,83.53500480580153,0.8514297599472267,0,1,0,1,0
1400626474.8784654,602176424.3070085,4007735255.5195436,2315054963989.9365,500000000,2311047228734.417,-3507735255.5195436,24.443795958377706,26.797344638005395,38.922865517592264,0.9368288714909171,0.7223069770943048,0.4766473810896219,0.12756066516540576,0.3663713560318144,83.70893502322704,152768.80641738937,72816.85149103607,79951.9549263533,7995195.49263533,3555546.1359097785,423168.1582070123,4439649.356725551,7572027.334428318,902.714366270456,66.03251387202627,0.677463189054146,0,1,0,0,0
1661191654.015393,637833370.0526159,4422676349.408028,793643661786.2294,500000000,789220985436.8213,-3922676349.4080276,18.076992269753863,26.275962614318416,42.869178414325404,0.9525124561071278,0.9081061373647906,0.5797690379784226,0.04187147335338107,0.2502726587057918,44.39382394145223,81018.72869315032,46972.15039266258,34046.57830048774,3404657.830048774,2062249.9178942852,179642.33441034405,1342407.9121544887,3225015.4956384297,3294.5845367596817,155.03801475565285,0.4985099818471903,0,1,0,0,0
1220427997.0154154,571413039.1687196,3694347419.3906417,587790716798.4099,500000000,584096369379.0193,-3194347419.3906417,17.124009493004614,26.901847525925078,26.400375617100583,0.9790944712387387,0.5383270429392008,0.40257992535103226,0.07220131059531955,0.6775838927055434,21.60767034182646,39433.99837383329,15875.336121630533,23558.662252202754,2355866.2252202756,651875.1015595624,21851.007551775827,1703991.1236607132,2334015.2176685,2168.055553865804,214.223110550008,0.7878109783402625,0,1,0,1,0
2050324760.1134596,545106137.5681164,4410349065.732293,1819100110973.543,500000000,1814689761907.8108,-3910349065.732293,15.687846461519634,20.223494677590892,31.846909318384014,0.9545138707815288,0.6614315241798698,0.432437695845736,0.05938763478718789,0.32063172485511643,66.52828905908785,121414.12753283534,52504.045553419644,68910.0819794157,6891008.19794157,3030126.513550063,449498.018996576,3860881.6843915065,6441510.178944994,1142.316555195704,77.62154931219735,0.7269823788476366,0,1,0,0,0
1442767477.9833212,635388150.1293731,4193665650.763714,1039174799311.1141,500000000,1034981133660.3505,-3693665650.763714,18.007229884853686,21.405143285189645,31.93168425008176,0.8817703376445228,0.6449642671836294,0.415796692780002,0.10337519890983801,0.35328895702428287,30.619253217676473,55880.13712225956,23234.776207528543,32645.36091473102,3264536.091473102,1010026.7575458952,66239.59657368845,2254509.3339272067,3198296.4948994135,1860.1234369070562,156.3332232635064,0.7635321133106481,0,1,0,0,0
1902858513.2323375,401689869.1596966,3641965430.5879903,565510645335.4954,500000000,561868679904.9073,-3141965430.5879903,17.07798881146479,27.839790631746745,49.82346309542254,0.8945278721120286,0.8644949466484924,0.5313322670738008,0.10374209006627194,0.19367243005339246,19.090021771383196,34839.289732774334,18511.23879695598,16328.050935818355,1632805.0935818355,610135.6977278398,61884.09042459357,1022669.3958539957,1570921.003157242,3561.2343982844145,318.28462347571804,0.5891128808300168,0,1,0,1,0
1023301935.5026264,621020130.077974,3711994100.667331,1293950849539.669,500000000,1290238855439.0017,-3211994100.667331,23.10248192266316,25.461490138752076,35.588405439938526,0.9315032270972414,0.7146572725107707,0.44433922135122217,0.03675507172015481,0.19005900602555495,51.02666363766858,93123.66113874516,41378.49507976509,51745.16605898007,5174516.605898007,1694682.5858090546,117303.4027734571,3479834.020088952,5057213.20312455,1066.7158488704138,98.86868121183419,0.7042009117700498,0,1,0,1,0
1476178105.3987825,488477793.3347999,3591031315.763021,3862401792956.245,500000000,3858810761640.482,-3091031315.763021,25.642042834814823,23.187419450940947,29.74580134885608,0.957427117813586,0.7616141462217737,0.48678543155379983,0.05175120109129684,0.24858156750626206,121.60103916684923,221921.89647949985,108028.34614901102,113893.55033048883,11389355.033048883,2891492.3019131953,278834.0066195416,8497862.731135689,11110521.026429342,422.5805275255489,45.00238996988678,0.6450409132013601,0,1,0,1,0
2326561765.9567223,567348551.1292555,4782884082.187031,1250621082772.0078,500000000,1245838198689.8208,-4282884082.187031,18.95202562037013,24.821593889876077,35.10178316953583,0.9491588999146449,0.6584549327161657,0.49282999820590484,0.07568176356815572,0.7064799463211567,37.64307089635582,68698.60438584938,33856.733076226315,34841.871309623064,3484187.1309623066,608014.2163903763,97572.27544969163,2876172.91457193,3386614.855512615,1662.9334272480214,147.64005395715938,0.6919919161693373,0,1,0,0,0
1204460136.861535,428045835.5566242,3057674595.8646154,619647740604.6101,500000000,616590066008.7455,-2557674595.8646154,24.235253814062503,24.130696679676106,36.265310122709906,0.8563558766395631,0.6392951925933551,0.41370688582830456,0.08392273758024903,0.39074339373489764,28.611342773653465,52215.700561917576,21601.994870814175,30613.7056911034,3061370.56911034,900903.14648872,89760.12481413339,2160467.42262162,2971610.4442962063,1415.2838241616619,168.25893210858584,0.7735102927489924,0,1,0,1,0
1227098006.6671643,597518673.1515173,3814041162.3429403,1144431933990.2595,500000000,1140617892827.9165,-3314041162.3429403,23.434319039181652,29.57393904399246,31.00289107882257,0.920444860610233,0.4989359270939461,0.33341323252827565,0.050757571856992464,0.4198019716534118,50.06157834749839,91362.38048418456,30461.42660871022,60900.95387547434,6090095.387547434,3553122.2840736294,665304.2857340985,2536973.103473805,5424791.101813336,1503.3825771035895,92.16944774755765,0.8468823035640872,0,1,0,1,0
1036495997.0615313,449064153.9462564,2980708775.188415,1705386445973.9055,500000000,1702405737198.717,-2480708775.188415,20.855206076070342,21.232682700901538,34.125018040936396,0.8407178259476924,0.7281744066745373,0.47052253474961436,0.09538977686941677,0.40249529027693703,73.26279321091968,133704.59760992843,62911.02617510076,70793.57143482767,7079357.143482767,4128533.66166934,481679.0440083407,2950823.481813427,6597678.099474426,1010.1277807904057,75.78423688779696,0.7119511839451453,0,1,0,1,0
1479564620.5693097,502155941.21134037,3653637053.0624685,1052601562359.5757,500000000,1048947925306.5132,-3153637053.0624685,14.982166461904665,23.105645937485868,41.3885385402532,0.9568084667381691,0.8668660623243276,0.5467891623045206,0.13272526790241237,0.20823248482619192,35.74099602146131,65227.31773916689,35665.59042596986,29561.72731319703,2956172.7313197027,1138787.547607013,136959.22592960476,1817385.1837126897,2819213.505390098,2010.381225623589,177.3544284759002,0.5464795149968049,0,1,0,1,0
2387041678.066226,541637113.1822518,4732046923.53661,1061855709220.691,500000000,1057123662297.1544,-4232046923.5366096,18.683930436504127,23.051925565773,32.60102785206145,0.8492618095704255,0.5090845873922726,0.33264223568155915,0.044517918661855296,0.42627560563033035,55.19320439495929,100727.59802080071,33506.25340047254,67221.34462032816,6722134.462032816,3186965.142460914,149946.9653753346,3535169.3195719025,6572187.496657481,1338.563020825731,76.07817035869606,0.8561834274019633,0,1,0,0,0
1054757677.0374072,504256495.74254197,3237924411.3687906,677750854038.2773,500000000,674512929626.9086,-2737924411.3687906,19.898489839045403,24.022606639960465,36.21876269300236,0.9200887686969728,0.6617233812975165,0.430724927906504,0.08293015932311064,0.342575367682615,33.358537335021296,60879.33063641387,26222.245299365586,34657.08533704828,3465708.533704828,973305.5894954925,76057.51123580364,2492402.9442093354,3389651.022469024,1299.1175519558524,147.50781029835917,0.7377556038317588,0,1,0,1,0
1567074311.9571648,531039460.6639333,3866197268.0860357,980674087217.7201,500000000,976807889949.634,-3366197268.0860357,22.53778973561885,25.709366888322684,37.6615390545069,0.9117718367385245,0.6359433253709086,0.40454416379278785,0.04717549292263647,0.28179692880976553,39.94363242962078,72897.12918405792,29490.108168659543,43407.02101539838,4340702.101539838,522926.8630418463,47167.27458289203,3817775.238497992,4293534.826956946,1012.6833107145129,116.4541619322036,0.7654310482814921,0,1,0,1,0
2018946336.1822705,430661130.4440187,3883483653.3871455,1589950425757.6028,500000000,1586066942104.2156,-3383483653.3871455,21.014915283850172,27.99547890919547,36.959826048833406,0.9612157714859147,0.7209467779904924,0.5030040357067596,0.06009010741562687,0.5038279114563753,49.702466935856975,90707.00215793899,45625.98815230506,45081.01400563393,4508101.400563393,1273242.2407086778,43590.7019506362,3234859.1598547148,4464510.698612757,1200.510891349459,111.99435587764711,0.6514255403706557,0,1,0,1,0
1500749042.2197924,373246801.2127657,3116712360.4580407,1427030331269.2986,500000000,1423913618908.8406,-2616712360.4580407,17.748971715381582,26.75637812397349,31.77398433015501,0.8890746261224438,0.7807102453682769,0.456298978144891,0.05866629198691321,0.03793525987822035,45.53314997825853,83097.99871032182,37917.531897405315,45180.4668129165,4518046.68129165,1863032.928711478,111708.78911226564,2655013.7525801724,4406337.892179385,1173.8968799800696,113.47291384245135,0.6832784670817512,0,1,0,1,0
1713922654.6618242,525311229.0802293,3988245365.785079,1153269344320.651,500000000,1149281098954.8657,-3488245365.785079,23.539622049978416,19.737770392615516,49.74219739234891,0.9784582706593161,0.8657307868754984,0.5680702671490491,0.06553938615539631,0.30724874315924094,41.05895358469245,74932.59029206372,42566.97658538288,32365.613706680837,3236561.370668084,2016045.2834332485,111829.83959609676,1220516.0872348354,3124731.531071987,3267.6712806143573,160.01374679010178,0.5187982152066055,0,1,0,1,0
2401999382.7555885,589002659.665142,4952072656.715325,2008598846653.507,500000000,2003646773996.7917,-4452072656.715325,19.67987626491579,28.063229805634926,42.29086612421666,0.961639811877901,0.8216378278081038,0.5099236470257601,0.0755307799704575,0.15194815148677818,71.08313220902632,129726.71628147304,66150.72028292478,63575.99599854826,6357599.599854826,797583.1373929195,152400.8906331202,5560016.4624619065,6205198.709221706,890.6579126426918,80.57759685551038,0.5970993084407625,0,1,0,0,0
2149412724.6884036,405118947.5690303,3903365757.0190306,779440961983.5354,500000000,775537596226.5164,-3403365757.0190306,18.578038436678845,29.623831078414796,27.624131216474357,0.8796313230407651,0.6796972994398015,0.42322470572868703,0.08312876331523232,0.2502152211189585,72.04745735715674,131486.60967681106,55648.3816877311,75838.22798907995,7583822.798907995,3391466.1284209066,107398.94155137708,4192356.6704870886,7476423.857356618,931.0671929460425,66.87689322322359,0.7469611285478248,0,1,0,1,0
1405701125.9020631,498591704.9290531,3564342280.5624437,1350975582680.744,500000000,1347411240400.1814,-3064342280.5624437,28.4016950401956,21.412322055366065,37.45545935727083,0.8056977791722817,0.7954195670894124,0.4853093202251209,0.05003347670849727,0.26765017706271893,51.47220274116198,93936.77000262061,45588.38999411534,48348.38000850527,4834838.000850528,2507253.166842405,65625.03394433249,2327584.8340081223,4769212.9669061955,1531.34795711167,104.83910101509929,0.6889808939580686,0,1,0,1,0
1986333760.0474715,769536944.7050635,5318026009.336561,1082197211402.0475,500000000,1076879185392.7109,-4818026009.336561,15.228856762893724,31.80350031834783,43.080268688285834,0.9804816088181084,0.6265362150721112,0.4326048094148639,0.08268713462427063,0.45560347359255365,40.90447718302475,74650.67085902017,32294.239239658156,42356.43161936202,4235643.161936202,1831902.8784483392,141774.02535269302,2403740.283487863,4093869.136583509,2212.3962583927855,122.13385023275785,0.7342477351889058,1,1,0,0,0
1636706119.615746,635694713.1988969,4388931550.0537195,1749943172025.3362,500000000,1745554240475.2825,-3888931550.0537195,16.908239453877,23.780646670420044,50.52771669648352,0.7808559935853929,0.6856958721702018,0.477238775741533,0.043124100355904325,0.6696471831618566,76.82879568180799,140212.5521192996,66914.86671701043,73297.68540228916,7329768.540228916,4159360.0456274934,587054.9567282298,3170408.494601423,6742713.583500687,1384.3426036509807,74.15412115731745,0.7444721704142749,0,1,0,0,0
1961794945.475926,677574137.6854572,4895336367.207908,5230524265118.347,500000000,5225628928751.139,-4395336367.207908,26.03592816990811,23.41332242574094,31.773070264252226,0.8530492884176157,0.7445960653352199,0.45520442676690054,0.039771314394930084,0.222102203689618,117.62440588964425,214664.5407486008,97716.24921864679,116948.291529954,11694829.1529954,2394347.6580708004,118767.50139663952,9300481.4949246,11576061.65159876,526.3530033234688,43.19258268039246,0.7108645524098973,0,1,0,0,0
1544382420.8639328,627775307.3924892,4262320968.617806,1480198969470.6206,500000000,1475936648502.0027,-3762320968.617806,16.977889925604444,21.862960749024143,38.00727974496827,0.9414390903579041,0.793072726264692,0.5161061093059468,0.08096132514489103,0.320031641466434,64.58560141699557,117868.72258601693,60832.76782273117,57035.95476328576,5703595.476328576,2819236.656991271,123125.91172278774,2884358.819337305,5580469.564605788,1477.7360361832839,89.59819495679315,0.6146598679871571,0,1,0,0,0
1563332867.2297354,369779178.6705066,3164283194.568719,1589061862630.2869,500000000,1585897579435.7183,-2664283194.568719,14.868309433116776,25.662219556252534,35.121153287249356,0.6910038447020812,0.8147202260482237,0.4854405904702734,0.10206674095756027,0.3224393074500237,66.81557910980283,121938.43187539016,59193.86437060861,62744.56750478155,6274456.750478155,1908099.512796549,192279.18119759133,4366357.237681606,6082177.569280564,724.6963595330672,82.20739929155718,0.7267091765147488,0,1,0,1,0
2191171388.6563025,594318664.2026939,4764260180.242337,1958393358392.1538,500000000,1953629098211.9114,-4264260180.242337,25.877143865623204,33.153467835671634,41.08641210109502,0.8805838756181653,0.8181864263727959,0.49704053396455833,0.08297637754479092,0.1721496658631583,81.87243158331435,149417.1876395487,74266.39872784389,75150.78891170482,7515078.891170482,2757616.5471141906,825599.0989508971,4757462.3440562915,6689479.792219585,1001.428878610997,74.74422758276975,0.641891354183469,0,1,0,0,0
1481293053.55916,603194606.3623693,4092810029.655378,1420451703843.186,500000000,1416358893813.5308,-3592810029.655378,22.7484195619612,22.249704603524755,35.41564166192791,0.8534064726806774,0.8309192843906422,0.530374132066915,0.03788028451188766,0.3531094737273466,77.52063850525025,141475.1652720817,75034.76799020369,66440.39728187802,6644039.728187801,2976750.503239985,425118.2052954289,3667289.224947816,6218921.522892373,1116.0314277403677,80.39979249769561,0.6239053938465244,0,1,0,0,0
1746974705.3434398,673099656.2628057,4661143964.14288,2653608707292.0664,500000000,2648947563327.9233,-4161143964.1428804,21.83656896709183,26.413328431663004,28.851175946554,0.8038458588706109,0.7405092129205366,0.4966842969463869,0.028866039375287582,0.5464877080972032,83.51535949218652,152415.5310732404,75702.40089482258,76713.1301784178,7671313.017841781,3116229.5969350333,299730.53034035995,4555083.420906747,7371582.487501421,1023.2839957989224,67.82804110891442,0.7043460575665375,0,1,0,0,0
2532851485.8273,713825100.0142053,5623340603.249514,515480024679.37726,500000000,509856684076.12775,-5123340603.249514,13.917399556069112,22.710293512926818,27.89926979580422,0.9040165931035387,0.8134815393894268,0.5558603024051884,0.062057368230167345,0.5000508480896625,21.996380291288663,40143.39403160181,22314.119145976816,17829.274885624996,1782927.4885624996,431631.8297494122,43574.880547864115,1351295.6588130875,1739352.6080146355,4161.443549806697,287.46327667897043,0.5912198834803033,1,1,0,0,0
1885607253.307351,544481083.4266398,4242925401.602781,1431375630963.8652,500000000,1427132705562.2625,-3742925401.602781,15.806142509730908,24.613578758686298,47.60888422908392,0.9273691203908451,0.4790257027805867,0.3131459370182565,0.06997639437585038,0.3479626495219722,44.949119191682925,82032.14252482133,25688.03213655034,56344.110388270994,5634411.0388271,2982953.804506979,142758.09798688814,2651457.234320121,5491652.940840212,1600.2239623867588,91.04726853396184,0.8608900390966023,0,1,0,0,0
1669103496.7728045,572815366.5820867,4149094262.9687896,2701830432274.351,500000000,2697681338011.3823,-3649094262.9687896,19.55809847753088,30.282427499045827,40.53025186153491,0.982930121192418,0.9089839412072439,0.5821093172126228,0.061974493359634134,0.22803392452040103,96.57541084266774,176250.12478786864,102596.83979890578,73653.28498896286,7365328.498896286,2416802.2183193183,238630.51376500507,4948526.280576968,7126697.9851312805,838.4504856029644,70.15871881243885,0.47990412982515185,0,1,0,0,0
1562394483.5883768,619169302.0811827,4243073532.119623,840229577478.25,500000000,835986503946.1304,-3743073532.119623,19.193391244913634,28.673185135822155,26.53352946207912,0.7962417092086324,0.7706098607368833,0.4804638075782417,0.07228907486720514,0.3434287173732278,34.586940506074114,63121.16642358525,30327.435958655635,32793.73046492961,3279373.0464929612,982847.0394019963,240871.36622305505,2296526.007090965,3038501.6802699063,1847.6052607365732,164.55478805448138,0.7051913894435706,0,1,0,0,0
2214618733.782448,517034471.8351273,4453107417.504559,677574981980.4844,500000000,673121874562.9799,-3953107417.5045586,26.033982280492566,24.60745996069644,35.83981448352135,0.8844929762535951,0.6877367705978005,0.4718366880198899,0.10035091905881574,0.5304258377677473,20.537510245719805,37480.956198438646,17684.890236489853,19796.065961948792,1979606.5961948792,664475.7547452649,63515.209647413234,1315130.8414496141,1916091.3865474658,3386.056563464121,260.94788772101913,0.7129825244613103,0,1,0,0,0
1512532303.2160313,546504427.5792147,3878610472.816691,2414750817870.4146,500000000,2410872207397.5977,-3378610472.816691,13.097867474691332,24.865459883701355,39.7832592760636,0.7829288312595072,0.7212545399352219,0.4551148171160328,0.0884012066145308,0.39312282179436703,107.36384685729975,195939.02051457204,89174.75148738406,106764.26902718798,10676426.9027188,3258273.951083214,99357.40335925702,7418152.951635585,10577069.499359543,522.8539365667189,47.272072858202904,0.7430007706445123,0,1,0,1,0
2078369867.346538,572993069.4820387,4559129994.102169,569599319586.4036,500000000,565040189592.3014,-4059129994.102169,20.250284951611704,27.027625797820416,37.13702368521642,0.8092077537653886,0.8517668490136306,0.49665890416710495,0.02653970982727518,0.12148442781254597,25.217867449159062,46022.60809471529,22857.53810323343,23165.069991481858,2316506.999148186,1271380.5886204238,69009.39074592628,1045126.410527762,2247497.6084022596,4362.2761305973745,222.46964718927944,0.6576747021696955,0,1,0,0,0
1254705726.0297823,546201385.4985204,3619471882.0118566,1255225570242.0234,500000000,1251606098360.0115,-3119471882.0118566,13.769895377675452,30.229524089211655,35.464009594934424,0.8879991374120425,0.6679521982402591,0.4122088428089964,0.04335178888205318,0.21348214462541298,55.733311316709475,101713.2931529948,41927.1188688882,59786.17428410659,5978617.42841066,2639869.7006877535,210160.1251155825,3338747.727722906,5768457.303295077,1084.0806725102318,86.67828740179604,0.7555020447140994,0,1,0,1,0
2177816361.212635,539427826.0721267,4513256549.681006,1350084638718.7644,500000000,1345571382169.0835,-4013256549.6810064,26.133277276211714,20.58707158191529,44.52064394036491,0.9596749568884679,0.48590256281960453,0.29801028939090485,0.05173737788941056,0.11618793520087146,41.19313649595194,75177.47410511228,22403.660813741768,52773.81329137052,5277381.3291370515,404897.61046168784,38370.7084182784,4872483.718675364,5239010.620718773,926.2743213245632,95.43786722299139,0.8610352627036266,0,1,0,0,0
1338530292.2239106,527987960.82222813,3624441850.977686,622369176211.7572,500000000,618744734360.7795,-3124441850.977686,14.7150228327124,21.33403622390921,37.833401951099745,0.9742516126573612,0.8139580085409517,0.526788629918166,0.12264723624446051,0.2695922905367479,33.68247338187464,61470.513921921214,32381.967809294427,29088.546112626787,2908854.6112626786,1023522.5425457767,39557.72150394023,1885332.0687169018,2869296.889758738,1922.4421581309907,174.25871884663772,0.5822566678597557,0,1,0,1,0
1471567778.6725104,645519229.4357362,4266328222.958113,1529609708358.0186,500000000,1525343380135.0605,-3766328222.958113,18.74316378028076,27.77848667409561,36.87089138592601,0.7288828742518346,0.6366594833037842,0.38044182841935115,0.04784102607428157,0.28885709380574676,53.966478904616636,98488.82400092536,37469.26828178372,61019.555719141645,6101955.571914164,1851763.1018375698,13883.130526878156,4250192.4700765945,6088072.441387286,1003.7964758055364,82.12780068137054,0.8234558956743796,0,1,0,0,0
1257322317.642271,339706082.156827,2728071875.21165,1423890079766.9692,500000000,1421162007891.7576,-2228071875.21165,24.447255450340634,29.469293205536278,46.04543965425641,0.9874135496661413,0.7167055419461555,0.47813927577503473,0.03808681941225606,0.3480164942035998,49.79450007662687,90874.96263984403,43450.88882269836,47424.07381714567,4742407.381714567,1541972.9858369657,125435.9164384652,3200434.3958776006,4616971.465276102,852.4067478857279,108.29609924177846,0.6616281198281411,0,1,0,1,0
1236574925.2782214,623056728.0266569,3934084493.7492027,1479912706377.2495,500000000,1475978621883.5002,-3434084493.7492027,17.524528541267024,33.390145420311775,43.2861491737399,0.9313486126642938,0.8592012223842164,0.5390619017885891,0.09549217568125187,0.21851689279870837,50.02758856155041,91300.3491248295,49216.53983319274,42083.80929163676,4208380.929163676,1352813.3691614778,223391.347558882,2855567.560002198,3984989.5816047937,1377.689167244278,125.47084246043252,0.5686341131808925,0,1,0,1,0
1279465735.4254549,678435444.4047256,4216736164.5047655,563403260578.7668,500000000,559186524414.2621,-3716736164.5047655,17.741999901214594,26.67080146812859,32.99955226543344,0.9732136270944464,0.6961777044587,0.43367237915052187,0.05392719252468503,0.1513844132285129,22.08778034813637,40310.19913534888,17481.41996305806,22828.77917229082,2282877.917229082,389438.0324183846,51288.4496375553,1893439.8848106973,2231589.4675915265,2227.024052008045,224.0555475195139,0.7061741139079483,0,1,0,0,0
2131376457.0106933,561565336.6809535,4562660481.205823,1543681549960.9832,500000000,1539118889479.7773,-4062660481.205823,20.973766525626694,28.51658627215863,46.560086820595956,0.9735679029156852,0.6702988106706874,0.4664840204331367,0.0911437401350251,0.4848198559624538,58.024760719448864,105895.18831299417,49398.41318876963,56496.77512422454,5649677.512422455,2702436.1373430807,518455.87692777335,2947241.375079374,5131221.635494681,1548.1122516078085,97.4426823704716,0.6955812014014209,0,1,0,0,0
1842835508.3886871,507101081.93510455,4038317812.2783694,4205069214049.3525,500000000,4201030896237.074,-3538317812.2783694,19.687914989414296,22.63408463520486,33.42996285529513,0.8038310528948313,0.7634333734681727,0.46055041344404396,0.026828429069526247,0.23481159809172336,109.75597403325929,200304.65261069822,92250.39057462267,108054.26203607555,10805426.203607555,3313170.761274893,157346.57743588768,7492255.442332663,10648079.626171667,538.9989494299818,46.95682391133342,0.7173733588737794,0,1,0,0,0
1960814339.922351,402989577.8006203,3705548315.517499,2362689401427.7456,500000000,2358983853112.228,-3205548315.517499,16.699533997704236,23.949877043418653,46.0064851871806,0.9476253557142701,0.5900839040421885,0.39086787632798314,0.057429012541254904,0.36669356766801775,111.11793612776663,202790.23343317411,79264.18788208073,123526.04555109338,12352604.555109339,6371529.533592328,1022615.5805692169,5981075.02151701,11329988.974540122,619.5455335682517,44.130669599375736,0.7814350991502246,0,1,0,1,0
1656888740.0070302,432303626.7913805,3528537206.8294044,1235378532539.1086,500000000,1231849995332.2793,-3028537206.8294044,19.115573038919344,33.60317615186684,42.51755075305982,0.8918718644350655,0.7817920262145209,0.5332105984501858,0.0611477748720724,0.506629874423912,44.907631058790976,81956.42668229353,43700.035318104514,38256.39136418902,3825639.136418902,1609913.43493021,78335.02719859275,2215725.701488692,3747304.109220309,1592.4973043633815,133.42925618706553,0.6282144781732295,0,1,0,1,0
1932703185.975796,494829542.1726839,4075056144.75136,1120080720520.818,500000000,1116005664376.0667,-3575056144.75136,16.914654734663255,27.558841081775732,37.20414567896934,0.7258923739710342,0.7845045060403211,0.4838713822982797,0.04655008830350299,0.386992730445637,44.194193849845504,80654.40377596805,39026.35784352125,41628.0459324468,4162804.59324468,1511084.7873375183,404102.25088291295,2651719.805907162,3758702.3423617673,1536.7597042770024,133.02463309340607,0.7244517776595261,0,1,0,0,0
1650005250.026625,503480467.42857724,3829812187.8769503,1284363740009.1477,500000000,1280533927821.2708,-3329812187.8769503,17.47717721078794,22.30998287133324,43.97992613341287,0.8802539068992778,0.7772487345355541,0.5199416393238266,0.0659969512126842,0.46291668786789403,46.50353054070727,84868.94323679077,44126.89747421778,40742.04576257299,4074204.576257299,1034797.9731350278,122428.77104822294,3039406.6031222716,3951775.805209076,1260.0525984061244,126.525396339772,0.644268286679839,0,1,0,1,0
1204154796.5942595,540977834.9660814,3546305712.4082785,1682266193234.6912,500000000,1678719887522.283,-3046305712.4082785,18.05843994510782,29.171741261409473,46.99634001367952,0.8508682398369947,0.7328299253450614,0.4801887406370216,0.04174591191826264,0.43280501663185855,56.146496570430436,102467.35624103554,49203.67074978791,53263.68549124763,5326368.549124762,2881183.3593225647,270077.60642440774,2445185.1898021977,5056290.942700354,1450.3219335690299,98.88671472155652,0.7005822921751448,0,1,0,1,0
1429278995.435316,385349294.9438109,3097639777.9385796,1501400966861.2034,500000000,1498303327083.265,-2597639777.9385796,18.473563695099376,32.100009606824806,36.99068891375855,0.9290783777823939,0.6802309351607134,0.4386597240877503,0.046043777632060405,0.30524631482637127,79.35168302836802,144816.82152677162,63525.30697419861,81291.514552573,8129151.4552573,2444954.666835652,83818.24898030717,5684196.788421648,8045333.206276993,544.9564631978044,62.14782995064748,0.722772382444357,0,1,0,1,0
1995420630.0667117,409640051.03107715,3768947674.3617787,1265930016159.122,500000000,1262161068484.7603,-3268947674.3617787,19.502775405605174,29.732073475103057,33.88848730042066,0.952979283586379,0.6676682846862096,0.4303420661069115,0.03165359344014594,0.2790024211480561,41.352610296301016,75468.51379074936,32477.276150729023,42991.237640020336,4299123.7640020335,1029967.3380059812,189911.4138183584,3269156.425996052,4109212.350183675,1152.88079958225,121.67781983271097,0.7261845134611197,0,1,0,1,0
1278227918.892343,484890313.51842195,3377549219.085214,2346202985934.458,500000000,2342825436715.3726,-2877549219.085214,17.92478139825592,28.02782052560467,41.02070586177709,0.9859866078304248,0.6489350484525973,0.4191889928572997,0.13419591572125134,0.25165037401816326,73.92450736490734,134912.22594095592,56553.72011632578,78358.50582463015,7835850.582463015,4468628.498273285,592376.9326029599,3367222.0841897298,7243473.649860055,1003.0669598373014,69.02765498562421,0.7317855836448931,0,1,0,1,0
1443867894.8775678,601209089.5845677,4046788622.4051476,2454887990787.729,500000000,2450841202165.3237,-3546788622.4051476,17.33521948125802,25.582476358009878,37.822804700616274,0.9424331135719797,0.7838634478457441,0.47974043230801167,0.023573739168402108,0.12817541857832393,75.40067717252475,137606.23583985766,66015.27507009152,71590.96076976614,7159096.076976614,3531973.170196246,514535.3486486539,3627122.906780368,6644560.72832796,1115.7020940316845,75.24951918466704,0.6455970952545127,0,1,0,0,0
1673057822.0978613,541870888.5798992,4019075192.6985264,3226912881307.643,500000000,3222893806114.9443,-3519075192.6985264,18.550937667332065,22.10343060257659,36.40313654439744,0.9484184318557293,0.9008298183468572,0.5818158028020823,0.05828356489649049,0.28996092625025305,141.8595900329199,258893.75181007883,150628.47604982406,108265.27576025476,10826527.576025477,5320588.180142351,463848.21389979246,5505939.395883125,10362679.362125684,729.9526754151435,48.25006955512282,0.5029177540368943,0,1,0,0,0
1146429072.1374564,662230733.667311,4013541584.12481,2120732674180.325,500000000,2116719132596.2002,-3513541584.12481,15.642621062372992,23.15403318933098,36.296036246865185,0.9567089550985395,0.7268192760459108,0.4526005368011896,0.13633437101950183,0.1679326654339143,79.99457076130652,145990.0916393844,66075.19384364024,79914.89779574415,7991489.779574416,2881226.930196446,78822.71602187873,5110262.849377969,7912667.063552537,785.3884824365435,63.189819056473205,0.6852821754474181,0,1,0,0,0
1885162476.2012784,592993050.7730436,4452512055.369368,1526679970718.666,500000000,1522227458663.2966,-3952512055.3693676,15.20475622391501,21.389674586007086,32.41635529324348,0.9503246772560482,0.5538898968172633,0.3800870274735555,0.04309823388386835,0.4670511173453572,57.658810534310724,105227.32922511706,39995.54277415594,65231.786450961125,6523178.645096112,2335571.784171737,227811.0026109209,4187606.8609243752,6295367.642485191,1063.259327640541,79.42347903967963,0.7999316006702089,0,1,0,0,0
1961379777.3987052,534387195.0015878,4274996671.2419214,1245866676359.739,500000000,1241591679688.497,-3774996671.2419214,17.181257995265643,27.535471659096693,37.11431825315927,0.8961121280563862,0.7320244722168188,0.4388796646261889,0.07406820148380755,0.11297458370217366,34.58348968357986,63114.86867253325,27699.832395927348,35415.036276605904,3541503.62766059,1812362.0759700162,130465.50865267824,1729141.551690574,3411038.119007912,2472.3231403827385,146.58294119135297,0.7121054697871425,0,1,0,0,0
2016644664.538588,460983340.54537195,4012461282.979238,2420924485184.249,500000000,2416912023901.27,-3512461282.979238,18.80616634389127,33.630996361772375,34.21963750805143,0.9778280616018589,0.8149421880950622,0.5334392989684904,0.09119042541387451,0.3004887704057937,100.64819276069093,183682.95178826095,97983.70503439294,85699.246753868,8569924.675386801,4047997.6731370674,562454.4512629992,4521927.0022497345,8007470.224123802,887.3343777957873,62.44169331952918,0.5749164440890044,0,1,0,0,0
1482642643.8955624,503554594.45306706,3662770512.969079,1065272907015.7875,500000000,1061610136502.8184,-3162770512.969079,15.620736549545672,26.88094309132766,46.045917675140686,0.9531368929954142,0.6568657591415121,0.4132528640207144,0.05965716027203746,0.20399102510272327,32.86532569518041,59979.21939370425,24786.58419617506,35192.63519752919,3519263.519752919,1613015.5755985486,94559.74830802894,1906247.9441543706,3424703.77144489,1921.4554560969866,145.99802884237457,0.7412694117706876,0,1,0,1,0
1314849575.0928717,509842135.66782135,3522199207.171297,1858334092786.8691,500000000,1854811893579.6978,-3022199207.171297,20.05402277863201,28.643566995050662,38.01033004188369,0.9396885512262226,0.7716851179910081,0.506595282563692,0.03816665428286726,0.34802601525789867,60.456213084211356,110332.58887868572,55893.96903898146,54438.61983970427,5443861.983970427,3115501.8671279997,105784.06172804574,2328360.1168424273,5338077.922242382,1512.7381635225215,93.66667315151585,0.6326456373296927,0,1,0,1,0
1386576548.4850006,521579922.4555212,3644744654.6256113,4040587746396.4824,500000000,4036943001741.857,-3144744654.6256113,24.240290710209415,30.756303398042423,32.30050423874083,0.8133354957105479,0.7344104375651432,0.46815207040252077,0.03679772637840257,0.39106580525448076,126.87948962219087,231555.06856049833,108402.98475879493,123152.0838017034,12315208.38017034,3640040.0762140863,772901.5735821091,8675168.303956253,11542306.80658823,420.13532497847325,43.318897026251726,0.720362432818594,0,1,0,1,0
1714331414.81197,463202181.0823572,3719754451.5933475,5084256435199.517,500000000,5080536680747.923,-3219754451.5933475,13.284160261772112,24.87232195251286,34.61051757411107,0.9237971183199118,0.4368762536775373,0.2719372453693968,0.09529829919273292,0.2018816146848883,188.24899448402562,343554.4149333468,93425.24123146909,250129.1737018777,25012917.37018777,6838507.110547443,514635.2147864997,18174410.25964033,24498282.15540127,204.669884659408,20.40959430658538,0.8902502002440708,0,1,0,1,0
1409726126.5195932,572505239.4653374,3888374204.598682,1089006432073.607,500000000,1085118057869.0084,-3388374204.598682,16.379017986889043,33.31655752954211,57.21152453316786,0.8878973478144988,0.771455603768794,0.45816875570011106,0.11424437074426866,0.09160989356977106,46.24710505266451,84400.96672111272,38669.885902498696,45731.08081861403,4573108.081861403,1713987.967593253,61051.3200738307,2859120.11426815,4512056.761787572,1359.9898042737495,110.81420877380799,0.6861665967162652,0,1,0,1,0
1630450684.9446692,491943721.26489866,3760309549.424358,2024028855840.7073,500000000,2020268546291.283,-3260309549.424358,15.528987446231122,22.147068669924387,45.33169731538033,0.8765708796833951,0.5092971930556178,0.32501886061353563,0.041878978294016225,0.3283190563510531,53.62072431904587,97857.82188225871,31805.63777029404,66052.18411196467,6605218.4111964675,1954139.3075733827,176933.38651938515,4651079.103623085,6428285.024677082,808.481099901131,77.78124306569885,0.8549001761857862,0,1,0,1,0
945379824.2517474,367078116.13701344,2534635964.3660574,583472736263.8885,500000000,580938100299.5225,-2034635964.3660574,18.28454476350178,28.31577739427334,42.15357149654136,0.8351454070613548,0.6783352759368055,0.3948626707136937,0.10989242031654106,0.08633248188307283,23.701109024242786,43254.523969243084,17079.596854944804,26174.92711429828,2617492.711429828,731759.0440912383,57517.20700304165,1885733.6673385897,2559975.504426786,1344.1113176619947,195.31436888180573,0.7763069051125748,0,1,0,1,0
2415317228.8483005,652589267.391133,5240687237.522268,1592016424700.877,500000000,1586775737463.3547,-4740687237.522268,14.010197445652878,24.023582214190863,36.11555956610028,0.8668767372347741,0.8554666554683448,0.5140410742736462,0.029737980256653827,0.15263101623061842,43.86791459468699,80058.94413530375,41153.58564852537,38905.35848677839,3890535.8486778387,925144.151769325,45823.632517139646,2965391.6969085135,3844712.2161606993,1767.2833045920377,130.04874536469111,0.618795290413725,1,1,0,0,0
2436998649.249835,615437027.4285074,5101518901.7439375,1075890305636.6431,500000000,1070788786734.8992,-4601518901.7439375,14.40747218981017,31.811471885715584,44.59680406419946,0.9618608028309205,0.7400179358869301,0.5082674191804073,0.045138977541145486,0.45842925071514573,34.540029560181495,63035.553947331224,32038.918321417375,30996.63562591385,3099663.5625913846,1037313.343441795,51179.90250457176,2062350.2191495895,3048483.660086813,2473.643348435529,164.0159685112963,0.6382181756380236,1,1,0,0,0
1204121607.9055314,520170338.0603682,3456186951.292042,1360821664161.0574,500000000,1357365477209.7654,-2956186951.292042,18.876600508168163,22.330119892211968,50.66027462608358,0.9437319415002756,0.7902543054226134,0.5047528264258385,0.1143351699575138,0.2608105472755837,37.97258793822,69299.9729872515,34979.357236549455,34320.61575070205,3432061.5750702047,1987261.1538230905,186397.34723489225,1444800.4212471142,3245664.2278353125,2392.1552765805195,154.05167167691704,0.6235612830249662,0,1,0,1,0
1815697667.317944,665476747.6147616,4696863720.963327,765240055529.817,500000000,760543191808.8536,-4196863720.9633274,28.25732913953253,22.328986883496825,36.22102000723937,0.9243689510830994,0.8414883852211213,0.5244672686415266,0.07924367504415263,0.20530526425196344,33.81145254797793,61705.90090005972,32362.72530411904,29343.17559594068,2934317.559594068,1296768.7006037375,90724.38614828358,1637548.8589903307,2843593.1734457845,2868.2281418212397,175.83387267529355,0.5920453714180036,0,1,0,0,0
1179537899.2107368,464753436.82606626,3191677061.544685,586507164723.2491,500000000,583315487661.7045,-2691677061.544685,21.862963228121064,29.9142314032388,35.88808360558766,0.8284111475714382,0.6339581174294933,0.4176472182088883,0.07608455158891378,0.47111832146948956,25.952409922354885,47363.14810829767,19781.08705304609,27582.06105525158,2758206.105525158,775721.5228357738,73214.3584619026,1982484.582689384,2684991.7470632554,1609.937897834718,186.22031168136047,0.7806608811083696,0,1,0,1,0
1449979868.0101113,471663594.60709345,3492036397.2473946,3094173876376.8564,500000000,3090681839979.609,-2992036397.2473946,21.20228245794496,26.333463355920163,48.9765456796422,0.9676297627570783,0.7900387801068438,0.5052876809169949,0.08628090201369029,0.23998976408515935,79.3336460764046,144783.9040894384,73157.52313146096,71626.38095797745,7162638.0957977455,2048169.4590885055,221096.83596688395,5114468.63670924,6941541.259830861,682.7759920518832,72.03011280699108,0.6137252341283839,0,1,0,1,0
1324648766.9163997,591942531.3593302,3887450146.7907715,614382428914.4934,500000000,610494978767.7026,-3387450146.7907715,15.497192944016138,21.610939576545498,46.48404953188275,0.9270152732414833,0.7752665089627333,0.48058053944790974,0.048632434404480035,0.1854504066083649,23.640539494703763,43143.98457783437,20734.15938234794,22409.82519548643,2240982.5195486434,356617.1401498721,38321.46296480593,1884365.3793987713,2202661.0565838376,2063.002318600816,226.9981568455487,0.654614506220875,0,1,0,1,0
1630679914.2456446,602532999.8190674,4239332480.2474995,1554194177216.1558,500000000,1549954844735.9082,-3739332480.2474995,16.377171292903487,23.431330835392966,36.94588701900988,0.8672488423796842,0.7852982578831513,0.4632481471067074,0.02806596075652576,0.09295984610512921,62.967279963073935,114915.28593260993,53234.29328251903,61680.9926500909,6168099.26500909,2616475.5517839887,390663.90887619735,3551623.7132251016,5777435.356132893,1193.632215164459,86.54359056899484,0.6845053103115546,0,1,0,0,0
1789787159.1972675,653343479.1539474,4618422510.103055,1299231569925.6934,500000000,1294613147415.5903,-4118422510.103055,21.79636117971039,28.32678417271736,48.60348709311876,0.940420178789975,0.6815186808579358,0.45608804053224794,0.10633067931801245,0.40414554014846493,47.715434883853064,87080.66866303184,39716.45153876012,47364.21712427172,4736421.712427172,1949248.436620028,115653.50592887579,2787173.275807144,4620768.206498296,1657.0274084468592,108.20711571223983,0.7076868262136701,0,1,0,0,0
2431151904.5201035,428210051.9986544,4285077334.777888,4116047619903.328,500000000,4111762542568.5503,-3785077334.777888,14.733138440854223,31.977802513728548,38.08234071571454,0.9765390543928432,0.7344369697211018,0.5085733066272637,0.10383627979534339,0.4676955516175837,134.57753295583643,245603.9976444015,124907.63720288797,120696.36044151353,12069636.044151353,2769339.9088084497,21744.14313121387,9300296.135342903,12047891.90102014,460.7463324198651,41.50103637281666,0.6352479777943056,0,1,0,0,0
1430853233.4593196,709773384.9755213,4503800545.145506,685274352960.1478,500000000,680770552415.0023,-4003800545.145506,18.359000162090204,23.931423100081464,41.18472357395828,0.869848294198654,0.941014698040617,0.5507483689328441,0.023229006101578464,0.06436383858267067,26.63535286929683,48609.51898646672,26771.61329640666,21837.90569006006,2183790.569006006,319216.93468694086,16432.60994456019,1864573.634319065,2167357.9590614457,2415.458666930189,230.69562547781464,0.5491904136227581,0,1,0,0,0
1314927579.4952466,394455320.5023749,3022712687.216481,1251403826730.4595,500000000,1248381114043.243,-2522712687.216481,16.337646418050884,26.058561833442766,45.229410917291304,0.908723244129481,0.6936382175164889,0.46797118317525205,0.03783800828673569,0.4590799906139027,39.00114628932727,71177.09197802226,33308.82794792882,37868.26403009344,3786826.4030093444,1847436.8411107128,193935.35398781768,1939389.5618986315,3592891.0490215267,1558.5897473106402,139.16369663816218,0.7050259838138684,0,1,0,1,0
1622552984.620002,615698859.8044757,4288206834.2774754,636177612292.1149,500000000,631889405457.8374,-3788206834.2774754,23.218099926714114,21.959002696868907,36.449633890295104,0.8589276624419079,0.7948697439594518,0.49309785051826294,0.06269503635377147,0.2609544986451897,28.21459505691156,51491.6359788636,25390.415020846493,26101.220958017104,2610122.09580171,1193471.2886773439,67519.07947038575,1416650.8071243663,2542603.0163313244,3027.003417293799,196.6488660590991,0.6633445376820443,0,1,0,0,0
1024565840.686986,588447717.4402503,3572236505.2305055,2443247704002.9966,500000000,2439675467497.766,-3072236505.2305055,14.65782582102024,22.0764762769084,55.99876831507715,0.9216642551716299,0.40166750794406814,0.24921730476253082,0.04989774760871807,0.19407139071591195,101.47939304883685,185199.89231412724,46155.01800483774,139044.8743092895,13904487.43092895,5403436.4659372065,819918.8517288179,8501050.964991743,13084568.579200132,420.21116211882105,38.21295268342469,0.9077391096658365,0,1,0,1,0
2051048328.2994437,426215182.0838196,3896337015.800007,1068176176357.1808,500000000,1064279839341.3807,-3396337015.800007,26.45984341563333,22.231394911945678,39.50442093850364,0.8878998237427195,0.5502244922644016,0.32372163056837333,0.13146879660439675,0.060988486848155325,31.526229981834636,57535.36971684821,18625.44370009231,38909.9260167559,3890992.6016755896,1357576.3386931093,6145.432686614587,2533416.26298248,3884847.1689889748,1537.977423107334,128.7051918004085,0.8418476653565876,0,1,0,1,0
1018791323.1129519,650940103.3394914,3837021314.4992943,2840513661885.6587,500000000,2836676640571.159,-3337021314.4992943,19.53352039854196,25.000782585887812,45.641606666681454,0.8765231863506314,0.7071188385496097,0.4879226216923466,0.03159952229202011,0.5541443879793144,110.59042399621866,201827.52379309907,98476.21453880337,103351.3092542957,10335130.92542957,3330275.7832090943,174153.39617976683,7004855.142220475,10160977.529249802,547.7659761116764,49.207863963942415,0.6975826034867001,0,1,0,1,0
1722941481.7584498,486236692.8290771,3828091899.7666225,2948758746733.26,500000000,2944930654833.493,-3328091899.7666225,17.802271964276294,20.721836474551992,45.36747792248789,0.915413642025708,0.6666313538952127,0.44135134977900203,0.03507360329978373,0.3976432920977162,79.80840364127472,145650.33664532637,64282.97267418084,81367.36397114553,8136736.3971145535,3096275.2963387887,112766.03079087315,5040461.100775765,8023970.366323681,759.4725607896171,62.313290948640876,0.7306682360228136,0,1,0,1,0
2357702976.8084326,381925238.2773939,4011239385.855526,755630722699.5776,500000000,751619483313.7222,-3511239385.855526,15.372608853609723,26.701838016347146,41.0976094438084,0.8614994879704974,0.47310606201775285,0.3004290737360411,0.13513929589210144,0.3292016373244683,27.05028312790256,49366.766708422176,14831.211995554506,34535.55471286767,3453555.471286767,1447662.1284956262,75541.3016359732,2005893.342791141,3378014.169650794,1999.7271541237608,148.01595697619234,0.8775509288010592,0,1,0,0,0
1294487522.9229312,585968022.6795906,3831422406.8498893,1078692673540.1987,500000000,1074861251133.3489,-3331422406.8498893,16.890363398922652,30.41103100159298,49.01142597021596,0.9020281322994856,0.7637882624953687,0.4925796943514062,0.05686725318052663,0.3334329445576255,42.70980398072192,77945.3922648175,38394.31749790427,39551.07476691324,3955107.476691324,1824689.2302293747,215444.55648513613,2130418.2464619493,3739662.9202061878,1798.436721621611,133.70188989451282,0.6606330327029043,0,1,0,1,0
1606147773.1246705,597345944.156612,4192343102.646662,2746365690903.8926,500000000,2742173347801.246,-3692343102.646662,19.83090607971804,20.930511456078502,52.945396765036804,0.9592427954865952,0.7433041171691603,0.49095370305673197,0.04443430315846782,0.3464700915879961,86.3525654287167,157593.43190740797,77371.07897236088,80222.35293504709,8022235.293504709,5376780.211833499,125606.40858925758,2645455.08167121,7896628.8849154515,1584.7341849396432,63.31815858221802,0.6499455325909733,0,1,0,0,0
1732994612.306208,501572434.720183,3904540767.0587397,814996906573.3336,500000000,811092365806.2749,-3404540767.0587397,22.336951636167743,30.534588866417373,50.68718499123469,0.9372515473363422,0.9522915067595653,0.5621926886965527,0.048841225252999554,0.01641636638862485,36.99439886440154,67514.7779275328,37956.314529830335,29558.46339770247,2955846.339770247,1016503.6512219082,159191.04940826254,1939342.688548339,2796655.2903619846,2013.3320377645146,178.7849942476402,0.4982223994860998,0,1,0,1,0
1278304000.146775,493523901.25919276,3415004217.047158,746523492260.6282,500000000,743108488043.581,-2915004217.047158,16.028167133271626,29.365936031321326,35.99912661122133,0.9067717908578286,0.567024525570243,0.34864357873000906,0.06271794903350099,0.18166976972872587,34.4188622591823,62814.42362300769,21899.845447788222,40914.578175219474,4091457.8175219474,902287.8307697146,47388.22878939241,3189169.986752233,4044069.588732555,1070.8128545148227,123.63783288820808,0.8207407744830394,0,1,0,1,0
1693983863.867067,479901949.1161956,3771708156.755894,724885150383.6338,500000000,721113442226.8779,-3271708156.755894,13.083152919909184,28.582701577784476,40.80087565167945,0.9332864494824963,0.9026364138518909,0.5631479821211338,0.12711090082206083,0.1989397155273182,29.33950870356582,53544.60338400763,30153.53534918033,23391.068034827298,2339106.80348273,483121.1302079733,15615.070299592706,1855985.6732747566,2323491.733183137,2032.186029809691,215.19336301447046,0.5255938151863326,0,1,0,1,0
1160802612.488975,640312732.3951684,3933021649.3017316,887591239816.839,500000000,883658218167.5372,-3433021649.3017316,19.91104164918525,31.608320076576142,34.93178726042012,0.9460664123591543,0.71060311155171,0.45725502943958224,0.03125217079730338,0.2810848437232067,28.129151542660377,51335.701565355186,23473.507730568093,27862.193834787093,2786219.3834787095,854044.9494122523,31304.95345661721,1932174.4340664572,2754914.430022092,2035.5417088426577,181.4938404442531,0.6925976238705143,0,1,0,1,0
1501494666.7352571,519144275.06232506,3749117694.309142,2300087180068.1797,500000000,2296338062373.8706,-3249117694.309142,23.39224196620811,23.10685945963389,42.513261897881705,0.8707088124794509,0.7152700824612488,0.4935506412770931,0.04593169254916262,0.5597819051066565,80.99076707794246,147808.149917245,72950.80717763698,74857.34273960802,7485734.273960803,1731920.087846753,703245.2738095386,5753814.1861140495,6782489.0001512645,651.5882461684397,73.71924967203763,0.6926206267352806,0,1,0,1,0
2029811816.8632596,533331171.4370342,4338856681.320105,4717458184819.012,500000000,4713119328137.691,-3838856681.3201046,21.370830672658165,23.113642530920146,26.25965933575122,0.8822409890261224,0.7749867711395432,0.5262999505419381,0.08400117495646565,0.5038965765544552,135.07849225582984,246518.24836688946,129742.54192317915,116775.70644371031,11677570.64437103,2835998.090291617,359393.7622066999,8841572.554079413,11318176.882164331,490.7335945932151,44.17672609339773,0.6401555160791664,0,1,0,0,0
1084809153.9673648,601068206.5184796,3687119931.547029,756393992923.8501,500000000,752706872992.3031,-3187119931.547029,20.135280176840375,30.157066068681385,44.29778374886798,0.8402142895834452,0.8140174596155836,0.491355287916508,0.04282286735125661,0.19645311973189794,26.831377557958344,48967.26404327398,24060.324122466554,24906.939920807425,2490693.9920807425,1008307.863851861,170712.69789320577,1482386.1282288814,2319981.294187537,2487.287125353979,215.51897907655382,0.6639379922928572,0,1,0,1,0
1275068277.1144848,504528111.51657814,3459410965.602934,953900951504.6035,500000000,950441540539.0006,-2959410965.602934,22.198091189303266,28.77679109381139,47.757242178685,0.9645813886469716,0.797115004173721,0.5707222693309132,0.11389368391929525,0.5729570721499232,42.68794065965535,77905.49170387101,44462.399018573895,33443.09268529712,3344309.2685297118,1535587.7396316228,66959.31112187558,1808721.528898089,3277349.9574078363,1912.6277375105274,152.5622855349468,0.5611817502441165,0,1,0,1,0
1615043411.4456725,599058164.1922245,4208651757.666835,1446122087852.082,500000000,1441913436094.4153,-3708651757.666835,18.81621348234862,32.981129972522325,41.15734389810983,0.9480706584173397,0.6288003050410014,0.3874463909573371,0.08766063857207637,0.14364864824293225,43.08842051617494,78636.36744201927,30467.37676340541,48168.99067861386,4816899.067861386,1068699.4979121047,114428.12937577018,3748199.569949281,4702470.938485616,1122.8462303366052,106.32707921870114,0.7690249501812143,0,1,0,0,0
1526141440.0428262,347917735.52876854,3032443159.3133326,625221128912.9705,500000000,622188685753.6571,-2532443159.3133326,19.68300233243879,26.44713184212723,34.08193706234286,0.8262545949874373,0.8955229344650527,0.5307459196972287,0.05874275046355562,0.1541902763412437,43.722103640845226,79792.83914454254,42349.72379702326,37443.11534751928,3744311.5347519275,272723.01322367275,45877.466534669256,3471588.5215282547,3698434.0682172584,873.5030492549265,135.19235189205713,0.6072852037388008,0,1,0,1,0
2088754443.7685678,524385167.9890958,4359067795.002181,1877347651638.0745,500000000,1872988583843.0723,-3859067795.002181,22.199270304927254,23.464987789922077,34.77632591159683,0.9706449881113066,0.7240631657099703,0.46266819820398797,0.08958651351811833,0.23401417741417951,60.913127122014814,111166.45699767703,51433.18435983634,59733.27263784069,5973327.263784069,2619119.7672949163,660395.2378299176,3354207.4964891523,5312932.0259541515,1299.5820322877507,94.10999379579015,0.674832958080593,0,1,0,0,0
1982812391.7985418,458655213.9565667,3968549440.4866843,1238505528576.4172,500000000,1234536979135.9307,-3468549440.4866843,27.11185752971397,31.547079264193346,50.77585654383293,0.9067417204592328,0.8545280181553289,0.5653334578163176,0.08636722033353773,0.40421576878675747,45.997046632454904,83944.6101042302,47456.696695267055,36487.91340896315,3648791.340896315,1310876.3989968963,30319.39660482558,2337914.941899419,3618471.944291489,1697.4738342116375,138.17987473657251,0.5619591687809844,0,1,0,1,0
1602332121.546988,538571234.2078801,3934063715.522852,2133016545927.8845,500000000,2129082482212.3616,-3434063715.522852,17.0983010561308,32.0892518490992,44.52456213764716,0.8751838537687904,0.6040676700488037,0.36992513541735716,0.04590464321792999,0.20332053664758615,61.14633129011084,111592.05460445228,41280.705911053126,70311.34869339915,7031134.869339915,2849143.0148062604,330015.8266791188,4181991.8545336546,6701119.042660796,940.715298442768,74.6144034775222,0.8044315782573598,0,1,0,1,0
2455416651.4017935,693254439.7180473,5456845574.97232,1497213408710.5337,500000000,1491756563135.5613,-4956845574.97232,17.06726754455325,25.94730010577954,39.83053163678476,0.9390116544605245,0.7463863508180162,0.4672110187963617,0.11943407887368584,0.2032156840882368,58.85990610915823,107419.32864921377,50187.49397662037,57231.8346725934,5723183.46725934,2100003.0299649946,102446.8254037925,3623180.4372943453,5620736.641855547,1506.0926910521978,88.95631157608149,0.6725479240462526,1,1,0,0,0
1244312301.6150026,389782427.97040194,2931866230.1346955,5077370710592.955,500000000,5074438844362.82,-2431866230.1346955,19.35254917428057,24.82338314695476,38.08992613009441,0.9360407843073215,0.5307546416264216,0.3320106476720905,0.07399507807822316,0.204282532901056,146.68186704640382,267694.407359687,88877.3935656861,178817.01379400087,17881701.379400086,6172771.775158735,385265.5051272859,11708929.60424135,17496435.8742728,250.39575172376811,28.577248737567892,0.8350544571318677,0,1,0,1,0
2392702388.428953,603242833.496829,5004428162.778706,833401638886.9772,500000000,828397210724.1985,-4504428162.778706,18.062098352363485,30.014735126778298,49.399249667991946,0.7549490694066192,0.6937065576242137,0.44963515360314854,0.06422368136047818,0.4997378132717927,41.99495601887346,76640.79473444406,34460.39551268913,42180.39922175493,4218039.922175493,2046372.2006497013,147425.10452330354,2171667.721525792,4070614.8176521896,2304.417067663853,122.83156780930337,0.7645201707910083,1,1,0,0,0
1891341225.0547218,479621314.8569839,3967850518.465312,1522959378760.2344,500000000,1518991528241.769,-3467850518.465312,26.866850914075098,30.514261850387552,40.073821384874165,0.9256400436185107,0.918516972438945,0.5613538475644088,0.0640259078754326,0.14194160899878475,52.159405784201375,95190.91555616751,53435.78670063336,41755.12885553415,4175512.8855534154,1673925.1901608438,116392.0189222802,2501587.6953925714,4059120.8666311353,1586.1328890341547,123.1793820455942,0.5227279263744191,0,1,0,1,0
2324076365.332779,497383010.54161495,4477484505.840824,1520488150087.6216,500000000,1516010665581.7808,-3977484505.840824,16.492938036227763,25.149468930427787,45.23752051479792,0.9166588464660301,0.7139059822933478,0.4333874619262101,0.08748540374066129,0.13031773839450334,51.384105693281114,93775.99289023803,40641.339548310585,53134.65334192745,5313465.334192745,959628.4765710159,110546.89280433737,4353836.857621729,5202918.441388408,1028.3996971550828,96.09991116189285,0.7163876763102871,0,1,0,0,0
2138474294.1574407,653999220.6688888,4969948662.654131,956050003848.9432,500000000,951080055186.2891,-4469948662.654131,21.796574570731934,32.910435496617175,35.675455823714316,0.8931196422548188,0.5462004995846413,0.33459027357416277,0.08697432377400027,0.18475925380327307,43.17352931925861,78791.69100764696,26362.933449619497,52428.75755802747,5242875.755802747,1095293.3288791317,101434.31398275142,4147582.426923615,5141441.441819996,1198.2760439894355,97.24899245823312,0.8367793714721332,0,1,0,0,0
1398848793.6084151,465713835.9070799,3415145981.358107,1181845577855.9937,500000000,1178430431874.6355,-2915145981.358107,18.486974739123266,23.38207311966793,34.50163083939515,0.8829296953199417,0.7749938106089693,0.5193248212498086,0.08722185082705923,0.4651827669667988,51.837258516257485,94602.9967921699,49129.684398789854,45473.312393380045,4547331.239338005,1722515.3842566023,120990.89856916148,2824815.8550814027,4426340.340768844,1208.98003854474,112.9601344466773,0.6446441757012094,0,1,0,1,0
1251529008.6663363,558833351.5462012,3670984966.9560456,4283857559940.2207,500000000,4280186574973.2646,-3170984966.9560456,26.037197520719964,27.404675653018025,41.52057027172327,0.9458426998005854,0.9042298240266985,0.582483122873147,0.05716411720881613,0.28463976442556166,129.82841672084152,236936.86051553578,138011.7224368485,98925.13807868728,9892513.807868728,5864578.353230603,644428.4730110659,4027935.4546381254,9248085.334857663,911.381279143623,54.065245063798436,0.5018259631340252,0,1,0,1,0
1605030662.7787929,690140844.8364998,4592979349.947863,3359910768366.9897,500000000,3355317789017.042,-4092979349.9478626,22.105932376947365,25.300929296392027,37.511156743994235,0.9125221393152343,0.6453894558589302,0.3896693453373903,0.04578491344556533,0.11742545115659185,110.57225294214801,201794.36161942012,78633.07678501603,123161.28483440408,12316128.483440408,1416685.0406523175,314532.6154055783,10899443.44278809,12001595.86803483,421.3957688809267,41.66112619503419,0.770511188055728,0,1,0,0,0
1399841663.6445441,437889805.20711887,3295675359.595839,1203144220648.5452,500000000,1199848545288.9492,-2795675359.595839,16.303189026748452,31.1985223234253,44.26516488777915,0.8993824683166289,0.7977158372353501,0.4913806403846923,0.13294277492870937,0.19539487572813294,55.19302508398786,100727.27077827786,49495.43081923248,51231.83995904538,5123183.995904538,2264430.9145849,340344.89646457916,2858753.081319638,4782839.099439959,1152.8366619458131,104.54041827552737,0.6474581543266182,0,1,0,1,0
1744736959.5694654,462866480.8671852,3748706590.1009297,1108231188558.2988,500000000,1104482481968.198,-3248706590.1009297,18.641271060988217,29.62898047349488,53.38940562496515,0.814353116948518,0.4255412844583751,0.2700848076146148,0.05240939716260068,0.3771669575861571,35.2026009318671,64244.74670065746,17351.530052896727,46893.21664776073,4689321.664776073,1351725.9959177524,102661.80319993309,3337595.6688583205,4586659.86157614,1123.175771432864,109.01178964427987,0.9064045754203135,0,1,0,1,0
1487709404.9630897,605252730.3962822,4108136981.049398,571303028051.6395,500000000,567194891070.5901,-3608136981.049398,22.20918638153249,24.86611597954736,40.153352470345965,0.9523666263166827,0.8082178383222254,0.5202145613096083,0.1017972867162105,0.2754215278027453,33.76145848096236,61614.66172775631,32052.844220944662,29561.81750681165,2956181.750681165,638535.4840371674,42992.52395492597,2317646.2666439977,2913189.226726239,1772.5470190056526,171.6332037112076,0.5995806060078045,0,1,0,0,0
1810022780.2847178,633119672.1155881,4551099630.426589,3735454903620.2764,500000000,3730903803989.8496,-4051099630.426589,21.47041662319443,32.178608761262666,48.159248370104294,0.8727190968124517,0.8382603582576261,0.5151626607713827,0.11103345630968664,0.2170534698538862,114.54112964664633,209037.56160512957,107688.34643766038,101349.21516746918,10134921.516746918,2551744.1613475997,335627.0592256331,7583177.355399318,9799294.457521284,600.1573505578303,51.024081597653534,0.6231246042215308,0,1,0,0,0
1069063893.540837,464345660.06269497,3079437595.8909435,2156741361869.4958,500000000,2153661924273.605,-2579437595.8909435,25.590594302748812,26.286881787934817,35.4401360594926,0.7744573862792018,0.6476769654534532,0.4111696133728351,0.06986857321973727,0.41977149691780097,88.29145782913587,161131.91053817296,66252.54535800683,94879.36518016613,9487936.518016614,3072529.309976916,248996.05279684806,6415407.208039698,9238940.465219766,480.0065679434714,54.11875981691441,0.7937580580004926,0,1,0,1,0
1492693220.906081,507449981.26452255,3689686076.302878,936472736473.5353,500000000,932783050397.2324,-3189686076.302878,19.82534238357667,27.523857921791546,47.87310106569037,0.9446402836306007,0.6196049166026097,0.40773866085705146,0.09506125178273414,0.3501911518053192,49.40717402808678,90168.09260125838,36765.0173292717,53403.07527198668,5340307.527198668,2008090.4403495474,347613.0209866445,3332217.0868491204,4992694.506212023,1107.27662098143,100.14632366909065,0.7613490270074609,0,1,0,1,0
2258367333.751417,464652760.58228725,4270070620.636637,1612039532338.9683,500000000,1607769461718.3315,-3770070620.636637,16.737667893397514,32.123955476684706,46.60142808681795,0.9531804689601535,0.6556080000015652,0.44007750605423146,0.08710057625350529,0.4003215884127187,59.05709819752154,107779.20421047682,47431.20339345636,60348.00081702046,6034800.081702046,937989.6372132102,177812.2130244506,5096810.4444888355,5856987.868677596,837.7927072516206,85.36811262217812,0.7249899594851854,0,1,0,0,0
1870969678.3207574,521600069.1162995,4129225008.9591985,2191454451738.7668,500000000,2187325226729.8076,-3629225008.9591985,23.803770894277264,30.626873042308883,36.40009649373593,0.8598241130747577,0.7978894686658269,0.4654975038625326,0.09192433087770487,0.0653980982709485,82.11442527734754,149858.82613115927,69758.90949582391,80099.91663533535,8009991.663533535,1514218.5441254533,101681.12602162031,6495773.119408081,7908310.537511915,635.6787611041854,63.22462903148821,0.6806479489610914,0,1,0,0,0
1295342667.8469734,505652132.8817462,3484551780.6132083,756388028523.675,500000000,752903476743.0619,-2984551780.6132083,23.72523629048017,26.63530188554606,28.406501800371824,0.8001413053848341,0.6721180505006381,0.3973853085176991,0.11630955788186034,0.17598541438824014,25.88872324320389,47246.919918847096,18775.231848462077,28471.68807038502,2847168.807038502,1489272.2390398409,162992.4114707933,1357896.567998661,2684176.3955677086,2566.1393236665463,186.27687838460744,0.7862903876807263,0,1,0,1,0
1362847585.1026814,560186470.2028719,3788161839.049042,1651645290555.895,500000000,1647857128716.846,-3288161839.049042,17.557784105819323,23.648262415959294,31.46100086810751,0.9493747257711569,0.9247198928391425,0.5609982038136108,0.039245902878978875,0.09227069199467174,55.111712636536275,100578.87556167871,56424.56853169443,44154.30702998428,4415430.702998428,2659123.908851449,348683.2243091478,1756306.7941469788,4066747.47868928,2156.8907275615907,122.94837646549692,0.5074964821671757,0,1,0,1,0
2241571527.5240626,457676162.1503677,4223069794.257928,2188079379336.6636,500000000,2183856309542.4058,-3723069794.257928,20.154285251275567,22.05661833100961,33.50563178579959,0.9433937325892565,0.7799175467738111,0.5102357146477612,0.04361696735655468,0.33392952419362604,56.846803993108885,103745.41728742371,52934.617131078834,50810.80015634488,5081080.015634487,1571373.8592081536,158607.40862082754,3509706.156426334,4922472.60701366,1203.2545193350197,101.57496850009643,0.6245842123555626,0,1,0,0,0
1193755170.953285,548505631.8461603,3568497507.740853,766708835087.9312,500000000,763140337580.1903,-3068497507.740853,13.157783508351669,30.408078934647836,43.69299373157672,0.8887591284248347,0.7032980950828593,0.4780920211109704,0.10438610351985596,0.5003239230621711,39.01854540129041,71208.845357355,34044.380797876394,37164.46455947861,3716446.455947861,1489874.9555131434,116789.27781927175,2226571.5004347176,3599657.1781285894,1602.6871389686505,138.90211630095922,0.7011625572847839,0,1,0,1,0
1566740465.4374475,421173938.7445911,3390203207.5098486,1211942026913.8582,500000000,1208551823706.3484,-2890203207.5098486,18.271186655380006,28.40229681185431,48.47072037778217,0.8901726473095757,0.808291135715483,0.5201710981156116,0.07279673356824956,0.33931727468069006,37.100237108569246,67707.93272313887,35219.7097157331,32488.223007405773,3248822.3007405773,995862.7056587422,90335.80182242002,2252959.595081835,3158486.498918157,1504.7776333453087,158.3036685992673,0.6257271884732217,0,1,0,1,0
1864463757.7767143,391474311.6664085,3559342657.287688,1922546348266.053,500000000,1918987005608.7654,-3059342657.287688,21.51308514732147,22.2958474116096,36.37870451150513,0.9024037818810821,0.7232437831237128,0.4978251735296183,0.11231643917006681,0.522245421383382,68.6822162712733,125345.04469507377,62399.91862640286,62945.12606867091,6294512.606867091,2686572.328249409,44744.12032143641,3607940.278617682,6249768.486545654,986.530369801849,80.00296348198938,0.6750904551752299,0,1,0,1,0
1717729734.1678855,582153704.6534336,4238150617.18623,839371898464.4565,500000000,835133747847.2703,-3738150617.18623,15.323897104678371,20.83413306239043,53.08126146781625,0.972254912107825,0.769877369080629,0.48674468604027327,0.05226288664094579,0.19921688228255674,40.20578181875525,73375.55181922833,35715.1599332821,37660.391885946236,3766039.1885946235,1938695.069966638,314593.97530288214,1827344.1186279855,3451445.2132917414,2319.295295277135,144.86685115975976,0.6356633016478066,0,1,0,0,0
2144680603.612084,700156920.1737635,5175993655.285118,1679291468618.9653,500000000,1674115474963.6802,-4675993655.285118,16.730993402037292,22.890549283666218,38.64714706973998,0.9333938961789817,0.8174612843954469,0.49806385079665183,0.05980185129833379,0.12365658449515106,57.12738916569089,104257.48522738589,51926.884566726854,52330.60066065903,5233060.066065903,1631565.3573654136,201009.62629371625,3601494.7087004893,5032050.439772187,1437.1793030213137,99.36307395651548,0.6199706211260283,1,1,0,0,0
1196502070.7933617,551853302.1047665,3585738067.8665295,1114113840478.249,500000000,1110528102410.3826,-3085738067.8665295,16.733034655606517,27.094383953614525,54.07746042147819,0.9395971292111216,0.5261402438224524,0.35790544720361805,0.08230179603020492,0.4524228165341619,33.36748148637397,60895.65371263249,21794.886174776395,39100.767537856096,3910076.7537856097,1498362.9810058342,224433.94856411812,2411713.772779776,3685642.8052214915,1486.8008419314024,135.6615457394961,0.8230659122758637,0,1,0,1,0
2034334711.009542,511110606.4297477,4247176157.6591053,1228166549574.4226,500000000,1223919373416.7634,-3747176157.6591053,26.711658321809367,20.94179582795232,36.63340899189113,0.9041624903952168,0.6695045516638597,0.40147952255541347,0.05582466123928334,0.10469210863644574,45.90635442479638,83779.0968252534,33635.59179352649,50143.505031726905,5014350.50317269,1725269.5681556237,53476.09668208163,3289080.935017066,4960874.406490608,1291.2957271563973,100.78868341150104,0.756968023375316,0,1,0,0,0
1776626078.3955739,501884478.7271428,3949523220.3964486,1746032282401.0613,500000000,1742082759180.6648,-3449523220.3964486,15.871032868067545,25.56606941832395,52.54794856841217,0.9791204142223305,0.42837710171381527,0.3082613519246053,0.1090347302131545,0.5733658344707593,58.23296747240934,106275.16563714706,32760.52623531831,73514.63940182875,7351463.940182876,995749.7011882844,91659.0515203456,6355714.238994591,7259804.88866253,621.4129634974311,68.87237435001022,0.8707050887353485,0,1,0,1,0
1413248985.4042473,613960228.2973789,4071375470.512921,2770018377395.37,500000000,2765947001924.8574,-3571375470.512921,24.547104936385786,27.162460890498913,32.31829011574645,0.9481549277073,0.8250301170145087,0.5352343286925423,0.06016564721466401,0.3037361711273151,83.28644358631468,151997.75954502428,81354.41879285153,70643.34075217275,7064334.075217275,2851158.0661397404,503833.4621385362,4213176.009077534,6560500.613078739,966.3435521660866,76.21369610166958,0.5813095364268448,0,1,0,0,0
1556283362.9537485,401930670.3808616,3296432823.578694,1133642500163.592,500000000,1130346067340.0134,-2796432823.578694,19.162864945895706,22.740590740822988,39.182170328585755,0.8786204080157864,0.8581006108753191,0.5055869170844095,0.08073145045589378,0.07620009256936966,34.038694520558316,62120.617500018925,31407.371489214387,30713.246010804538,3071324.601080454,1995725.1984332746,187363.98724973356,1075599.4026471793,2883960.6138307205,3064.740288499396,173.37268671497483,0.6188154190025147,0,1,0,1,0
1100951710.1499639,504641339.5151028,3285784616.6164875,1636949975328.766,500000000,1633664190712.1497,-2785784616.6164875,19.956340321650206,29.252963597729458,38.09632158217237,0.7400713478253108,0.46955568106020906,0.28041590592153587,0.09320370425319843,0.2745052599555668,87.63509205442821,159934.0429993315,44848.04955535141,115085.99344398009,11508599.344398009,1438750.998484288,139197.50603765127,10069848.345913721,11369401.838360358,326.2993149196569,43.97768740242782,0.9025541531219593,0,1,0,1,0
1372379267.249184,591103148.0750546,3931546556.7765675,1251764368156.1047,500000000,1247832821599.3281,-3431546556.7765675,20.45422071611756,24.643337872817767,29.130778150852752,0.8272772065123362,0.6380102557739498,0.45348154066329166,0.13199790149683838,0.6815063871804032,40.82749135076701,74510.1717151498,33788.98746447255,40721.18425067725,4072118.425067725,1540143.2112645735,153954.919352385,2531975.2138031516,3918163.50571534,1552.7587060661588,127.61080523328363,0.7606472993945501,0,1,0,1,0
1770010762.9314332,414234314.5001595,3563428563.7346234,685746628699.7205,500000000,682183200135.9858,-3063428563.7346234,21.16831562457678,25.36746180342347,36.47932842210308,0.8187509916842779,0.749757198493033,0.49272918968103624,0.05128629790529238,0.4739142839054728,33.09883539934231,60405.37460379972,29763.491280909682,30641.883322890037,3064188.3322890038,590590.1388131164,86766.08587137857,2473598.193475887,2977422.2464176253,1440.5850445448912,167.930497799427,0.6975310670816696,0,1,0,1,0
1879482405.449623,625399863.0222012,4587136522.219953,1083489218422.7769,500000000,1078902081900.5569,-4087136522.2199526,20.75630412416831,22.621600039233524,36.912935223094266,0.8064347832343578,0.8480760491815691,0.5119522697491495,0.10836051617294486,0.23399476359084145,43.906647122775624,80129.63099906551,41022.546464133404,39107.08453493211,3910708.453493211,524894.3532203457,28284.217789847826,3385814.100272865,3882424.235703363,1354.8105083058967,128.78551380395888,0.6498666148362386,0,1,0,0,0
1038885273.6678734,452060056.5882431,2996068742.3907194,1183531041984.2822,500000000,1180534973241.8916,-2496068742.3907194,20.285001329501544,24.807488677005587,40.8547527800374,0.9448644671264662,0.92435225031037,0.5581698521122446,0.07390622079665941,0.08212215123363328,49.01405364553436,89450.64790310021,49928.65491141791,39521.9929916823,3952199.29916823,1858127.1437290988,76876.92466439649,2094072.1554391312,3875322.3745038337,1430.738064401815,129.0215243226097,0.5125013744658637,0,1,0,1,0
1224292952.1908596,542855877.9376638,3574574811.236787,1866040255437.7756,500000000,1862465680626.5388,-3074574811.236787,17.80069819370869,31.16733562252048,34.652103122070415,0.698056507625192,0.6490585009250212,0.37403610993167663,0.1242878452165406,0.21207228259309338,64.98138253835008,118591.02313248889,44357.32496529362,74233.69816719527,7423369.816719526,2843944.0818294305,475320.0829563683,4579425.734890096,6948049.733763158,780.5727220342345,71.96263975634976,0.8305319024401745,0,1,0,1,0
2142725788.4893687,543722036.260051,4496757659.785144,646698481756.5323,500000000,642201724096.7472,-3996757659.785144,22.597128693914122,25.360563090260477,36.19007555620678,0.917220375502625,0.6336127993440624,0.39121419681820896,0.11022728961194617,0.1835018881234998,40.43487789087411,73793.65215084526,28869.124356475226,44924.527794370035,4492452.779437004,1310278.4708162125,200997.9750648085,3182174.308620791,4291454.804372195,1413.1085301025248,116.51060602819186,0.7726409520592866,0,1,0,0,0
1780415314.2172365,561920156.1230117,4213235520.9090424,1472566628470.8882,500000000,1468353392949.9792,-3713235520.9090424,18.72829364048792,25.843759821371968,29.82042349088043,0.9676584784536869,0.3,0.1747477126121152,0.11583906270665628,0.22446411318189063,74.39234700762592,135766.0332889173,23724.803767658585,112041.22952125872,11204122.952125872,5885486.730282178,296141.87919088034,5318636.221843693,10907981.07293499,792.164634912469,45.83799666105085,0.9492711682901496,0,1,0,0,0
1408926797.2567186,357656396.52003145,2957391822.09208,1321758888829.0996,500000000,1318801497007.0076,-2457391822.09208,13.903024684932955,26.361336811165376,45.673950456596785,0.8511129137403157,0.8014493892612488,0.47060226753160883,0.086923298897868,0.09631435986998843,31.53002742424985,57542.30004925598,27079.53688216407,30462.76316709191,3046276.316709191,887934.4189912846,151293.41196009258,2158341.8977179066,2894982.9047490987,1370.2147121450212,172.7125915596154,0.6789909342000107,0,1,0,1,0
971758760.3994483,569890362.4794441,3439085789.5715423,1656183856948.6736,500000000,1652744771159.102,-2939085789.5715423,18.068574554451033,25.74193414961115,34.53272406239076,0.8394430821165403,0.6239628415391396,0.42865919185714196,0.1438236368231086,0.5779089658145935,74.11497540110842,135259.8301070229,57980.36946441075,77279.46064261213,7727946.064261213,1320295.6915992503,206845.73659035936,6407650.372661963,7521100.327670854,536.7155805260993,66.47963439078877,0.7754763351638604,0,1,0,1,0
1575818703.0682707,383203618.466452,3234889829.320088,1184468927814.2644,500000000,1181234037984.9443,-2734889829.320088,18.13852679787025,30.24144112446707,51.339608332683724,0.7122478672953575,0.6791732451261312,0.42795073175275405,0.08589894829622127,0.4637098791367871,42.874953351016885,78246.78986560581,33485.770980289984,44761.018885315825,4476101.888531582,1110401.198745901,83130.07042504539,3365700.6897856817,4392971.818106537,961.1341374286246,113.81816699555121,0.7929832433906281,0,1,0,1,0
1636105221.9462757,639644455.9675088,4405430971.555947,537433517054.04333,500000000,533028086082.48737,-3905430971.5559473,23.716137330647957,26.487531495278738,34.67164206516388,0.9377367528755997,0.7094161094744924,0.4613136815657284,0.06227881753347987,0.32153194790474315,16.159173618814794,29490.491854337,13604.367368508325,15886.124485828675,1588612.4485828676,943106.081573327,132069.89924603427,645506.3670095407,1456542.5493368334,6824.767650186221,343.27867745961214,0.6931131220618671,0,1,0,0,0
1501952476.8121843,473863414.6250828,3553533075.496939,1070838129209.8633,500000000,1067284596134.3663,-3053533075.496939,21.19887017812119,26.482623824592103,44.60845357555027,0.909783805719704,0.9033982642963737,0.5450913728821419,0.049270422908376785,0.11834495971345367,29.09379006352204,53096.16686592773,28942.26249172784,24153.904374199887,2415390.4374199887,599629.0584113185,16483.580818200542,1815761.3790086703,2398906.856601788,1957.0484957869405,208.42826749358807,0.5519909754123355,0,1,0,1,0
1202334545.7496777,594021688.0904717,3774137586.186112,1448258609232.1882,500000000,1444484471646.0022,-3274137586.186112,21.798116422221096,25.796370206335837,34.69585161582769,0.824629398567563,0.8347316382045668,0.4965011636505049,0.08433544718902225,0.16743605345400486,68.13899957222932,124353.6742193185,61741.74395410743,62611.93026521108,6261193.026521108,3631244.038552181,40118.85027798879,2629948.9879689272,6221074.176243119,1435.0611374788778,80.37197207990019,0.6582362794896159,0,1,0,1,0
1716874040.6046815,596227047.8844706,4298225134.819581,1072415547435.5195,500000000,1068117322300.7,-3798225134.819581,25.113415717772224,23.733459719109486,49.7571626015565,0.9591474866632279,0.8257654661216344,0.526030974946423,0.05017568922043432,0.23647919352277277,33.36702096007147,60894.813252130436,32032.557984198535,28862.2552679319,2886225.5267931903,1257995.8124253652,116642.31346642971,1628229.714367825,2769583.2133267606,2639.8149455762796,180.53257890721085,0.5833672285277653,0,1,0,0,0
1879817568.4122186,572567169.0087731,4358733769.004834,1846619554880.113,500000000,1842260821111.1082,-3858733769.004834,17.401586392363203,22.134591980345665,31.11647012905653,0.8157938801951475,0.571022214249532,0.3616910809144934,0.09117206969573761,0.3696977131719208,56.690948823166345,103460.98160227857,37420.91426820265,66040.06733407592,6604006.733407592,3412196.496774899,321825.3576519607,3191810.2366326936,6282181.375755631,1365.5992824946966,79.59018851789506,0.8315111188851133,0,1,0,0,0
1415744114.6295662,739465708.8615923,4617243649.877311,744630453563.2706,500000000,740013209913.3933,-4117243649.8773108,27.615959461133897,29.096118900864823,46.63292610921362,0.7269372786673509,0.7619459195372632,0.44963871587053217,0.05166652288849566,0.2526692965159649,31.559783489654347,57596.60486861918,25897.66345162837,31698.94141699081,3169894.141699081,839358.1474696478,98369.15671708196,2330535.994229433,3071524.984981999,1981.1938804248991,162.78558776005866,0.7509510085859982,0,1,0,0,0
1308671445.6635134,594551662.6589365,3882768998.630143,468495879770.2143,500000000,464613110771.58417,-3382768998.630143,22.60232345233746,27.424695679397963,39.788556313861996,0.7675749941127333,0.4352764532975657,0.2561849922320063,0.08998705574516691,0.19846266252927885,13.985292203544706,25523.15827146909,6538.650103512576,18984.508167956512,1898450.816795651,472794.12819557765,27652.013754621443,1425656.6886000736,1870798.8030410297,2723.495095051836,267.26551203006846,0.9144067185451579,0,1,0,1,0
1840361498.2742872,573355578.3148634,4322691098.564529,865064073905.776,500000000,860741382807.2114,-3822691098.5645294,20.260395638021514,22.146083874363672,35.743129038628595,0.9130536488428946,0.8114349483514621,0.5367059923289792,0.07010686181760442,0.39720868796140135,23.556596708563944,42990.7889931292,23073.414067563164,19917.374925566037,1991737.4925566036,425471.68582767027,12639.921437454568,1566265.8067289335,1979097.571119149,2759.8706937184884,252.64039898611858,0.6023633105836695,0,1,0,0,0
1233074460.483684,412087135.9381052,3017196101.7947817,623338101979.3337,500000000,620320905877.539,-2517196101.7947817,22.569475431105353,28.864467902510746,34.45229836564681,0.8988171858270572,0.8264435294919733,0.4965483389264376,0.1152411823010052,0.11685064192468506,19.660815803515806,35880.98884141634,17816.64540824333,18064.343433173013,1806434.3433173012,697852.1377404713,10869.985821822445,1108582.20557683,1795564.3574954788,2721.6710557110555,278.463981484584,0.6311531448535312,0,1,0,1,0
1584592940.2590384,556640673.0520521,3994555748.162135,1019983489040.2134,500000000,1015988933292.0513,-3494555748.162135,21.090372453470152,28.443588687706917,40.026374289109796,0.9288928630984203,0.8220117404052825,0.5369829406772862,0.08311689913223766,0.34430688267364884,33.46326190640567,61070.45297919035,32793.79142925957,28276.66154993078,2827666.154993078,1672495.8266046972,289837.1667453641,1155170.328388381,2537828.988247714,3457.979875344514,197.01879138248526,0.5899808552632894,0,1,0,1,0
1734758552.2720327,553964569.514279,4133135232.340148,2452448847782.947,500000000,2448315712550.6064,-3633135232.340148,15.152088078305459,25.40119307315601,30.21747042086102,0.9378408040803803,0.5752312076588642,0.38249487339745447,0.056318395414679534,0.38786864665658105,81.99907374943729,149648.30959272306,57239.71123181168,92408.59836091139,9240859.836091138,1454700.5064491197,118528.50868939146,7786159.329642018,9122331.327401746,530.8310628328968,54.81055029190786,0.7936534640669217,0,1,0,0,0
1683915166.5255206,557989337.3336408,4099716984.972269,1245147193654.1184,500000000,1241047476669.1462,-3599716984.972269,18.366565486624783,21.050558913351058,45.08238764346489,0.8072248080851657,0.684237532190022,0.41336164804972053,0.04657100976812787,0.23546720077627065,45.73450191199296,83465.46598938714,34501.42257661097,48964.04341277618,4896404.341277618,2300659.8073394634,453423.15683019935,2595744.5339381546,4442981.184447419,1579.399255731977,112.53705096709426,0.7716865097825027,0,1,0,0,0
1708240478.2996368,517720633.14322156,3949699881.3974314,2186046321726.9297,500000000,2182096621845.5322,-3449699881.3974314,16.781751551823127,35.179344004923344,37.28683574492471,0.8936702748463696,0.7776676109995164,0.5089971944193489,0.05783246289057736,0.3859514691075502,81.14641634034953,148092.2098211379,75378.51931432073,72713.69050681716,7271369.050681716,4471720.254851292,1220288.654789596,2799648.795830424,6051080.39589212,1410.784055228571,82.62987223561491,0.6462579301385514,0,1,0,1,0
1436999715.5931475,598884101.713783,4029854462.3746653,1682859878460.025,500000000,1678830023997.6501,-3529854462.3746653,21.32636231251739,23.35271053548953,35.273039726820514,0.8975144809352059,0.8709798298201272,0.5584768371012516,0.08009011649070075,0.3207623523471109,57.4831359489566,104906.7231068458,58587.97491136804,46318.74819547777,4631874.819547777,2001093.8510072597,109523.3706387829,2630780.9685405176,4522351.448908994,1531.8091891968922,110.56195115499565,0.5634291568217631,0,1,0,0,0
953940177.408811,388212611.6324676,2634697622.716242,2151658603501.6995,500000000,2149023905878.9832,-2134697622.7162418,24.813466835509125,22.90459739885925,40.237123265355436,0.8785611238692156,0.7226653942817022,0.42542588966335676,0.1409825098185257,0.07348391327564913,61.55775990183109,112342.91182084175,47793.58320875364,64549.32861208811,6454932.861208811,2422400.450057988,568456.3103790837,4032532.4111508233,5886476.550829727,653.3605571106468,84.94045558195974,0.729894668799081,0,1,0,1,0
1981946809.7403703,502513654.88796175,4157567955.2512274,581575557849.5148,500000000,577417989894.2635,-3657567955.2512274,20.31171384977794,28.406039588461418,48.60327066907559,0.9709162304641373,0.8955414883853615,0.5476336174159846,0.07145111214217643,0.09445407989858619,20.063544736743296,36615.96914455652,20052.135637825562,16563.833506730956,1656383.3506730956,718046.911927569,64572.70367375417,938336.4387455266,1591810.6469993414,4430.785999112994,314.1077118327673,0.5238348882677919,0,1,0,0,0
1355895531.963728,417640118.5842329,3164058682.093653,2581327233838.9946,500000000,2578163175156.901,-2664058682.093653,19.16249537867686,24.713028800481638,48.08146645276724,0.8890762857041591,0.5814868170853549,0.35016122759292856,0.1330297947939555,0.13488332172156411,132.37980741136062,241593.14852573312,84596.55346581143,156996.59505992167,15699659.505992167,4690630.183608535,247118.07191455722,11009029.322383631,15452541.43407761,287.4057820575033,32.35713698831094,0.8189714987370844,0,1,0,1,0
2199671057.532179,481297483.80473953,4283437285.298113,1266952258029.9426,500000000,1262668820744.6445,-3783437285.298113,17.990253678049022,28.24846861877282,37.859567095218424,0.8373248093968664,0.39934488888098846,0.2519746983763123,0.050681249606139706,0.3354895867741048,51.78010215064318,94498.6864249238,23811.278008877893,70687.4084160459,7068740.84160459,2937079.955516701,216082.94927884612,4131660.8860878893,6852657.892325744,1036.7349604420065,72.964389563347,0.9157443518845166,0,1,0,0,0
1896751404.5343096,517676857.0374289,4138021280.0033436,1885033870244.6511,500000000,1880895848964.6477,-3638021280.0033436,20.156425288161827,28.81570035079891,29.07583707018646,0.9184568561982184,0.7353255553121071,0.45142998516045146,0.048778748212910575,0.16412145259450805,74.22966571807746,135469.13993549134,61154.83183077798,74314.30810471336,7431430.810471336,1694452.273022233,212054.98526153792,5736978.537449103,7219375.825209798,721.2893081247744,69.25806497758687,0.6951200793448593,0,1,0,0,0
2370043144.5516806,584851203.8359921,4902142787.349958,3072116861024.7734,500000000,3067214718237.4233,-4402142787.349958,17.249928636020165,28.287593942101022,55.76277268546593,0.9417329282337819,0.7111008525966169,0.44044693661355,0.11544925211971649,0.1670513600536941,72.44059966864748,132204.09439528163,58228.88838417039,73975.20601111124,7397520.601111123,3632992.1787124597,453539.33603286196,3764528.4223986636,6943981.2650782615,1302.1930604063377,72.00480256398917,0.7050471824578461,0,1,0,0,0
1457852385.799133,633750147.0673476,4201658862.5360656,3211691079122.917,500000000,3207489420260.381,-3701658862.5360656,24.231593025792094,21.410433016997487,49.771249545141444,0.9401499260551155,0.887088814845351,0.5314173221402575,0.032189143341668114,0.06136106256681732,107.81163902666118,196756.24122365666,104559.67482545816,92196.5663981985,9219656.63981985,1753799.859399667,59931.95604643565,7465856.780420182,9159724.683773413,562.7832124445862,54.58679351856037,0.5567998219677581,0,1,0,0,0
1539232949.4536176,561070523.623383,3968374692.0596724,670067899001.8169,500000000,666099524309.7572,-3468374692.0596724,17.731384429998588,28.964087598576384,35.88947228121366,0.9325988122033383,0.8775737561280319,0.547283256496986,0.08961053905749741,0.19836714743216735,18.892412043072177,34478.65197860672,18869.588934478135,15609.063044128587,1560906.3044128586,601293.1072403444,74794.7838622254,959613.1971725142,1486111.520550633,4135.3898672427895,336.4485054356757,0.5520901153215507,0,1,0,1,0
1315058727.1522412,495538388.8084457,3460480620.900391,3178396875018.9077,500000000,3174936394398.0073,-2960480620.900391,21.00737632979785,27.910133086838293,43.69267051280558,0.935105322204665,0.4729636241787323,0.333063828878019,0.09572514078547001,0.5546906625223954,106.88963187611586,195073.57817391143,64971.9528595385,130101.62531437294,13010162.531437295,8198515.991383249,1086749.1921857435,4811646.540054046,11923413.339251552,719.1884507920488,41.93430067160497,0.8526955932253961,0,1,0,1,0
1337015190.9602923,618408979.1099136,4014402438.9252844,786481692322.9749,500000000,782467289884.0496,-3514402438.9252844,28.212865757472212,29.474536731414382,44.27412104955874,0.9602298966458662,0.721544537640114,0.4891793293890959,0.07652336243527728,0.4224203221461865,35.142989020433966,64135.95496229199,31373.98343818325,32761.971524108736,3276197.1524108737,1757531.095276109,269021.2565992848,1518666.0571347647,3007175.895811589,2643.3740453112996,166.2689570957265,0.6610727684802873,0,1,0,0,0
1869860829.8259122,524946009.5674983,4142602331.5891385,2306180394662.278,500000000,2302037792330.6885,-3642602331.5891385,18.9582706128067,30.005581476287777,32.618299849134466,0.9782405220711082,0.6988938400421261,0.44691329903631605,0.09581111713388722,0.22837023120196878,123.27457005110523,224976.09034326707,100544.80673960177,124431.2836036653,12443128.36036653,5670540.805175536,390167.918441534,6772587.555190994,12052960.441924997,611.672023112341,41.48358425377394,0.6944515113539704,0,1,0,0,0
1821484427.1955075,549202577.6332178,4199244174.5088353,782158628464.1086,500000000,777959384289.5999,-3699244174.5088353,23.411569737491163,21.53148529564194,34.67072320389511,0.987656136382874,0.7211318356944347,0.45555060304386796,0.041794799066298155,0.18038107489007962,24.387362956816585,44506.93739619027,20275.162170470154,24231.775225720114,2423177.522572011,388137.1864683086,27938.20727418401,2035040.3361037027,2395239.315297827,2063.469750456508,208.74740858110428,0.6755430652260119,0,1,0,0,0
1934469130.6001887,615189759.0301499,4597918840.332219,1086193112082.8776,500000000,1081595193242.5453,-4097918840.332219,14.778031793941434,20.059814733339476,40.84498069572085,0.8866892471397444,0.7934151253901486,0.47498063369309923,0.056811187704189664,0.11868590209842778,50.753730943880406,92625.55897258176,43995.34669697442,48630.21227560734,4863021.227560733,1387761.2653671554,173343.38398891804,3475259.962193578,4689677.843571816,1323.0431364420924,106.61713164057838,0.6658451108463845,0,1,0,0,0
1235910980.0298998,549814119.9707347,3616318385.62661,1214184911441.3486,500000000,1210568593055.722,-3116318385.62661,21.92046430570238,29.144057776643766,41.23501125487682,0.9370606717996265,0.6003501199406877,0.36786330758177715,0.0638842493248685,0.13782621561406402,59.03155630633636,107732.59025906386,39630.86698705158,68101.72327201228,6810172.327201229,1589415.2372617403,113220.50961023533,5220757.089939488,6696951.817590993,692.6808360027578,74.66083281152505,0.7930531671920629,0,1,0,1,0
1626228964.9942598,449546290.6951361,3572529142.927471,817507035626.1237,500000000,813934506483.1962,-3072529142.927471,14.66538601281645,26.93391066956257,39.412412518257995,0.9440482328177752,0.5614326398613282,0.3709327419687609,0.13473778860690933,0.3626514383584871,32.165989835990835,58702.931450683274,21774.83932460616,36928.092126077114,3692809.2126077116,1931255.0653044276,43861.86750103032,1761554.147303284,3648947.3451066813,2028.0552535932889,137.02581942447347,0.8033984167183068,0,1,0,1,0
1841034776.180683,509562978.2191841,4047175802.5978003,1177986902069.2322,500000000,1173939726266.6343,-3547175802.5978003,17.950440588588354,22.477149135020937,30.19987643051974,0.7574899599046213,0.7953717276383988,0.4887029191695932,0.13272785702132445,0.3414276617764345,36.9226779411678,67383.88724263123,32930.70240046859,34453.18484216264,3445318.484216264,1758047.2465745106,177679.67781965595,1687271.2376417534,3267638.8063966082,2398.6515696518436,153.0156879705366,0.7055632851101444,0,1,0,0,0
1319055921.7638838,513010066.0173213,3540121034.3846526,1022495188173.1459,500000000,1018955067138.7612,-3040121034.3846526,22.706712936451304,20.02723941755708,37.54988893328172,0.9582697394933982,0.6668219501706845,0.46286742648828316,0.042104844392782115,0.49214658606666195,54.88955444981374,100173.43687091007,46367.02092692464,53806.41594398543,5380641.594398542,2811078.9777125916,88465.98092521634,2569562.6166859507,5292175.613473326,1377.7134720890604,94.47910207799082,0.70422989158086,0,1,0,1,0
1795409612.8126855,578831989.9080534,4301449209.334416,1261591618116.9963,500000000,1257290168907.6619,-3801449209.3344164,20.158874787958695,22.874608908248092,32.02905943922933,0.8436625296744893,0.8165954713140702,0.48646199722515354,0.07120270094459909,0.15100603003810498,52.48182439602093,95779.3295227382,46593.00393251734,49186.32559022086,4918632.559022086,2394995.179307731,212876.73350747695,2523637.379714355,4705755.825514609,1704.4640580737032,106.25285682886475,0.6648612492791066,0,1,0,0,0
2517838938.954935,499847426.6678798,4681916711.588369,1816790703227.207,500000000,1812108786515.6187,-4181916711.5883694,16.50950053268262,27.105397555024396,35.72476316928926,0.7636915093537368,0.706617524678904,0.4524654097345941,0.13285572553329286,0.4559526374091189,59.62248794694638,108811.04050317714,49233.232024917554,59577.80847825958,5957780.847825958,1509857.8199276496,402422.51615861023,4447923.027898309,5555358.331667348,1052.607404000115,90.0031951404174,0.7558325599239423,0,1,0,0,0
1740491474.3167686,461944414.63512594,3740469040.6077566,1449951520949.8987,500000000,1446211051909.291,-3240469040.6077566,21.729243028350474,27.096452485886246,51.13588843644814,0.8736319750229375,0.5713323466596231,0.35360950912218836,0.028334847362451773,0.2380189495815369,61.79673745737411,112779.04585970775,39879.743045720024,72899.30281398773,7289930.281398773,2458254.5641021677,206318.37561153504,4831675.717296606,7083611.905787238,774.1556469151047,70.58545931793711,0.823501398286421,0,1,0,1,0
2132075608.4408555,526064478.68320465,4409659496.147353,722745272492.8732,500000000,718335612996.7258,-3909659496.147353,21.98341081383208,32.91849662013803,48.37730393778139,0.6750836714662249,0.8754361533296044,0.5085330920910426,0.06974916434306877,0.26324147421270355,32.933013186076586,60102.74906458977,30564.236824987853,29538.512239601918,2953851.223960192,1839526.0700875334,319838.5879931156,1114325.1538726585,2634012.6359670763,3957.246662540362,189.82445003208016,0.6994606790088738,0,1,0,0,0
1189163895.6054246,655086318.5644464,4025344829.0796237,1167823326338.4512,500000000,1163797981509.3716,-3525344829.0796237,23.912025476053653,28.110567149845664,42.747903736985485,0.8698055818700665,0.7734449659003225,0.5017743914341353,0.06694799771612335,0.38428329769740577,37.00652026365112,67536.89948116329,33888.286636509074,33648.61284465421,3364861.2844654215,1132526.5108781348,135885.4239433428,2232334.7735872865,3228975.860522079,1803.1994469230217,154.84785938262084,0.6624329096272232,0,1,0,0,0
1513282295.3376536,433344472.06408435,3389437077.485935,1908813860018.619,500000000,1905424422941.133,-2889437077.485935,17.805406940158708,23.450632806611917,41.897835079821974,0.9353934391807232,0.755716085891454,0.5243254532154884,0.04775342656157808,0.5127899388888163,87.37810231775435,159465.03672990168,83611.5776554302,75853.45907447148,7585345.907447148,1096275.848632488,279823.5078583848,6489070.05881466,7305522.399588764,522.330171621706,68.44137525718155,0.6293586006082232,0,1,0,1,0
1440567760.7036836,435621501.80504906,3326580889.9938045,1653442581890.7603,500000000,1650116001000.7664,-2826580889.9938045,16.700901151625146,24.820607527050925,38.37234360964806,0.873839470989122,0.6947668085792992,0.4179047407231478,0.06861597131184943,0.14816044094433642,73.58301314570738,134288.99899091598,56120.0093052698,78168.98968564617,7816898.968564617,4468372.753202612,245334.74249457277,3348526.215362006,7571564.226070045,993.4462733881184,66.03655269520453,0.7462839052271732,0,1,0,1,0
1751278980.820056,567246250.5173473,4207158388.937716,2809499856834.1177,500000000,2805292698445.18,-3707158388.937716,27.435406062648006,29.034420768769145,47.77927208149269,0.8830012709806029,0.5748777057397451,0.35761351983129885,0.058826270678689424,0.2436418751954162,84.21344338900572,153689.53418493544,54961.4552811075,98728.07890382795,9872807.890382795,2603579.8511294955,226059.1474786934,7269228.039253299,9646748.7429041,578.7627470509068,51.83093426868685,0.8184690315437306,0,1,0,0,0
1920582173.307395,611508654.9034916,4568094628.600895,1179438911054.8442,500000000,1174870816426.2434,-4068094628.600895,19.572155854704267,23.598578181393403,26.80039615388683,0.9469381890316231,0.8226163520620737,0.5607968094749247,0.06259826735861784,0.45148200815266004,38.85114673090597,70903.34278390338,39762.36841431994,31140.97436958344,3114097.436958344,1113469.9783735333,43308.03581728869,2000627.4585848108,3070789.4011410554,2283.3309664920025,162.82458178806013,0.5631578821761825,0,1,0,0,0
1930228121.133333,578097328.8991884,4433087019.956361,2138086844647.8645,500000000,2133653757627.9082,-3933087019.956361,19.961372213643962,25.103745639121474,43.780445483479085,0.827803700961297,0.3770989015911401,0.234932693281991,0.07614052247376331,0.30732716208806216,64.3344585338508,117410.38682427772,27583.53839590796,89826.84842836976,8982684.842836976,4428964.483157662,755526.7995529885,4553720.359679314,8227158.043283988,973.5088388845536,60.77432782613932,0.9266625021294135,0,1,0,0,0
1444984972.2252984,520958036.47997266,3700460637.5429792,1769949358208.308,500000000,1766248897570.7651,-3200460637.5429792,16.119671498586293,26.65111013851188,39.13078345507226,0.8816368759878912,0.8399120428824022,0.5175784680761701,0.0324884098746687,0.21583951079914565,70.32021290653111,128334.38855441927,66423.11622948831,61911.272324930964,6191127.232493096,3566268.3799911533,363883.39640939055,2624858.852501943,5827243.836083706,1409.7750947696875,85.80385754649203,0.6167344747777164,0,1,0,1,0
2135989191.286771,559188822.8601664,4556984154.337371,1331857220049.2568,500000000,1327300235894.9194,-4056984154.337371,17.726049367305805,26.669108320396127,29.079615610873212,0.700239809557999,0.7457968195779651,0.44786558048120084,0.03885993848215802,0.3356626782192948,63.438227718821146,115774.76558684859,51851.5325946289,63923.23299221969,6392323.299221969,1500091.668812437,50247.56004269134,4892231.630409532,6342075.739179278,931.4735071029133,78.83854128564926,0.7661081917317654,0,1,0,0,0
1922398588.0604281,498301601.9760213,4079783748.7535763,566182576015.8926,500000000,562102792267.139,-3579783748.7535763,15.08731729974884,24.082325156462463,43.13277392676558,0.8771983179068016,0.7625164659970964,0.5053221720839753,0.03537979671085845,0.43892759307027207,18.07220859717637,32981.78068984688,16666.425057390737,16315.35563245614,1631535.563245614,976687.0348643239,126211.28106583729,654848.5283812901,1505324.2821797768,6230.118221137841,332.1543443622511,0.6620010346476422,0,1,0,0,0
1391764876.9550028,509405375.7893608,3597223567.328965,1527870153311.8677,500000000,1524272929744.5388,-3097223567.328965,23.456883588821277,26.187833162470465,36.485328645284426,0.9675986445573969,0.6238364389737353,0.3879308594991766,0.03783332225839478,0.15184514561174503,47.09419175221042,85946.89994778403,33341.454768033596,52605.44517975043,5260544.517975043,1414352.244743854,75451.84204725322,3846192.2732311888,5185092.675927789,935.2687831976052,96.43029184826152,0.7658358972194894,0,1,0,1,0
1799213285.8147826,474169433.39297134,3852118785.6158857,911317621109.129,500000000,907465502323.5132,-3352118785.6158857,18.047442021947155,20.820305009367736,58.156153225496496,0.9759861751148041,0.7298418988173525,0.4649782328328499,0.05219643994185777,0.21920992205418197,37.69803347742648,68798.91109630332,31989.996102383462,36808.914993919854,3680891.4993919856,383700.79108356,59272.90895517161,3297190.7083084257,3621618.590436814,1168.3033001121605,138.05981704431596,0.6687887495744476,0,1,0,1,0
1161040574.6951897,645427719.320768,3955404828.072911,1293787767359.2078,500000000,1289832362531.1348,-3455404828.072911,24.557676035472856,23.371391950380286,34.72961808522123,0.9199236324798963,0.7779188513806241,0.51508847854349,0.08455609710350541,0.3934324128534276,50.779928766635045,92673.36999910897,47734.98515433895,44938.384844770015,4493838.484477001,1345199.0317433234,106559.65322262443,3148639.452733678,4387278.831254377,1256.2266615311548,113.96585884582217,0.6313893256581641,0,1,0,1,0
1844880686.632155,504188108.5445545,4027751340.185283,942083639949.5042,500000000,938055888609.3188,-3527751340.185283,26.919023724037952,26.33137516051559,33.761840779739344,0.9862340806851818,0.8612813759498702,0.5534952751577336,0.14379369413795307,0.23545949609299338,29.69560705199888,54194.482869897955,29996.390208105247,24198.092661792707,2419809.2661792706,1418382.1232229206,69294.03759244508,1001427.14295635,2350515.2285868255,4022.0113550096216,212.71931954280913,0.5298472504266316,0,1,0,0,0
1805031582.175971,561546674.3409677,4236234808.205512,1785302768063.868,500000000,1781066533255.6624,-3736234808.205512,14.187670038873621,23.774771558896564,28.083958256431472,0.939538052941935,0.6602796902807962,0.4146385836054326,0.10959372737305526,0.2126762086182185,51.998996947124546,94898.1694285023,39348.44255858256,55549.72686991974,5554972.686991974,687636.0905389312,36186.850423759606,4867336.596453043,5518785.836568214,870.3393990242156,90.59963818253883,0.742775681253147,0,1,0,0,0
1565210038.59819,572910551.5296351,4045612905.803981,1762786257302.717,500000000,1758740644396.913,-3545612905.803981,13.715883436557062,24.191682156311423,38.792908945170325,0.9383674292505665,0.659407892202298,0.4210878307528862,0.06657464862307219,0.26575054492599937,87.03720534263384,158842.89975030674,66886.81208635482,91956.08766395191,9195608.76639519,4376326.697551812,791702.1093209878,4819282.068843379,8403906.657074204,839.4638139068135,59.49613916512414,0.7394447931236467,0,1,0,0,0
1062435423.7141436,519919506.3124344,3313414796.899721,2905772167151.2075,500000000,2902458752354.3076,-2813414796.899721,17.17542210053439,23.85685620055122,43.71149574086326,0.8664317749644382,0.6155672493609997,0.41597730525179083,0.04642973457458939,0.5054843122146007,88.30557950042389,161157.6825882736,67037.9385236935,94119.7440645801,9411974.406458009,4642850.576194911,138511.50297613055,4769123.830263098,9273462.903481878,694.7638423380863,53.91729122162839,0.7781397419953161,0,1,0,1,0
2021484077.737416,573179773.4760644,4503052535.079494,1133557078214.9917,500000000,1129054025679.912,-4003052535.0794945,26.893924064812406,29.215542131543874,35.67286507088733,0.7416190104916315,0.805148468339712,0.5147177299878413,0.08552489728359165,0.47427717049172086,52.26601516040059,95385.47766773109,49096.596538940474,46288.881128790614,4628888.112879061,2325574.702918532,378024.18942471023,2303313.4099605293,4250863.923454351,1955.0324830335012,117.6231488477496,0.6926551408593015,0,1,0,0,0
1507539497.727303,504756050.2520739,3692869041.653414,1427076323151.264,500000000,1423383454109.6106,-3192869041.653414,25.198961669845133,26.565988578266936,38.272777806706046,0.9348447016397674,0.6883076915592402,0.4370450895030144,0.051740093924945246,0.2519179672930866,48.46797382943382,88454.05223871671,38658.409177574256,49795.64306114246,4979564.306114246,1469186.0012952778,104853.17198079904,3510378.3048189683,4874711.134133447,1051.9860599024119,102.57018031261919,0.7187786177051361,0,1,0,1,0
1160265342.46856,368737275.28393525,2756704773.402332,2254972116220.854,500000000,2252215411447.4517,-2256704773.402332,17.934991927745674,31.509601057449196,53.316270930250134,0.7738019023237378,0.7772421658835191,0.44460816090623184,0.06925587834809913,0.10065043355691435,61.36066840812111,111983.21984482101,49788.65342756412,62194.566417256894,6219456.641725689,2557958.9994204496,91946.0044346475,3661497.6423052396,6127510.637291042,752.889949061046,81.59920554965349,0.7325986617563418,0,1,0,1,0
1369882691.2637799,453383248.36979574,3332794887.935629,857842993932.0892,500000000,854510199044.1536,-2832794887.935629,23.933667497959718,29.436057290715716,39.645143394648414,0.8588396429738397,0.7508592737998656,0.48243859463004085,0.04379403694166402,0.36703353597470895,29.64064949986463,54094.185337252944,26097.12275176127,27997.062585491673,2799706.2585491673,1438243.7162449704,71960.86838444191,1361462.5423041969,2727745.3901647255,2447.951951946519,183.301565389065,0.6888909279595024,0,1,0,1,0
1563786875.3429918,645695183.9577138,4359309110.626589,1200930440633.415,500000000,1196571131522.7883,-3859309110.626589,15.276469513403153,20.080050040664165,28.954690468824204,0.8550520347846567,0.6572477728860635,0.42853988511785973,0.10272474438146628,0.41415489121475946,58.60178390630979,106948.25562901536,45831.59318081374,61116.66244820162,6111666.244820162,816500.9652196789,31410.54975741784,5295165.279600482,6080255.6950627435,823.2621420564037,82.2333837713449,0.7591687072956261,0,1,0,0,0
1436692985.579767,317532537.52961904,2811442698.9804573,1648491982397.678,500000000,1645680539698.6975,-2311442698.9804573,25.52601208209119,21.582999615041327,50.60037358589297,0.9502943668670161,0.6879475868374306,0.433839352304544,0.07399410998358281,0.2144401618328858,66.86196050027523,122023.07791300229,52938.41308798382,69084.66482501847,6908466.482501847,1578485.8696073464,230973.05362463024,5329980.612894501,6677493.428877217,527.4770966669004,74.87839641110246,0.7163763449187257,0,1,0,1,0
1160028397.0392904,596930729.5512735,3744426064.6141634,750249618649.6852,500000000,746505192585.071,-3244426064.6141634,13.682766036814172,25.069831042455228,48.05735109468737,0.9277820833698966,0.8001115696801891,0.5058243651558773,0.07833276428406555,0.24589497886981637,21.010600937332562,38344.34671063193,19395.504832222246,18948.841878409683,1894884.1878409684,890243.2994385787,106057.81040930937,1004640.8884023897,1788826.377431659,3727.1288754419134,279.5128729697537,0.6245118142722501,0,1,0,1,0
1859811476.0067463,444007885.55457556,3782133258.0913997,1037616061570.839,500000000,1033833928312.7476,-3282133258.0913997,18.148023126527846,23.184229571015496,31.851361683267914,0.8506739450313592,0.8846081448113565,0.5569844880745121,0.03882568041260561,0.3150214006930466,33.742491425281756,61580.0468511392,34299.130870986235,27280.915980152968,2728091.5980152967,417859.2592865451,29628.61144849023,2310232.3387287515,2698462.9865668067,1637.1224636966986,185.2906645334938,0.5808618760302149,0,1,0,1,0
1724339343.5530312,628015635.6210284,4443318386.765659,3236451943434.6636,500000000,3232008625047.898,-3943318386.7656593,15.344191406035815,21.615433174824553,42.20190593548598,0.9427586602950053,0.8736071461121406,0.5644390643362962,0.046822904487648545,0.2969087277944567,94.308370080114,172112.77539620805,97147.17390495878,74965.60149124927,7496560.149124927,2175408.3126398004,90246.02069421501,5321151.836485127,7406314.128430712,835.0294303386543,67.50996397528478,0.5351275899853459,0,1,0,0,0
1192869080.933298,659295147.4957745,4047272041.076358,1000332638066.1526,500000000,996285366025.0762,-3547272041.076358,16.53348637074171,26.194585719473153,33.64203123783645,0.8984369624955251,0.6892628772547813,0.4464913500595062,0.11220946203344591,0.3503938728114674,29.527011387959405,53886.79578302592,24059.988199544146,29826.807583481772,2982680.758348177,1177011.812450365,45366.03374082675,1805668.9458978123,2937314.7246073503,2241.425290206771,170.22350237489044,0.7235061033051622,0,1,0,0,0
2336169707.955001,510521130.9097755,4546459034.0929365,1332652982479.274,500000000,1328106523445.181,-4046459034.0929365,15.753732933042738,25.1496874734822,49.59018803604272,0.9367094831339485,0.8155626917763593,0.5196148667865208,0.06767914592418062,0.2604539834899453,53.30535979807548,97282.28163148774,50549.319810634304,46732.96182085344,4673296.182085344,1279521.1375074827,150635.19496163802,3393775.044577861,4522660.987123705,1339.6465512222696,110.55438411668061,0.603042660823065,0,1,0,0,0
2010600731.2881005,668599150.9322271,4905285157.252751,1459643821018.0945,500000000,1454738535860.8418,-4405285157.252751,23.036051463525652,26.846069297413038,33.99342536874545,0.8887014343915847,0.6392009994836774,0.39817216815457285,0.06812939066008843,0.24177145507865488,50.859690000986824,92818.93425180095,36957.91629683633,55861.01795496462,5586101.795496462,1762377.638191768,12757.057772950706,3823724.157304694,5573344.737723512,1282.8553931856945,89.71273508629757,0.7738147780048893,0,1,0,0,0
1613970253.2147102,444502852.7742218,3538434984.3295493,2745427120881.9097,500000000,2741888685897.58,-3038434984.3295493,18.046473969959898,25.01218482170289,47.54636360494673,0.9536484321642249,0.843427806044371,0.5391622658553058,0.05819540928398455,0.25301240494548416,87.2657729461406,159260.0356267066,85867.00166869187,73393.03395801474,7339303.395801474,3457051.038463705,343495.6423343007,3882252.357337769,6995807.753467173,911.4386852368375,71.47137508920201,0.566333671090451,0,1,0,1,0
1362080976.3291643,669257714.471394,4259616637.772766,1089087489044.6271,500000000,1084827872406.8542,-3759616637.772766,19.891013778768937,31.27643799648512,32.75497638867003,0.9809840625765617,0.6777665943572773,0.43063764782336555,0.10703427829645015,0.20555072826246393,39.534042364369505,72149.62731497435,31070.345798253,41079.28151672135,4107928.1516721346,1232151.7426179084,112747.07416424272,2875776.4090542262,3995181.0775078917,1481.2057795458625,125.15077296869089,0.7136784041447641,0,1,0,0,0
1798358953.9699857,635038387.4417477,4547742837.354047,952608420020.2753,500000000,948060677182.9213,-4047742837.354047,17.267050834594713,23.039284359728907,27.64906392818593,0.7816699523447309,0.528748066394385,0.3087260580374506,0.0825539683301549,0.15726494873929248,37.46737081944233,68377.95174548225,21110.05549905775,47267.8962464245,4726789.624642449,855749.4216551514,54184.37573697709,3871040.202987298,4672605.248905472,1174.8115748951755,107.00668542824621,0.8724015209461236,0,1,0,0,0
2150684215.6217422,571193757.8790593,4623654264.769077,722786754086.0679,500000000,718163099821.2988,-4123654264.7690773,22.019145198375913,19.56564222607707,44.55285551441281,0.8325429339226955,0.550243527188701,0.33204913920807233,0.07022695564141722,0.20410087777521024,31.678300240743482,57812.89793935685,19196.72299588758,38616.174943469276,3861617.4943469274,1959477.467924237,265491.6481024152,1902140.0264226904,3596125.846244512,2430.7644024844344,139.03851571884155,0.8478878375767073,0,1,0,0,0
1654465980.0014386,665552474.7226286,4535959892.393666,1019896092957.3809,500000000,1015360133064.9872,-4035959892.3936663,18.087685716644728,25.50286767450303,35.61366003157741,0.8666009231649069,0.7386528487650575,0.43437519438201005,0.11285779598809993,0.08357296402743676,38.705391813908065,70637.34006038222,30683.108319356674,39954.23174102555,3995423.174102555,1215532.9664634867,142274.7390796791,2779890.2076390684,3853148.435022876,1631.7046910446184,129.76401206226345,0.7219489491705116,0,1,0,0,0
1910271865.5037696,507819196.497717,4108863229.6391234,1172018520097.5435,500000000,1167909656867.9043,-3608863229.6391234,12.801755205195569,21.293617168682985,33.359822805277645,0.9314231068807381,0.7598312410581606,0.4646956906968243,0.04794676910515841,0.13785594607411333,34.566723070794296,63084.26960419959,29314.98823582821,33769.281368371376,3376928.1368371374,959883.0489190981,44223.110171877925,2417045.0879180394,3332705.0266652596,1699.9530750079464,150.0282791304532,0.671123532619554,0,1,0,0,0
1604677546.5699003,625086326.2718215,4310974213.294076,577105905134.712,500000000,572794930921.418,-3810974213.294076,19.503654571479817,31.335151301401613,32.069044055004056,0.8626171750280892,0.7387786265198281,0.46965570809920454,0.05887459173027301,0.3313606849316262,22.253932565369094,40613.426931798596,19074.327783989174,21539.099147809422,2153909.9147809423,831736.901617765,61341.3243093696,1322173.0131631773,2092568.5904715727,3260.522012153664,238.94079375783903,0.7006963394843424,0,1,0,0,0
2080298520.8977144,608092895.3930026,4713022525.078066,1785094950781.22,500000000,1780381928256.1418,-4213022525.078066,26.989549484432988,25.152853801466744,50.73351457921043,0.9603729713304134,0.8425613215156789,0.5420841305673091,0.08025157317851364,0.2657950156272039,83.68473779630523,152724.64647825703,82789.6072023656,69935.03927589142,6993503.927589143,1749428.3053987399,122945.29811287,5244075.622190403,6870558.6294762725,898.7327538021809,72.77428619193864,0.5613600928356999,0,1,0,0,0
1260305319.1642773,589043986.4954892,3810557516.671873,705192330793.4249,500000000,701381773276.753,-3310557516.671873,18.55257370417439,21.56815010321939,33.876984618750235,0.9167469144869862,0.4873365171782507,0.3215204616769533,0.04017597636785836,0.3860097003205519,24.662450654879695,45008.97244515544,14471.305600171649,30537.666844983796,3053766.6844983795,1945268.8692014127,109407.59064048516,1108497.8152969668,2944359.093857894,3437.586853205501,169.8162432167426,0.8563561525808155,0,1,0,1,0
2191225162.1356864,499747524.42370635,4354870410.333628,1445905178658.4438,500000000,1441550308248.11,-3854870410.3336277,18.32330063939299,19.900847175694416,47.64180637332597,0.893561450377873,0.7964760313487965,0.491660258673914,0.07484597062752747,0.2083402786077659,56.979889617405995,103988.29855176594,51126.91376502144,52861.3847867445,5286138.47867445,2404883.6304919794,313227.66968438274,2881254.8481824705,4972910.808990067,1511.4492260484112,100.54473510687063,0.6500852573366276,0,1,0,0,0
2071308535.6986606,586425503.5289805,4610224072.290313,1066740163698.9944,500000000,1062129939626.7041,-4110224072.290313,19.86189134720582,24.458927841166684,34.72193161676027,0.992308899590209,0.8162563542251166,0.5674769518084749,0.06470526070257264,0.46391735052149136,29.950191511194042,54659.099507929124,31017.77917735573,23641.320330573395,2364132.0330573395,818033.4014886305,50971.17164022395,1546098.631568709,2313160.8614171157,2981.8434465676155,216.15444405093564,0.5403559012024894,0,1,0,0,0
1796779444.5166225,504848805.86233515,3982510571.6934304,1314487225518.2524,500000000,1310504714946.559,-3482510571.6934304,16.47662736240238,31.64214925840922,29.488418592225322,0.938292653061359,0.6738741911371138,0.4277486568047186,0.07065101623860973,0.2473472783499572,59.21535374856833,108068.0205911372,46225.95065140361,61842.06993973359,6184206.993973359,2041797.595711606,377119.94962215994,4142409.3982617534,5807087.0443512,961.3995597259363,86.10168853700432,0.7295382873648845,0,1,0,1,0
1980171939.135531,592754201.7624589,4546487427.08449,2275191179531.056,500000000,2270644692103.9717,-4046487427.08449,23.632668532356465,27.665584352369198,32.00726960671892,0.9075700439156966,0.8816253032541796,0.543501750145701,0.08378641073072274,0.18904744892694375,88.10238902695512,160786.8599741931,87387.93979640571,73398.92017778738,7339892.017778738,2013981.316532117,259457.01004453405,5325910.701246621,7080435.007734205,853.6544606390614,70.61713008506295,0.5651242949375412,0,1,0,0,0
1913247568.4408422,458551759.59768045,3898536713.895711,3352604230073.0054,500000000,3348705693359.11,-3398536713.895711,17.371887883437974,28.911308294568407,38.55427065969671,0.8445961049509081,0.6735395049480376,0.4401182084499115,0.10593635460540288,0.4311617265223893,124.26014361417232,226774.7620958645,99807.70201528679,126967.06008057772,12696706.008057771,4933892.180724827,277207.7234155906,7762813.827332945,12419498.28464218,502.20664833786486,40.259275257382555,0.7496304642356786,0,1,0,1,0
1288857241.0468173,646399432.109941,4087428502.275817,1131650139961.3828,500000000,1127562711459.107,-3587428502.275817,21.78726208976006,20.600910193932137,28.39883691610652,0.9277377806933463,0.712625420451687,0.4602611395574643,0.0805534180461619,0.3113092581240361,41.9250569453993,76513.22892535372,35216.06593640444,41297.162988949276,4129716.298894928,1035241.1768071674,74004.03429710997,3094475.1220877604,4055712.264597818,1320.8794192916753,123.28290750911596,0.6957077709518096,0,1,0,0,0
1555351117.6044245,289056362.4452952,2806813895.3087363,1335828609398.0842,500000000,1333021795502.7754,-2306813895.3087363,16.144743030244914,26.88948453884981,49.427335188675215,0.9531686631857442,0.7892456734479103,0.4844534400346858,0.0673010988901683,0.125903547147318,42.60131726506972,77747.40400875223,37664.997325806544,40082.406682945686,4008240.6682945685,2266169.088475915,135137.52720527467,1742071.5798186534,3873103.141089294,1611.193206883566,129.09545183435964,0.6355533103595694,0,1,0,1,0
1902713428.609314,618562500.871213,4580765345.458286,670463172990.0463,500000000,665882407644.588,-4080765345.4582863,27.559085243164677,35.19085046062933,44.74468596813779,0.8181127663808159,0.5858741532809978,0.3660052836809886,0.059458045842040175,0.3259825208920577,29.71182706416178,54224.08439209525,19846.301390270688,34377.78300182456,3437778.3001824557,1107145.311372438,52101.76145979145,2330632.9888100177,3385676.538722664,1965.4597559769154,147.68097137496727,0.8245695959821498,0,1,0,0,0
1583548488.9015117,353802078.7100366,3115326334.697304,2472571338065.969,500000000,2469456011731.272,-2615326334.697304,18.013961050525026,20.138684237992262,47.313068360780214,0.823754233333633,0.8470071955406601,0.5078877746659975,0.0479203029536233,0.19387316992109394,63.188731580620654,115319.43513463269,58569.33128626845,56750.10384836424,5675010.384836424,1683313.1512120983,98295.59441637273,3991697.233624326,5576714.790420052,780.4515604177457,89.65852097348137,0.6456336149075349,0,1,0,1,0
1244417727.1366205,591313847.6879885,3804497235.722712,1804014657279.649,500000000,1800210160043.9263,-3304497235.722712,18.318064775262744,22.875099890626252,35.9997739462564,0.9121457642805674,0.8526811083313445,0.534701046737566,0.08623185862725799,0.2373582483647558,70.67538309482487,128982.57414805537,68967.11740787093,60015.45674018444,6001545.674018444,2742439.1323464033,197486.7831862832,3259106.5416720402,5804058.890832161,1167.3436222710493,86.14661039876393,0.584125854950986,0,1,0,1,0
1138529396.6752818,519689653.85073674,3388513628.990252,1274020810108.356,500000000,1270632296479.3657,-2888513628.990252,14.702864270679578,28.248123409453083,40.40270000063826,0.862839892912698,0.7944664339048403,0.4911318033564299,0.09726619844233746,0.24600160280227967,76.52980645324848,139666.89677717848,68594.85488337201,71072.04189380647,7107204.189380647,3628658.2502631843,317879.28729635756,3478545.9391174624,6789324.902084289,974.1178320761081,73.64502468375059,0.6633304587689053,0,1,0,1,0
1324490213.849155,453703441.6450883,3288788679.836476,1452441075405.212,500000000,1449152286725.3755,-2788788679.836476,18.584487348752678,28.282687593927687,27.940560380438868,0.9168695030051334,0.7144349981353727,0.4541398912855304,0.10407813781610614,0.27419715388918436,42.12637801485322,76880.63987710714,34914.56543575145,41966.07444135569,4196607.444135569,1784815.5276886516,151584.09503591078,2411791.9164469177,4045023.3490996584,1363.62870171717,123.6086808031133,0.7025185427019774,0,1,0,1,0
1604384101.1194797,545743622.4605002,3967168382.7077684,1037939456452.3347,500000000,1033972288069.627,-3467168382.7077684,28.475898821259968,23.14437379746623,36.53252631072562,0.9560279646929979,0.9056029566436172,0.5624255112118831,0.035435385616396975,0.1601870097974162,36.64147054534903,66870.68374526198,37609.77849051713,29260.905254744852,2926090.525474485,1918808.5594539759,259578.88162496686,1007281.9660205091,2666511.643849518,3938.4884436886596,187.5109006755258,0.5130622558372133,0,1,0,1,0
1014055247.6520472,585467594.2919954,3548823538.5495906,1688903297497.0315,500000000,1685354473958.482,-3048823538.5495906,19.69165726776502,24.86706959418455,39.7822381375766,0.9319818676056517,0.682880640617231,0.45030472198116933,0.07592394055543152,0.3691277509153311,53.37915497854854,97416.95783585108,43867.31611452421,53549.641721326865,5354964.172132687,1680485.575723805,141044.81555856546,3674478.5964088817,5213919.356574121,965.8032957432123,95.89714872930678,0.7134114964084866,0,1,0,1,0
1306169541.0251358,553778616.1709776,3703741140.4316015,910998449617.5897,500000000,907294708477.1581,-3203741140.4316015,17.6019860402493,34.01594154772191,33.34779994994444,0.9943927312459138,0.6478182694794654,0.4246773197447639,0.08125463785832547,0.28816275776398226,37.8499989672536,69076.24811523782,29335.115907603496,39741.13220763432,3974113.220763432,1253387.4109741272,87527.60573709781,2720725.8097893046,3886585.615026334,1361.3062834576567,128.64762275322016,0.7264289102374318,0,1,0,1,0
1576331329.9095793,499942684.02123314,3740821517.0320635,654139760308.3978,500000000,650398938791.3657,-3240821517.0320635,22.585734455537683,25.66325579307247,42.55352874128291,0.6085147022171495,0.7664804845706521,0.44421498550101435,0.053836919427365404,0.3327207497513149,35.53103301446306,64844.13525139509,28804.736600524284,36039.398650870804,3603939.8650870803,840032.2078915648,14401.355724562825,2763907.6571955155,3589538.5093625174,1353.4538707518918,139.29367206839,0.7928116257563647,0,1,0,1,0
1845292474.5483928,605465804.5537828,4466642550.228715,2137640609820.0042,500000000,2133173967269.7754,-3966642550.228715,24.297930405821486,28.4322564756941,39.31344703156813,0.8715909376408788,0.603670150582021,0.38114051560386136,0.060726107737376245,0.3012167205767156,82.96805623167687,151416.7026228103,57711.04010869446,93705.66251411583,9370566.251411583,3005438.134569561,235578.6845837436,6365128.116842022,9134987.56682784,701.7364722651935,54.73461198958446,0.7994616094229211,0,1,0,0,0
1627227650.9986787,649038570.50522,4437225000.340605,1833658603662.0764,500000000,1829221378661.7358,-3937225000.340605,17.769689233452596,21.86774634798592,34.06073826665406,0.962274831341594,0.7559657730949815,0.47028240732997284,0.06575055848522804,0.15881755573348819,57.261390451347175,104502.0375737086,49145.46980105095,55356.56777265765,5535656.777265765,1829640.3205594816,41515.70452642249,3706016.456706283,5494141.072739342,1197.3031021789316,91.00603595362419,0.6578945503827749,0,1,0,0,0
1707559076.2988515,518726004.6017475,3953371211.671653,561039010725.6329,500000000,557085639513.9613,-3453371211.671653,18.85283239902291,26.770486657956596,38.12486114763867,0.8293238105390398,0.8257403350220642,0.5040983520940168,0.11587142276844409,0.24360982799552114,28.901716273571747,52745.63219926844,26588.986271808328,26156.64592746011,2615664.592746011,1235853.8518124656,114340.77638651102,1379810.7409335454,2501323.8163595,2865.154687081868,199.89415074123215,0.6547903628212228,0,1,0,1,0
1531461360.6431963,446846124.5827666,3466071232.3860765,2217757969169.2163,500000000,2214291897936.83,-2966071232.3860765,19.961017284362,22.464878950086383,39.93416466686526,0.8451454119797982,0.6013515134960029,0.3834133493593334,0.04911695341377661,0.3584195273514385,105.99030379152009,193432.30441952415,74164.52771178394,119267.77670774021,11926777.67077402,5852718.334559566,96104.12524907714,6074059.336214454,11830673.545524944,570.6350630657885,42.263020619745646,0.8051380356603074,0,1,0,1,0
2511114562.2326293,580863876.8498875,5025951165.86639,1287133296928.7654,500000000,1282107345762.899,-4525951165.86639,24.860295467895227,22.944481139520587,38.71015273197651,0.8571859817654068,0.8591324876179302,0.5345272464950648,0.11706821501806901,0.27181019465100265,55.38838837384435,101083.80878226593,54032.049973618254,47051.758808647675,4705175.880864767,1087377.0798229487,89849.29650748617,3617798.8010418187,4615326.584357281,1389.229042924959,108.33469546762934,0.6063547190507892,1,1,0,0,0
1784852572.1347532,486885284.54334426,3892811052.8386097,1999867035849.9912,500000000,1995974224797.1526,-3392811052.8386097,23.17343081098091,20.647121926919056,36.41998599310679,0.9258775958419277,0.8155923622909966,0.4880645125067927,0.07181035306519294,0.07375956932359108,54.323308642877514,99140.03827325147,48386.734449739255,50753.303823512215,5075330.3823512215,1467200.125435831,354566.76402890385,3608130.2569153905,4720763.6183223175,1078.8998111633016,105.91506807487468,0.6314436006642787,0,1,0,1,0
1560807746.7266164,427749072.3395792,3412737376.3047996,746280647834.3972,500000000,742867910458.0924,-2912737376.3047996,16.735781848206205,30.178184026990564,50.83529399830123,0.9256765917385267,0.8879521596638251,0.5469581764164179,0.10830711491255149,0.1668988475707699,68.60780890989234,125209.25126055352,68484.22373993741,56725.0275206161,5672502.75206161,1926730.7555094266,18454.173967914547,3745771.9965521833,5654048.578093695,911.0905253833049,88.43220801767124,0.5504241559224754,0,1,0,1,0
1165245205.5916142,551734296.1114844,3553965968.9932017,1404495589275.5986,500000000,1400941623306.6055,-3053965968.9932017,24.22456643916555,25.252267863237954,52.185090865990794,0.8206933494236144,0.4184787389769268,0.2689790750332455,0.04193725712701479,0.40770254275603107,44.190552321618526,80647.75798695382,21692.55934683587,58955.198640117946,5895519.864011794,1657453.8776946357,19347.80889707985,4238065.986317159,5876172.055114714,838.5820278559576,85.08940774884084,0.9076210953979518,0,1,0,1,0
1955992747.5015635,516219184.92469615,4190951665.565092,496581194110.1849,500000000,492390242444.6198,-3690951665.565092,16.129268856473914,29.14647344994225,49.42518073163716,0.9447417626916563,0.7227645569788752,0.4720927571813144,0.13081898297062305,0.3277728890446279,17.697420076289173,32297.79163922774,15247.553505830627,17050.238133397113,1705023.8133397114,867453.499422406,70980.28459737674,837570.3139173054,1634043.5287423346,5003.701296389154,305.9894006525226,0.6776428563361094,0,1,0,0,0
1531798579.1182466,562959081.4344549,3969116788.708474,1427833030742.7437,500000000,1423863913954.0352,-3469116788.708474,16.911230700623324,21.747977356066464,35.14934451199817,0.9319888898558824,0.6924486978768742,0.4658778487714183,0.08008719837639264,0.42806264299506624,49.65892147932159,90627.53169976191,42221.359507748595,48406.17219201331,4840617.219201331,2682280.0602064743,308877.8677604939,2158337.1589948568,4531739.351440838,1838.9697699301541,110.3329122053386,0.6993436370053656,0,1,0,1,0
1894844378.9211097,544439823.0045887,4251983891.1818485,868458565591.842,500000000,864206581700.6602,-3751983891.1818485,21.786691763540546,30.01030191253271,28.915711535475154,0.9359109092951513,0.6513173892119697,0.4125364528188313,0.04978707363974159,0.24316628613856459,28.752205151035277,52472.774400639384,21646.932220802548,30825.842179836836,3082584.2179836836,740451.5193628228,35614.16316900782,2342132.698620861,3046970.054814676,1815.4325302257992,164.0974446762035,0.7485280711555777,0,1,0,0,0
1599167932.1039548,206046623.66249204,2491241982.312962,695218205514.2845,500000000,692726963531.9716,-1991241982.312962,24.46732593520055,34.724131301265054,47.77810314061686,0.9597983394153901,0.7212774797396369,0.4567096890030836,0.10835819606764222,0.21707817431964435,33.01120241415432,60245.44440583163,27514.678178439928,32730.7662273917,3273076.62273917,1743324.6338080205,35948.7950527494,1529751.9889311497,3237127.8276864206,1628.5267156629836,154.45791041169684,0.6838285929846518,0,1,0,1,0
1966106429.4909294,611463509.4440111,4613423428.570823,1186688716366.9841,500000000,1182075292938.4133,-4113423428.5708227,22.678021244183288,25.32796778147928,26.66322668282459,0.8643278625205126,0.7725421763980181,0.47371861709704594,0.05723328628398687,0.21922860116238843,51.06419255611477,93192.15141490946,44146.85709256942,49045.294322340036,4904529.432234003,1106589.2188462263,94190.81487090382,3797940.213387777,4810338.617363099,1214.7172333857334,103.94278652135446,0.6836839966416,0,1,0,0,0
1623286990.3893461,575883758.4739275,4116562287.6974087,1722005491414.797,500000000,1717888929127.0996,-3616562287.6974087,20.316419497928948,26.204990061686235,32.568634974610035,0.939764047868755,0.7773589454891884,0.49411605912904294,0.06959697403367747,0.2500470783235307,48.9232604183181,89284.95026343052,44117.127763698896,45167.82249973163,4516782.249973163,1766155.7331553213,49448.51793107445,2750626.5168178417,4467333.732042088,1496.5907812376497,111.92358350434728,0.6390314241670765,0,1,0,0,0
1355500793.3863885,654717217.454567,4190083712.216261,1704943904700.1301,500000000,1700753820987.9138,-3690083712.216261,21.03080240306769,27.358208109816616,27.22770350954725,0.7442942074893246,0.6870895613868178,0.4273863686727072,0.09776434834263695,0.39208229125934835,68.51269046291326,125035.66009481669,53438.53672251863,71597.12337229805,7159712.337229805,2775239.554483916,806244.0829169197,4384472.782745888,6353468.254312885,955.664208637672,78.69717451733361,0.7814359870027322,0,1,0,0,0
1348984299.2454517,482460245.35745907,3437784676.027392,1751142139516.8745,500000000,1747704354840.8472,-2937784676.027392,17.62845094020576,29.351899941373134,37.27281911377135,0.9807760581135591,0.8087316577557816,0.5318099584175069,0.10759333027479395,0.31139172340156407,56.14397574019682,102462.7557258592,54490.71386191234,47972.041863946855,4797204.186394686,1297818.966201956,269286.68340674037,3499385.22019273,4527917.502987945,982.3967524895858,110.42604015423272,0.5781765056672233,0,1,0,1,0
1999974564.7355123,465382966.78578424,4014839262.343522,1749088145943.2314,500000000,1745073306680.888,-3514839262.343522,21.719811579739535,21.412098359769033,37.174032604956096,0.9555192796520937,0.7422711605947793,0.47906141701291605,0.041774500591995306,0.28042383438495055,82.80575158387423,151120.49664057046,72395.9992603273,78724.49738024316,7872449.738024317,1296736.4179965216,110718.65444946986,6575713.320027795,7761731.083574847,610.5557020126528,64.41861932811427,0.6602235798722826,0,1,0,0,0
1719818554.2879183,631500240.2196993,4453884111.816864,1846117822879.9094,500000000,1841663938768.0925,-3953884111.816864,14.956615686797878,21.940360023896382,33.943436267928675,0.9020906805951915,0.605691912182481,0.39720321315476104,0.06932282792063231,0.38308386330234484,74.92094799040011,136730.7300824802,54309.88532575748,82420.84475672273,8242084.475672273,4138020.5794083984,238787.79006316143,4104063.8962638746,8003296.685609112,1085.2375168601657,62.47425525272105,0.782972521932827,0,1,0,0,0
1968781674.6302638,613444274.3581665,4624674349.195997,1497742390986.4424,500000000,1493117716637.2463,-4124674349.195997,16.00934006523452,29.480148716607744,40.56439857312825,0.7959127171468797,0.820122491597473,0.4827345972105553,0.05254716869781326,0.16666450243338543,40.066145634153465,73120.71578233007,35297.8992809306,37822.816501399466,3782281.6501399465,870710.4258721088,131333.328111677,2911571.2242678376,3650948.3220282695,1588.377543592102,136.9507196207661,0.6848969608994109,0,1,0,0,0
1885527615.6431706,565934482.8130068,4335727756.087601,1189852583449.1382,500000000,1185516855693.0505,-3835727756.0876007,22.398459971550203,30.916332917562883,37.15769750359355,0.8356155794281752,0.7495115075871919,0.45410104453899175,0.049102831854802645,0.2131371663728942,47.62189758932274,86909.963100514,39465.90502478863,47444.05807572536,4744405.807572536,1160385.7610799344,116655.18217180758,3584020.0464926017,4627750.625400729,1209.7387011913163,108.04385120831867,0.7155949297662585,0,1,0,0,0
1763170387.5512156,520681327.3294471,4017448047.057145,3448985201311.397,500000000,3444967753264.34,-3517448047.057145,28.727592901907688,33.8741098292132,46.808554414319396,0.7479384628674586,0.3815169155880678,0.24276049524779916,0.07324651721221036,0.4542679524281356,100.77780625676621,183919.4964185983,44648.38803630475,139271.10838229355,13927110.838229354,4016805.0079292124,254360.4477559109,9910305.830300141,13672750.390473444,405.38083444146076,36.56908710542814,0.9307280073396569,0,1,0,0,0
1650078285.1922386,635948550.0793604,4403402696.482325,1438338789284.6309,500000000,1433935386588.1484,-3903402696.4823246,24.56405111980608,18.853207875209492,26.89421660912771,0.9400075553073057,0.5736865281016191,0.37688174732235213,0.06877934108514508,0.34982857977789283,40.8871301714165,74619.01256283511,28122.543838149842,46496.46872468527,4649646.872468527,1506868.471681219,95980.2418364652,3142778.4007873083,4553666.630632062,1401.1177801715874,109.80162593294594,0.7967591041933815,0,1,0,0,0
1274047763.5873094,564857480.4479966,3719585047.418215,2381812147793.091,500000000,2378092562745.6724,-3219585047.418215,18.378728272273136,22.553196112388,35.068372188575566,0.8059769695138542,0.7884972343525746,0.4779643639520472,0.04118849141225249,0.2473221199664346,72.7843610496391,132831.45891559136,63488.703773413115,69342.75514217824,6934275.514217824,1793588.4326435337,277074.81902931456,5140687.08157429,6657200.695188509,723.5579579917019,75.1066436019234,0.696248574830949,0,1,0,1,0
1782443467.3462229,423759469.9686319,3617100206.5342956,2298494395394.133,500000000,2294877295187.5986,-3117100206.5342956,28.854285175375146,29.576270695119735,37.237638494461116,0.9610121592964117,0.8799495389880655,0.5425927255181913,0.06467937471552565,0.13198646428274047,74.2690161663047,135540.95450350607,73543.53592339452,61997.41858011155,6199741.858011155,2630421.5583956866,72478.80148788412,3569320.299615469,6127263.056523271,1013.3862760716582,81.602502681468,0.5411606903430641,0,1,0,1,0
1338510630.6670275,523601166.75871336,3605429666.8639536,1849803472926.1187,500000000,1846198043259.2546,-3105429666.8639536,17.406850407658926,32.55726570146136,52.32264809030066,0.9711939104471634,0.6544896063045211,0.4375015895127544,0.04476844039636865,0.37012043031481934,54.89363384998984,100180.88177623146,43829.295015890595,56351.58676034086,5635158.676034086,1689107.7136927713,6032.435183203563,3946050.962341315,5629126.240850883,913.680462130864,88.82373189136747,0.7219080996068754,0,1,0,1,0
1291478341.254494,591966747.4748526,3854384564.2360735,1824581943943.6653,500000000,1820727559379.4292,-3354384564.2360735,23.898632174804952,18.94188192516307,37.05228298770935,0.8579124208425551,0.8068059601454264,0.5108055776142894,0.12994304725740863,0.323994260884234,95.88914011362722,174997.6807073697,89389.79137488896,85607.88933248074,8560788.933248075,2708795.285394537,49782.02566130477,5851993.647853538,8511006.90758677,658.6446937873607,58.747455551269326,0.646436288512104,0,1,0,1,0
2178471588.375428,536669389.2718855,4501969189.069746,1974392085626.5103,500000000,1969890116437.4404,-4001969189.069746,21.78294979399719,29.908752345355627,47.619223246207845,0.8694091806388398,0.7578531494697773,0.4673268365327512,0.06089778765245765,0.23116355311608763,73.8116560480334,134706.27228766095,62951.856089312,71754.41619834895,7175441.619834894,2515233.2690092186,280897.4518791857,4660208.350825676,6894544.167955709,966.0446164970514,72.52111057956341,0.6920855976455882,0,1,0,0,0
1677879019.7463863,521806658.6234956,3937028774.836631,1310043508759.8499,500000000,1306106479985.0132,-3437028774.836631,26.02749129566007,19.624371079904563,56.84827863191719,0.7742427618774672,0.8777819530326451,0.5363450534672474,0.07026354344293896,0.3064507770820833,31.773310586978873,57986.291821236446,31100.66078722847,26885.631034007976,2688563.1034007976,488377.9744850671,64458.46554840992,2200185.1289157304,2624104.6378523875,1789.4079562190439,190.5411822331935,0.6354911465589144,0,1,0,1,0
1649493936.019741,709491627.8584633,4721221386.840841,560135655930.1104,500000000,555414434543.2695,-4221221386.8408413,14.298253794717711,21.055696652202926,27.060977976163333,0.8282083523090178,0.7693759290923952,0.5025100820152948,0.0690567426422741,0.4465515464578038,26.39214563735989,48165.665788181796,24203.732665540512,23961.933122641283,2396193.312264128,1444188.6718639806,100624.86556077609,952004.6404001475,2295568.446703352,4959.241989468048,217.81097432230615,0.6797987815075901,0,1,0,0,0
1206004929.4715543,711889271.8856338,4288112924.1727667,6546038763234.227,500000000,6541750650310.054,-3788112924.1727667,22.49186253827816,25.896627715190583,42.22847463521133,0.8757243270261136,0.7621370376245293,0.4863897908719059,0.061341367153211354,0.32930095606978715,234.92951499891112,428746.36487301276,208537.85474767454,220208.51012533822,22020851.01253382,7109759.448341777,268193.53377131774,14911091.564192045,21752657.478762504,287.57874000789946,22.985697287246797,0.6753727800519203,0,1,0,0,0
1107498522.1161058,550425811.9150859,3490554233.7154975,2364120280352.557,500000000,2360629726118.842,-2990554233.7154975,18.37653913045888,20.60717436229462,28.117849848760127,0.9095842581094574,0.6463354667366114,0.46328808072822814,0.044831825449042156,0.6272165164582292,106.8607193934226,195020.81289299624,90350.81810725512,104669.99478574112,10466999.478574112,3641465.050810979,80006.07493917321,6825534.427763132,10386993.40363494,511.3964731490518,48.13712501492727,0.7276345282704719,0,1,0,1,0
1235202785.096424,578856696.910248,3741349350.007758,759256134699.5519,500000000,755514785349.5441,-3241349350.007758,20.0593762550264,20.364476340037754,30.902928585828526,0.8661434212105711,0.7448623342089005,0.44098590478032623,0.09926031561286308,0.10589491144263033,18.472755970696607,33712.77964652131,14866.860635080968,18845.919011440343,1884591.9011440342,934243.2851429842,73959.01104011147,950348.61600105,1810632.8901039227,3936.8178024511635,276.14653568526643,0.7154945874154224,0,1,0,1,0
1389719849.3706708,616654718.2516308,4059512065.8755264,1031452075353.6116,500000000,1027392563287.7361,-3559512065.8755264,28.114857045551936,26.612564344223124,47.7623703430065,0.9525777903492808,0.7617545848728684,0.5117369663476947,0.07867438292964239,0.4032607675454226,31.452896954516667,57401.53694199292,29374.488378390586,28027.048563602333,2802704.8563602334,751157.2411195545,71378.61130788834,2051547.615240679,2731326.245052345,1978.755957560011,183.0612512532049,0.6286680496261661,0,1,0,0,0
1927536815.9912896,578524617.6967813,4432245651.695117,1877245917927.6575,500000000,1872813672275.9624,-3932245651.695117,19.40788837711996,24.377972843649296,33.96698811001891,0.903704458218051,0.5990233693577272,0.4329011053731889,0.05967721647666928,0.6546817789845001,63.46727248394086,115827.77228319205,50141.97065430785,65685.8016288842,6568580.162888421,2097755.2205965146,89301.57634038091,4470824.942291906,6479278.58654804,991.3708787316078,77.16908500246856,0.7656532768876176,0,1,0,0,0
1601686539.5871334,743107502.3421081,4818953134.748027,1226976357588.0564,500000000,1222157404453.3083,-4318953134.748027,22.357301793636577,34.21240054875551,27.68586250206998,0.9415882498510836,0.5726693297053563,0.3731122915272084,0.09116766610138544,0.3234130679243876,78.5462019133855,143346.81849192854,53484.45993065827,89862.35856127027,8986235.856127027,3340474.5519838836,83313.58520903668,5645761.304143144,8902922.270917991,853.5524042101525,56.161334984725684,0.7988108707683953,0,1,0,0,0
1541731190.728786,609584513.4734491,4180913120.589922,1032801899089.6141,500000000,1028620985969.0242,-3680913120.589922,14.338648251309372,24.029171088996463,37.001956494575126,0.9378446007743119,0.7599262525921558,0.5159870395405077,0.07712153281626698,0.44883551060684557,53.098085648370116,96904.00630827545,50001.21133462174,46902.79497365371,4690279.497365371,1125392.59279145,83921.5571969883,3564886.904573921,4606357.940168383,1172.8038595630087,108.54562465497912,0.6322597866075081,0,1,0,0,0
1225273291.388073,534926127.58496624,3541223481.2780695,872061726439.9374,500000000,868520502958.6593,-3041223481.2780695,23.160927600261676,33.70372807466401,33.63693676822967,0.9525281141688651,0.8283898063554836,0.566590316243325,0.10179425593628275,0.45548182683130817,36.22944690361495,66118.74059909728,37462.2381456529,28656.50245344438,2865650.245344438,1282087.402510722,140315.78625403176,1583562.8428337162,2725334.4590904065,2236.238048463682,183.46372069389142,0.5529236500561803,0,1,0,1,0
1296487943.157998,441773314.7343491,3209135203.0076084,1230693828305.7974,500000000,1227484693102.7898,-2709135203.0076084,20.866555306353405,21.68516633999521,49.075122585211034,0.887727951056575,0.8503644389046574,0.5474546097396993,0.055633801990707984,0.3429835519732485,48.417999601260924,88362.84927230119,48374.649163855516,39988.20010844567,3998820.0108445673,845278.4348363475,156822.16838165454,3153541.5760082197,3841997.8424629127,1017.628950073891,130.14062487850723,0.586730740909521,0,1,0,1,0
1367066410.716125,544772197.7743652,3725644931.788518,1395881207740.9006,500000000,1392155562809.112,-3225644931.788518,20.8613713603365,25.845066318114526,39.69545951942416,0.8550244841522,0.7346312068586842,0.504499267663285,0.12249831894866525,0.5617533835501067,53.941613034381874,98443.44378774693,49664.64529717009,48778.79849057684,4877879.849057684,2612655.1169223357,329686.1177912669,2265224.732135348,4548193.731266417,1644.7131619812762,109.93375162600606,0.6831100511486371,0,1,0,1,0
1548454095.5577643,418154768.85087216,3358845412.0106378,3127342377910.044,500000000,3123983532498.033,-2858845412.0106378,21.995807940283242,25.89683839880381,35.740288360764254,0.8947323812600164,0.800375482440918,0.5349012544139435,0.05908948693348488,0.4457314229249286,98.90149604447907,180495.2302811743,96547.12509313374,83948.10518804056,8394810.518804057,2347921.2147520585,19278.222315152507,6046889.304051998,8375532.296488904,555.4666611409419,59.69769828355916,0.6169455180739066,0,1,0,1,0
1650398255.2933028,502701253.63410455,3826831605.199024,420613349402.7253,500000000,416786517797.52625,-3326831605.199024,19.48475464454568,31.166262915831382,32.645444150375724,0.952950859759448,0.7922641214398276,0.5245161897788014,0.07766173385870927,0.35977781156266164,11.851544356166418,21629.06845000371,11344.796571860832,10284.271878142878,1028427.1878142877,503822.0042149383,75878.58147230801,524605.1835993493,952548.6063419797,7294.688891449548,524.9075970202955,0.6039961640531756,0,1,0,1,0
1578048146.3786016,523001807.18920106,3842372269.3020053,3132509153258.895,500000000,3128666780989.593,-3342372269.3020053,18.22007677471067,27.953488153951238,44.72717989571969,0.9418862187105956,0.8307478739153867,0.514074021675118,0.06777583842798406,0.16392501410451218,121.43392234534682,221616.90828025792,113927.49531083794,107689.41296941998,10768941.296941997,1981952.4634290624,142639.47349690055,8786988.833512936,10626301.823445097,437.27974874025983,47.053058374159534,0.5977525137985084,0,1,0,1,0
2071708754.2049358,611271120.1404616,4718192808.283432,1117449108796.6453,500000000,1112730915988.3618,-4218192808.283432,20.115561525020105,24.67249906648733,38.52511934062936,0.802014378110518,0.8211623742269971,0.4708300501927973,0.06589761014355137,0.07538668017581461,55.38619372299367,101079.80354446344,47591.40897631781,53488.39456814563,5348839.456814563,878490.6231863848,165139.30347648662,4470348.833628178,5183700.153338077,1055.4417527309836,96.45619638667215,0.6899188476782756,0,1,0,0,0
2142066116.0114772,521249033.9804514,4398801648.218693,1721858464043.4575,500000000,1717459662395.2388,-3898801648.218693,16.06057802576703,21.837112236440205,39.04505562354021,0.9807996953906201,0.8111862952948874,0.5308916732889137,0.1020163240944125,0.2969526131505577,74.99681867030337,136869.19407330363,72662.71546328125,64206.47861002239,6420647.8610022385,2036853.5550652146,143636.7685867369,4383794.305937024,6277011.092415501,1003.4233682591686,79.65574580617658,0.5776166008759525,0,1,0,0,0
1378785385.9000146,619236413.4997303,4059754991.7521963,920495461698.8433,500000000,916435706707.0911,-3559754991.7521963,15.208890252288949,31.00515399767162,56.50121799715568,0.9183696105033458,0.779978058956028,0.4786165488470424,0.08884885559510003,0.1627168699730669,40.94757391445693,74729.32239388391,35766.690381838715,38962.63201204519,3896263.2012045193,2065676.0329374203,105102.1055696479,1830587.168267099,3791161.095634871,2217.7337753303,131.88571716873182,0.6571630671525301,0,1,0,0,0
2291121742.531218,628190988.5122143,5010859971.995363,1217671513380.5862,500000000,1212660653408.5908,-4510859971.995363,17.666476355704273,28.354812033246112,43.60072525216265,0.9362784553427773,0.7057261938964883,0.45647247652864337,0.057125667882798326,0.3069243308776096,45.47310954224274,82988.424914593,37881.93184397563,45106.49307061736,4510649.3070617365,1678076.6612287501,345068.39494148473,2832572.6458329866,4165580.912120252,1769.0137548164448,120.03127788136119,0.69838296698318,1,1,0,0,0
1168094441.9814026,490234137.02316594,3290551701.370032,1829186167784.5486,500000000,1825895616083.1785,-2790551701.370032,16.23556021900464,23.40298611357966,41.79083398119753,0.9457821651026223,0.6649129480583044,0.4571294126809937,0.06364695860505876,0.4768282979232643,49.52416794314604,90381.60649624153,41316.09069479157,49065.515801449954,4906551.580144996,1414079.881433004,26582.2317749712,3492471.698711992,4879969.348370025,942.1842137141936,102.45965994991478,0.7125283140960456,0,1,0,1,0
2256985015.9612255,509393933.7207711,4462394168.166166,2025651568381.573,500000000,2021189174213.4067,-3962394168.1661663,17.29396655783934,28.326797307483602,41.49292038266586,0.9039826715114303,0.6043876904733998,0.38125192423558935,0.07685132146153577,0.26426662889879926,71.1829158872941,129908.82149431173,49527.98816988404,80380.83332442769,8038083.332442769,3758339.7646424714,103123.72933375223,4279743.567800297,7934959.603109017,1042.6779309256017,63.01229306877551,0.7917007240396621,0,1,0,0,0
1672433945.849689,621751017.9820187,4364290473.143802,1570727750897.7847,500000000,1566363460424.6409,-3864290473.1438017,19.3345508591229,24.914298620081464,40.28011190436665,0.8431009342538854,0.6302148869587676,0.37003477554416403,0.07478522807299197,0.10523217039397763,57.010186570835266,104043.59049177436,38499.746654432645,65543.84383734172,6554384.383734171,2906614.3177697733,729093.6953355453,3647770.065964398,5825290.688398626,1196.4269661251167,85.83262651523579,0.8033876613536004,0,1,0,0,0
2526145531.719529,656453802.1392927,5368246953.428497,1763232135917.6553,500000000,1757863888964.2268,-4868246953.428497,16.353677870028505,23.335993558578846,31.303878787134654,0.8307369996642965,0.8053649109952603,0.5070611218413751,0.11481437268901916,0.3359612827914484,56.00975928414067,102217.81069355673,51830.67776244418,50387.13293111255,5038713.293111255,1232962.7068347577,231853.2182854696,3805750.5862764977,4806860.074825786,1410.5619461207855,104.01800597828331,0.6607525667441269,1,1,0,0,0
1503874609.2625656,504943373.0106318,3690015162.7017317,1421478721473.4802,500000000,1417788706310.7786,-3190015162.7017317,22.740224576425703,25.27038572254824,38.59720362683326,0.9330494452516676,0.8357569506890474,0.5203066979134467,0.06491683164742418,0.19247241365641177,47.67573946046096,87008.22451534125,45270.961988889016,41737.262526452236,4173726.2526452234,2062697.1739385338,224892.31155559883,2111029.0787066896,3948833.9410896245,1747.969840833457,126.61965721000466,0.5942635053952579,0,1,0,1,0
1875921854.6386182,565034255.7237722,4322224482.901938,647876987116.5433,500000000,643554762633.6414,-3822224482.9019384,25.16988268899489,22.70166409698892,45.49360790931314,0.8900152178107935,0.5450783255275967,0.38689571469427086,0.07047652317586875,0.6189332235287452,25.730978203892548,46959.03522210391,18168.249493609328,28790.78572849458,2879078.572849458,186179.1621026117,25533.15738754613,2692899.4107468463,2853545.415461912,1605.0449064873228,175.22062108798207,0.8123060539349638,0,1,0,0,0
1731141615.7831008,486334525.26290476,3836715597.0311613,2954523988923.596,500000000,2950687273326.565,-3336715597.0311613,16.52912268716472,25.207124063125136,35.12083182286102,0.9765076857003779,0.7355134032634224,0.4737270911265838,0.12973793437246098,0.2524296671277213,74.11991526860291,135268.8453652003,64080.51663490802,71188.3287302923,7118832.87302923,4279986.0490908995,427496.0743651467,2838846.8239383306,6691336.798664084,1351.5049719056303,74.72348426697403,0.6597528637264432,0,1,0,1,0
2197073714.2301607,555505631.6210202,4602122386.737405,1578034751845.596,500000000,1573432629458.8586,-4102122386.737405,21.43601571754101,29.795605600859894,31.96698541376339,0.9330612949702893,0.8836194671978231,0.5547995858171261,0.0638587867150039,0.21904350691123528,74.13795680967152,135301.77117765055,75065.36660968409,60236.404567966456,6023640.456796645,3109531.60748443,146724.3978318918,2914108.849312215,5876916.0589647535,1579.2554858833062,85.07863562850979,0.542583761706555,0,1,0,0,0
2234649554.764556,496739291.8656406,4385270730.28252,1529426393563.2676,500000000,1525041122832.985,-3885270730.2825203,20.312994577321255,27.111045086138596,31.066817413174288,0.9147833583835354,0.6926704123176368,0.45940769416977867,0.08558192075359983,0.4034967687154522,59.10110933734412,107859.52454065302,49551.495463470055,58308.02907718296,5830802.907718296,580909.552173249,31894.68580146001,5249893.355545048,5798908.221916836,835.3066306862605,86.22312698625957,0.7088993622848778,0,1,0,0,0
1293704076.3659458,523708439.4786018,3561087547.3010244,1260843184215.5303,500000000,1257282096668.2292,-3061087547.3010244,19.175780263314177,25.491749203914004,57.64651864962847,0.8840831359697181,0.7690662091912848,0.5506855878236911,0.07793732107679413,0.6481339704343464,60.165850990596795,109802.67805783915,60466.75231089666,49335.925746942485,4933592.574694249,2557021.8447938166,140085.4525051346,2376570.7299004323,4793507.122189114,1498.4142918608688,104.30776199027706,0.6255786998840185,0,1,0,1,0
1918509494.6485617,701287232.5683315,4954716207.464402,586730602820.2047,500000000,581775886612.7404,-4454716207.464402,19.634377322589202,32.9910692543029,32.10966725326699,0.8742716066659838,0.7723522511468559,0.49901429710393613,0.08313384633671886,0.36755304914829534,26.84571117465163,48993.422893739225,24448.41848803517,24545.004405704054,2454500.440570405,666613.0849904096,32849.53766890325,1787887.3555799956,2421650.902901502,2771.268666340044,206.47071772439406,0.6630427698252488,0,1,0,0,0
2019680705.3195677,571668844.8939146,4494707632.614239,1750943951615.4985,500000000,1746449243982.8843,-3994707632.6142387,16.07499545920637,27.367566768038877,35.27265203963702,0.9074906540969977,0.40180009767321534,0.26076283786568705,0.07731238810195576,0.3466346703848885,68.14249767685752,124360.05826026495,32428.481709088865,91931.57655117608,9193157.655117609,4279460.33480389,122603.93429470154,4913697.320313718,9070553.720822908,914.7302610668887,55.12342635181907,0.9049180898581194,0,1,0,0,0
1744692221.7592635,408664965.4945615,3513997655.972116,486076634240.8284,500000000,482562636584.8563,-3013997655.972116,26.36118110118835,22.749297878020336,31.760660526883193,0.9170220657374062,0.7722128241058873,0.4841754915877724,0.09025390112439483,0.2317556526520683,25.61656233964735,46750.226269856415,22635.31378604732,24114.912483809094,2411491.248380909,825188.4305173594,39050.19144580658,1586302.8178635498,2372441.0569351027,2215.2123897156075,210.75339197085785,0.6571378076652115,0,1,0,1,0
1467401541.261395,470548697.99696606,3504631151.6349664,1941985696273.276,500000000,1938481065121.6409,-3004631151.6349664,19.481931586864007,18.95066219678387,46.7431317797701,0.9156141638451273,0.7053461591131874,0.47179681371769294,0.047683100054896184,0.42739700349803816,57.67674262830193,105260.05529665103,49661.35870070812,55598.69659594291,5559869.659594291,1350729.4891414552,214998.71692967162,4209140.170452836,5344870.94266462,832.6240062606241,93.54762825212973,0.6953018540619409,0,1,0,1,0
1578767290.7718434,468244766.9216532,3606022085.304106,936943284270.167,500000000,933337262184.8629,-3106022085.304106,14.29786180540665,29.106617109305038,43.69749017641354,0.8357206952760063,0.8527019249903862,0.5219033982747507,0.14088994694799747,0.24460784174471167,39.009436019299365,71192.22073522134,37155.46193243819,34036.75880278315,3403675.8802783154,615539.3528121935,30557.78487866648,2788136.527466122,3373118.095399649,1293.3448738183865,148.2308018453056,0.628080863372182,0,1,0,1,0
1628641521.4560053,644315638.458926,4418191046.686526,483921533838.8239,500000000,479503342792.1374,-3918191046.6865263,23.558721562243978,33.38565959127611,40.9078440072924,0.8661823000889199,0.6027022034551913,0.436883713791147,0.024951398882445408,0.6973086380698044,13.341124367503065,24347.551970693094,10637.048926679357,13710.503044013736,1371050.3044013737,343569.1702968983,36803.15128370465,1027481.1341044754,1334247.153117669,4300.021577074796,374.743164211874,0.7719248655783879,0,1,0,0,0
1848503748.3117442,583561472.5722889,4375019529.692435,1832365535954.4712,500000000,1827990516424.7788,-3875019529.6924353,15.811855378667538,32.43761751184138,52.6110502771544,0.992749192214497,0.8300169889398757,0.5406879450820676,0.11851746929011829,0.27052825846759976,53.74520932638588,98085.00702065423,53033.380889357715,45051.626131296514,4505162.613129651,2764077.626654459,271386.40575347,1741084.986475192,4233776.207376181,2512.8121623457428,118.09788130248562,0.5544738386909819,0,1,0,0,0
1933288734.9354892,399354298.1306801,3662283852.0084133,1940701789501.279,500000000,1937039505649.2708,-3162283852.0084133,23.779756679733165,32.95487557113148,39.889134514126226,0.9434205453473081,0.7306772075580369,0.4861605743827084,0.0671819458594545,0.3841152929439457,56.67437459932075,103430.73364376038,50283.94487707547,53146.78876668491,5314678.876668491,1292200.6171392181,62675.06958259297,4022478.259529273,5252003.807085899,910.4546042809412,95.2017588649517,0.6648720679562001,0,1,0,1,0
1237322443.7268746,696820890.311449,4254192231.9384894,645266957162.0347,500000000,641012764930.0962,-3754192231.9384894,15.352314398289305,23.316526532611523,30.6936387686357,0.866264284024428,0.9070422043315689,0.5560207183189876,0.03223758474708079,0.21615611466375542,37.52211543068838,68477.8606610063,38075.10927368027,30402.751387326032,3040275.1387326033,919942.2761842124,96894.85625409504,2120332.862548391,2943380.282478508,2006.3794261177702,169.87271504685393,0.5631132450863048,0,1,0,0,0
1907034162.6863456,606711708.615063,4533778350.933824,4745720846145.295,500000000,4741187067794.361,-4033778350.9338236,22.07484973219091,26.164253306189416,36.43871224557077,0.9209508870682416,0.8247260998034276,0.5664015508811668,0.05586272840807084,0.4979074426833427,130.07330598922468,237383.78343033502,134454.5430889808,102929.24034135422,10292924.034135422,5915388.358705406,682221.1643732799,4377535.675430016,9610702.869762141,1035.6919251122858,52.02533121413363,0.5697997651699824,0,1,0,0,0
1632618828.8996181,527953756.969224,3918382302.869766,2015243600126.9702,500000000,2011325217824.1003,-3418382302.869766,16.974818561260975,27.789540267795424,32.73378440311289,0.7403339883722979,0.590440696359066,0.34779561036833295,0.06062593739593522,0.2318858929100942,55.23716463413742,100807.82545730079,35060.5191848263,65747.3062724745,6574730.62724745,2358940.6521622688,466827.50633821107,4215789.975085181,6107903.120909239,929.4538689135229,81.8611543277996,0.8479704296332524,0,1,0,1,0
1857152873.8948622,445774608.67370814,3787123642.507264,2132075546630.671,500000000,2128288422988.1636,-3287123642.507264,20.832458408279344,22.102872663450697,54.10449420302727,0.9300652501987408,0.8006221295240219,0.5366847446591848,0.0462214003217762,0.419300960072104,92.83656452722863,169426.73026219226,90928.74146920523,78497.98879298703,7849798.879298703,1981386.160989233,30390.59205983522,5868412.7183094695,7819408.287238868,645.3403712883766,63.94345730942211,0.6003679978533331,0,1,0,1,0
1337497640.1840518,422483440.2802234,3166629838.6051283,771500350870.7382,500000000,768333721032.133,-2666629838.6051283,29.463582238362463,25.855825155332614,34.82857780993697,0.9697295045011703,0.7796126031462048,0.5155641034415288,0.09663888921089796,0.33954001815434476,32.508681653269015,59328.344017215946,30587.56449190653,28740.779525309415,2874077.9525309415,1142773.9372264314,87997.19275437329,1731304.01530451,2786080.759776568,1829.0432013167638,179.4635701946048,0.6102266584449776,0,1,0,1,0
1647063356.2585201,757444039.7579046,4926399655.69873,716142492023.2032,500000000,711216092367.5045,-4426399655.69873,27.414958414771952,19.60858478938785,41.58343030545521,0.8836162647467691,0.6850288058953689,0.47926095916519934,0.06007948558174514,0.5855468108776977,20.695926801203335,37770.06641219609,18101.718256442375,19668.348155753712,1966834.8155753713,1054155.650345994,91626.85450236652,912679.1652293773,1875207.9610730046,5397.7343226199455,266.6370932607907,0.7099020978744823,0,1,0,0,0
1419019009.5639267,439616303.58885044,3322327539.9808106,2419295029936.1826,500000000,2415972702396.2017,-2822327539.9808106,17.559575360828397,23.79525595835887,53.18492234231213,0.8422885325571432,0.49075593357730385,0.3024611310503883,0.0513504216558843,0.25884470411776994,68.743331941799,125456.58079378319,37945.73932460208,87510.8414691811,8751084.14691811,1241760.2601897279,99181.8657929939,7509323.886728383,8651902.281125117,442.42698678272916,57.79075904391498,0.8749752430161687,0,1,0,1,0
2010303849.4005053,413025621.7414804,3798488643.1030335,1086626557228.1464,500000000,1082828068585.0433,-3298488643.1030335,17.51934876300893,30.02615042711905,37.550925098903235,0.9587786188062277,0.875840634617382,0.5604044794217355,0.12172778538573945,0.2505379140181107,43.197877086733506,78836.12568328864,44180.11797316989,34656.007710118756,3465600.7710118755,968701.5455385752,82519.67992097618,2496899.2254733006,3383081.0910908994,1521.2823186258188,147.79426993834525,0.5294074701394407,0,1,0,1,0
1005756743.4095383,580433756.8456761,3518731152.5194945,1654588951095.0476,500000000,1651070219942.528,-3018731152.5194945,20.84413982594514,27.702121291170403,28.18283073334033,0.8242416404240152,0.8227240956312347,0.4884395767007401,0.05339338651179994,0.16191185112811957,65.05161033640674,118719.18886394228,57987.15035495919,60732.038508983096,6073203.85089831,598002.6149241235,97835.80102463733,5475201.235974186,5975368.049873672,642.6669999634119,83.67685401580756,0.6687776651262171,0,1,0,1,0
1799179059.0908298,437402917.4832549,3692904786.000439,840720122619.0975,500000000,837027217833.097,-3192904786.000439,19.13501607677295,24.098176664474845,37.29085959376653,0.913080666428779,0.5728573814026237,0.37080064003574276,0.07472662219711623,0.3330153147809362,28.164540365372076,51400.286166804035,19059.25900867127,32341.027158132765,3234102.7158132764,950714.8953899338,115395.85586201077,2283387.8204233423,3118706.8599512656,1617.2919698396968,160.3228589453942,0.8060471633755322,0,1,0,1,0
1573328096.3798277,615402068.6306764,4237696995.5742874,1350173289648.397,500000000,1345935592652.8228,-3737696995.5742874,22.162785889773282,31.104399671243048,48.08867535052045,0.7275286192418403,0.7906131750957923,0.5013833958306839,0.07305480644871211,0.46603978810704744,40.055348313486114,73101.01067211216,36651.63296943866,36449.3777026735,3644937.7702673497,1162106.366720597,95811.97957609582,2482831.4035467524,3549125.7906912537,1706.8001433849636,140.87976292962452,0.7116074236015684,0,1,0,0,0
2185340150.6760187,490798767.098694,4310241962.804184,1078369019393.0461,500000000,1074058777430.242,-3810241962.804184,14.034419660103175,23.989247100559602,37.06789159136388,0.9045019990864375,0.8067412184181012,0.500602832347296,0.08788822187222846,0.21285361004482153,33.3306157372342,60828.37372045241,30450.8561715383,30377.517548914107,3037751.754891411,701178.2566677686,33818.70543610947,2336573.4982236424,3003933.0494553014,1844.6849483147028,166.44845000479097,0.6347105914097004,0,1,0,0,0
898689566.2069851,539602561.9538025,3234886269.5985937,1792518107778.9663,500000000,1789283221509.3677,-2734886269.5985937,20.03560888624898,26.5995938051228,40.826539494776824,0.8907570411074873,0.8153447122321856,0.541620394311966,0.05022682080080869,0.43220738784641616,67.93874850343619,123988.21601877104,67154.54645012399,56833.66956864705,5683366.956864705,1377190.3914004155,355638.6132363683,4306176.56546429,5327728.343628337,751.2200720106352,93.84862886223767,0.6066351662619144,0,1,0,1,0
1494992293.1025305,596553015.842702,4077754657.987966,1096040398070.6505,500000000,1091962643412.6626,-3577754657.987966,20.343190025378668,23.446458843789586,38.69065383037665,0.8877025138828233,0.851839115776597,0.5172502886677266,0.05179307234850686,0.16290435540388257,37.77481277923126,68939.03332209705,35658.73488632872,33280.29843576833,3328029.843576833,1365465.0485291304,53388.637051599384,1962564.7950477027,3274641.2065252336,2077.7681675925764,152.68848355162453,0.6088658192184138,0,1,0,0,0
1147789576.6145327,477306416.0219323,3214276569.5238967,3986298956511.6953,500000000,3983084679942.1714,-2714276569.5238967,20.814614439591928,21.577881213940337,42.13459412580255,0.8530910251194656,0.688481220614269,0.4222975123452289,0.05100212165288705,0.23236062400789512,95.2229278954256,173781.84340915174,73387.6401624529,100394.20324669885,10039420.324669885,4129851.436898009,503274.543208593,5909568.887771876,9536145.781461291,543.9105001677706,52.432084351313414,0.7519689825333271,0,1,0,1,0
1050454048.2150233,582616185.4152193,3572877230.902135,880335488817.6694,500000000,876762611586.7673,-3072877230.902135,16.22543654503152,33.1809412737753,37.46980885499733,0.8847448865258742,0.6961346785180555,0.41138909675572205,0.11068141870206605,0.07904038613721043,38.53805619403481,70331.95255411352,28933.798434303062,41398.15411981046,4139815.411981046,2015775.7668456533,160032.1665541808,2124039.645135393,3979783.2454268653,1682.1141917407049,125.63498290379148,0.7466247982571569,0,1,0,1,0
1812377171.3545246,582278765.1513542,4333339500.881034,1094807772956.9174,500000000,1090474433456.0364,-3833339500.881034,14.5250380200543,27.87716433084531,34.33659615586119,0.9220691164300368,0.60896006075887,0.4088979904833746,0.06355868866696944,0.4321641287935481,45.23055752976094,82545.76749181372,33752.798450310496,48792.969041503224,4879296.904150322,2720929.421851244,135821.85437091623,2158367.4822990783,4743475.049779406,2007.693099724237,105.40795403219258,0.770402443224132,0,1,0,0,0
2021432474.6444263,431350722.16786015,3888955363.1299324,1479111383807.6487,500000000,1475222428444.5188,-3388955363.1299324,17.183848197040145,31.081666789807528,27.7534630972927,0.9814118655105465,0.5048480742884318,0.3148072172300527,0.09187104186875661,0.14585867882914588,44.30048859918488,80848.3916935124,25451.65720655995,55396.73448695245,5539673.448695245,2607962.208848384,89117.98405251275,2931711.239846861,5450555.464642732,1326.5137815322744,91.73376974942379,0.8440243914293504,0,1,0,1,0
1427183967.470562,536145025.1814957,3748411346.0686207,1556553356683.8162,500000000,1552804945337.7476,-3248411346.0686207,20.263466629700908,25.14196613622118,38.77809881091739,0.8548123931764271,0.8307572723768845,0.5015489418805031,0.0376949081721876,0.1808910239670619,51.266232884977185,93560.87501508337,46925.35786522907,46635.5171498543,4663551.71498543,2583784.665325662,83322.3530572077,2079767.0496597681,4580229.361928223,1802.3226912272835,109.16483880831372,0.6438292258412514,0,1,0,1,0
2079402486.0252628,574028612.6733311,4564645972.869024,1464880260718.1267,500000000,1460315614745.2576,-4064645972.8690243,19.67090254121527,28.196776042743355,51.95808386714506,0.8860169027652519,0.6303097894561761,0.3905349271304845,0.049191419932358045,0.22804606369877256,44.48784677398763,81190.32036252742,31707.655846480335,49482.66451604708,4948266.451604708,3143517.5206799777,339389.40592105815,1804748.9309247304,4608877.04568365,2529.2415441577004,108.4862961289594,0.7818998621516389,0,1,0,0,0
1354930639.4056635,436446448.9088335,3244515357.936124,512385594718.17065,500000000,509141079360.23456,-2744515357.936124,20.082091001746754,22.001023355406858,32.36281795095125,0.8877869823019968,0.6935437697418684,0.45695411620505977,0.10463187196940102,0.41136721187639713,29.472636487163317,53787.561589073055,24578.447668760098,29209.113920312957,2920911.3920312957,910003.9767787625,80033.66058211193,2010907.4152525333,2840877.7314491835,1613.4583488661867,176.00194280270586,0.7186446089222193,0,1,0,1,0
1134376581.8220062,635223386.8508672,3884561415.831931,638538561766.6533,500000000,634654000350.8214,-3384561415.831931,20.196737472301614,24.746512547894234,41.54293620037359,0.9534252031889421,0.4393876161298614,0.317136334875266,0.13269849706874545,0.6053825715945511,42.419973316199986,77416.45130206498,24551.5696249864,52864.88167707858,5286488.167707858,3064241.6638227217,58974.88882076199,2222246.503885136,5227513.278887096,1748.0335368018727,95.64777233936492,0.8671442231356956,0,1,0,1,0
1613419081.7532535,440208877.8699696,3519293148.6958575,877225489717.5197,500000000,873706196568.8239,-3019293148.6958575,18.1262316531517,22.696928237762325,37.947837971953604,0.9460515488330464,0.5676648554342854,0.3822367366773538,0.04232675377629146,0.4165198054874352,33.651479000204056,61413.9491753724,23474.66751926321,37939.28165610919,3793928.165610919,1323295.5470141866,149050.60556779735,2470632.618596732,3644877.560043121,1424.4502085035786,137.17881925067593,0.7947235004856827,0,1,0,1,0
1908646001.0169249,547434936.0012611,4278752785.12266,2208657084167.539,500000000,2204378331382.4165,-3778752785.12266,18.738869968261895,28.356988833415347,51.60485749058455,0.9817609024062841,0.6856070754625329,0.4465564577087475,0.11483717282093556,0.28136183493788364,62.982022427381054,114942.19092997041,51328.17762297011,63614.0133070003,6361401.33070003,2359524.1772885136,188228.3510116159,4001877.153411516,6173172.979688413,1069.186439537534,80.99562439691057,0.6994218564686983,0,1,0,0,0
1779281053.1434634,620221740.1931183,4464516607.927618,1267661950923.9487,500000000,1263197434316.021,-3964516607.927618,16.098196459162974,26.97735673535854,29.77056629697739,0.8555032024502892,0.8176364102871396,0.5108120630346685,0.05822812281380378,0.2862069281810382,44.939742706730826,82015.03043978375,41894.266898797076,40120.76354098667,4012076.354098667,1634431.008760992,186959.98818201997,2377645.345337675,3825116.365916647,1877.7050230313318,130.71497757694505,0.6426917801723728,0,1,0,0,0
1427542114.9834464,704005148.3030777,4475515980.565611,1669843273033.3213,500000000,1665367757052.7556,-3975515980.565611,14.094036202526432,18.647064458188773,36.700549633141634,0.8779023604109948,0.7939715362921534,0.5329006671448225,0.0662594323428456,0.4747986516426938,82.64436154545905,150825.95982046277,80375.25461108281,70450.70520937996,7045070.520937996,1098884.5360952416,31450.180310370626,5946185.984842755,7013620.340627626,752.6700294901665,71.28985826387868,0.6285525219922249,0,1,0,0,0
1930512972.8983989,352825463.0603554,3458062584.022723,924754670902.6932,500000000,921296608318.6705,-2958062584.022723,16.682790688029144,22.17462735186578,41.129023568426675,0.9845322108495776,0.5863795946219382,0.38201345920727425,0.03595994228656214,0.27921967013814314,28.428679426627376,51882.339953594965,19819.752157440584,32062.58779615438,3206258.779615438,1639704.6124512495,29287.01173340382,1566554.1671641886,3176971.767882034,2207.4325015410004,157.3825757769736,0.7794599631707874,0,1,0,1,0
1111673847.23782,646370146.0649185,3910118315.2181196,1494372494003.8171,500000000,1490462375688.599,-3410118315.2181196,19.249664428559903,27.348236485684872,38.62249548641847,0.885536415003497,0.6012464458109115,0.3669202032492983,0.09664645425410741,0.181115678713303,60.01552757548456,109528.33782525934,40188.15997640196,69340.17784885738,6934017.784885738,1773583.019700744,257396.7399101439,5160434.765184994,6676621.044975594,757.7110249698017,74.88818020850063,0.8046422825030235,0,1,0,1,0
1930616718.2411418,589988664.4061661,4484958876.724273,3752618273375.3086,500000000,3748133314498.5845,-3984958876.7242727,23.48507228266501,27.50920194157476,44.69126923164726,0.9800878598052811,0.5672640043903201,0.37485106347135383,0.10943977042204606,0.3268120105568081,118.80735024910506,216823.4142046167,81276.48740009042,135546.9268045263,13554692.68045263,4916045.5251652505,559565.5183083068,8638647.15528738,12995127.162144324,519.1737544204713,38.475960547468404,0.7915945925251537,0,1,0,0,0
1856971996.7787623,583975854.5112147,4385281835.096764,1620510372595.227,500000000,1616125090760.1304,-3885281835.0967636,14.346198438685862,34.98040979031586,59.58023942172344,0.924088022832091,0.611341885161765,0.3873462135220416,0.030979780853092095,0.25664135106635294,52.440583522963884,95704.06492940908,37070.607169074225,58633.45776033486,5863345.776033486,1141919.7038320159,23114.45834363475,4721426.07220147,5840231.317689852,928.8045111870254,85.61304729241081,0.781175065016884,0,1,0,0,0
1950213039.925069,537841513.459049,4278785324.9427934,1150236265527.0105,500000000,1145957480202.0676,-3778785324.9427934,23.414208542582713,19.975226129668535,34.39792789686555,0.8502277320984017,0.7600787286511871,0.49940686238712934,0.043463039664257706,0.44137271078670737,71.99938881499641,131398.88458736846,65621.5046729462,65777.37991442226,6577737.991442226,753577.2710617871,62164.06621095179,5824160.7203804385,6515573.925231274,734.6612723048789,76.73921065706459,0.6772633024203865,0,1,0,0,0
2298726565.731246,429137779.5139718,4156668570.623299,4004391484084.533,500000000,4000234815513.9097,-3656668570.623299,16.821573487307113,20.797641052925144,39.61085115199138,0.8869501642520986,0.8140611220890822,0.4776820956586219,0.08562715040536326,0.05339197835335554,122.16707557665357,222954.91292739275,106501.57004454255,116453.34288285021,11645334.28828502,5867220.431798461,1356146.8796144652,5778113.85648656,10289187.408670556,719.3815618494584,48.59470239395746,0.6550984102316393,0,1,0,0,0
1604039086.3237271,568774268.4937356,4066534012.6224647,2740718168969.4297,500000000,2736651634956.807,-3566534012.6224647,21.96408474039826,27.262020606259206,40.052651048301435,0.8917004371312257,0.7099364462128305,0.49315615709654226,0.05889608538011003,0.5581156498371338,148.16839000004495,270407.31175008207,133353.03071347714,137054.28103660492,13705428.103660492,7497447.308236948,128433.65203814578,6207980.795423544,13576994.451622346,655.0493866895125,36.82700186566356,0.6878071794144621,0,1,0,0,0
1517978064.2044733,478670041.6445284,3590368842.4343414,728919137255.7526,500000000,725328768413.3182,-3090368842.4343414,20.328920005184195,22.085132564051747,36.222612587263654,0.9929955545594578,0.7867561879439138,0.5132195962807796,0.12337021168797276,0.2745286291965047,58.87523884659135,107447.31089502922,55144.06551900231,52303.24537602691,5230324.537602691,1556746.1418782382,98941.99974477333,3673578.395724453,5131382.537857918,977.349182642473,97.4396269058365,0.5990495526782279,0,1,0,1,0
2349165898.2529325,502726229.85449624,4525707382.122161,1666916883564.6392,500000000,1662391176182.517,-4025707382.122161,15.884033736586636,23.37524056547489,34.94567836753306,0.9373679392185292,0.7786774177656839,0.5145179892886688,0.12399432575510583,0.36970247940138096,45.56919079084225,83163.77319328711,42789.257365068974,40374.51582821814,4037451.5828218134,2098436.758433245,177649.00388192013,1939014.8243885683,3859802.5789398933,2334.024126684672,129.5403041409767,0.6244495912114287,0,1,0,0,0
1987918536.8363938,447422379.5110517,3925023290.8476205,589212445096.7992,500000000,585287421805.9515,-3425023290.8476205,13.807560351692663,23.456866986159955,57.96325975004904,0.8687474629969469,0.7491908832989755,0.47013012507189755,0.06495359548424304,0.2856105417825299,21.3343520099504,38935.19241815948,18304.606881247713,20630.585536911767,2063058.5536911767,863243.4676856658,292491.6503613669,1199815.0860055108,1770566.9033298097,3271.356842090576,282.3954288650019,0.6940121978894829,0,1,0,1,0
2075100540.5711741,514411278.4659873,4302232169.79904,1080408293269.2561,500000000,1076106061099.457,-3802232169.79904,20.579963672768727,29.989636932242544,42.45059538519842,0.9130003725396951,0.8711986209278162,0.5112835220519969,0.04219129333410523,0.02427316369917366,44.4802588920564,81176.47247800292,41504.19275631032,39672.2797216926,3967227.9721692596,774905.6002129398,204252.24659535504,3192322.3719563195,3762975.7255739043,1347.6809884844258,132.87356508890136,0.5933227011854028,0,1,0,0,0
1684047057.1259937,637120138.4626436,4442443832.989086,458597342170.0736,500000000,454154898337.08453,-3942443832.989086,23.146868597525206,26.941338722453306,30.537973115863082,0.8741770991355095,0.6393827065977163,0.39108268058951806,0.08911827880603045,0.2006639105635545,22.17235772020787,40464.552839379365,15824.985793280675,24639.567046098688,2463956.7046098686,1159881.1514102826,129989.4174404667,1304075.553199586,2333967.287169402,3406.5847044593584,214.2275098492884,0.7814107026313726,0,1,0,0,0
2116089552.569364,740783652.7658025,5323295095.203588,1421029764090.1763,500000000,1415706468994.9727,-4823295095.203588,21.97057598432129,26.401933902358,50.16863630314738,0.9403149238590971,0.9048730477243129,0.5548997096677356,0.09149065742850129,0.13682571214560466,34.122433790442415,62273.44166755741,34555.514701338274,27717.926966219136,2771792.6966219135,1312510.7108381393,26584.41711822589,1459281.9857837742,2745208.2795036878,3647.8865271159148,182.13554276850576,0.5278549084068074,1,1,0,0,0
1373456129.2813199,559047033.1709039,3793837217.180122,1415567692132.2039,500000000,1411773854915.0237,-3293837217.180122,15.150576734282328,25.88136729971825,36.28337019753381,0.8920887228616732,0.8396910611172639,0.5148227327539873,0.09589335159208678,0.18861199652909982,53.130648637714884,96963.43376382967,49918.97994750503,47044.45381632464,4704445.381632464,1546042.0233792139,113215.20923464006,3158403.35825325,4591230.172397824,1201.1883179095585,108.90327455285674,0.6143571401084247,0,1,0,1,0
1247910849.373218,618431557.4331445,3925395849.6619005,1165067389334.248,500000000,1161141993484.5862,-3425395849.6619005,18.771085154554658,23.38656606670818,45.11772938751736,0.8372421110329681,0.6232720605943997,0.3822486380771079,0.06645217709701573,0.24917368645273788,48.17431092887942,87918.11744520496,33606.58065573282,54311.53678947214,5431153.678947214,1913247.9672930927,206847.11814594976,3517905.711654121,5224306.560801264,1115.8331608086726,95.70648165089949,0.8005313400674688,0,1,0,1,0
1190422719.0408254,346633214.42654383,2691163134.166317,1197246342879.3555,500000000,1194555179745.1892,-2191163134.166317,23.04811109559902,19.398177409226985,29.003596769061907,0.9634548133059452,0.7826083252679015,0.48802077112854503,0.08844054561889404,0.16512882831431486,49.359521706774466,90081.1271148634,43961.461118724124,46119.66599613927,4611966.599613927,1505307.9281031466,109021.67436553515,3106658.6715107807,4502944.925248392,866.2564570885393,111.03844446252448,0.6320285525465562,0,1,0,1,0
1366321288.0601697,602621509.6463916,3975357055.294547,2533202898644.874,500000000,2529227541589.5796,-3475357055.294547,26.667113485916197,27.184841343778356,31.42315951688487,0.9126662077633754,0.7736281165881864,0.4721653349585406,0.10543489306869178,0.15179174789145577,90.85617763273133,165812.5241797347,78290.92601964554,87521.59816008915,8752159.816008916,3486173.3705344987,329212.20098508475,5265986.445474418,8422947.61502383,754.9121321250198,59.36164189222318,0.6666209419082214,0,1,0,1,0
1423379780.788369,632451833.6280441,4161565239.77867,4137787189877.2437,500000000,4133625624637.465,-3661565239.77867,15.690441481951174,28.98244087198783,50.543255133832545,0.9707051406348776,0.7322974062891207,0.47086899874118054,0.050455046096118505,0.2532980862299408,88.18052378545657,160929.45590845824,75776.6917715787,85152.76413687954,8515276.413687954,3591898.62438575,230521.2070148879,4923377.789302204,8284755.206673066,845.2662821896699,60.35181336405309,0.6652851940378369,0,1,0,0,0
2115102774.808474,505320262.92885864,4302875064.355999,5472405656467.964,500000000,5468102781403.607,-3802875064.355999,15.79928687598147,28.269083866035054,29.48958603455314,0.9019743870312731,0.8246838042116753,0.4974329350331709,0.11642958589513247,0.12591767496295017,171.92684882317943,313766.4991023024,156077.79056354106,157688.70853876136,15768870.853876136,3830561.1699681543,197690.8148149766,11938309.683907982,15571180.039061159,360.4258205963595,32.110604253866605,0.629987660623748,0,1,0,0,0
1393173195.7306936,589801287.5855584,3946704110.640387,699907760482.6539,500000000,695961056372.0135,-3446704110.640387,18.102367681229538,31.789435892474017,44.02812832489839,0.9767788825881003,0.8481483041769663,0.5403920101336592,0.07951158661545167,0.21861918282564716,27.15636508181518,49560.366274312706,26782.025953936256,22778.34032037645,2277834.032037645,394424.98195742315,24708.824912368018,1883409.050080222,2253125.2071252773,2095.5108559514892,221.913987921666,0.552310427366026,0,1,0,1,0
1393318058.2912438,588534431.4916314,3941364149.297234,956166777835.4379,500000000,952225413686.1406,-3441364149.297234,22.475297836139102,28.630372353943883,27.925991162149465,0.9042328194011364,0.6413465102000199,0.4014251148589127,0.07089116641697468,0.23998829074104958,44.92842467089155,81994.37502437708,32914.60141194533,49079.773612431745,4907977.361243174,1740958.6922231251,85275.27673769307,3167018.6690200493,4822702.084505482,1244.5029730490303,103.6763190507692,0.7672029127853061,0,1,0,1,0
1249655457.4868522,648758737.0604936,4058441274.458173,3731890577347.1343,500000000,3727832136072.6763,-3558441274.458173,17.53413734146593,29.297509481840812,41.89614118888176,0.8940325683373654,0.6023152037734153,0.4420107599488107,0.04997956071384405,0.7042573408139187,113.37828899382282,206915.37741372664,91458.8232157363,115456.55419799035,11545655.419799035,3490901.460565359,277683.081619583,8054753.959233677,11267972.338179452,503.8566410592496,44.373555862028695,0.7619818872899686,0,1,0,0,0
1871955513.4765992,536245645.8120388,4193618526.7471786,788313106524.1024,500000000,784119487997.3552,-3693618526.7471786,21.023880168519618,23.120209888204435,36.02474764008331,0.8673596716071322,0.7674253445972223,0.5289405663223667,0.05859839004547725,0.5598843875574734,33.93119345676481,61924.428058595775,32754.34204650231,29170.086012093467,2917008.6012093467,1360831.0400075219,43166.383832623884,1556177.5612018248,2873842.217376723,2694.8200715016587,173.98310769350653,0.6479192835766554,0,1,0,0,0
1853745163.2284288,694816611.1983336,4861937471.7783785,1683669469114.2886,500000000,1678807531642.5103,-4361937471.7783785,13.224203454437303,27.867624409144035,51.13913730281091,0.8419929737615202,0.8835299610042514,0.5506116423891471,0.048084167631850694,0.29309498992004895,55.088868932277435,100537.18580140632,55356.94499529517,45180.24080611115,4518024.080611115,1434961.8433143962,27281.701019496704,3083062.237296719,4490742.379591619,1576.9832386002713,111.34016555308818,0.5903856727118697,0,1,0,0,0
1411261325.7693322,636451841.8353318,4166764726.975417,605953404369.4745,500000000,601786639642.499,-3666764726.975417,25.00618587334305,26.526779986208133,50.2631137424149,0.9783559634887498,0.9258312512103214,0.5859324390514861,0.0749309730908584,0.19593518018299189,15.486411709025736,28262.70136897197,16560.03354730552,11702.667821666451,1170266.7821666452,430823.3997646381,69358.69820418794,739443.382402007,1100908.0839624573,5635.001713640473,454.17052275642186,0.46926677607996126,0,1,0,0,0
2128968375.7582076,583670998.1712952,4655958345.664634,875608316575.7365,500000000,870952358230.0718,-4155958345.6646338,20.02747093115977,18.4795068616938,35.91005956651422,0.9972969704182799,0.847665899987762,0.5652308057405289,0.03002518871914847,0.33667378805662224,27.40273371818237,50009.98903568282,28267.186397714013,21742.802637968805,2174280.2637968804,1019130.0117293173,11377.751957458639,1155150.2520675631,2162902.511839422,4030.6084315274975,231.1708443922326,0.5221682144802349,0,1,0,0,0
1892170595.2034085,687024748.0794716,4866628214.159496,1219069301488.9858,500000000,1214202673274.8264,-4366628214.159496,18.215096398797584,27.058801013973007,36.490570894635354,0.8230330603025372,0.716452575051353,0.4566355583809102,0.09700453318257315,0.3804762632732539,42.98482355742321,78447.30299229737,35821.82800536416,42625.47498693321,4262547.498693321,1707214.5979861908,183887.426378485,2555332.9007071303,4078660.072314836,1904.4987104469901,122.58927960040218,0.7307383791389057,0,1,0,0,0
1502105632.0223706,374601951.26806587,3123936040.8102446,1953588335278.0654,500000000,1950464399237.2551,-2623936040.8102446,16.31321486414655,27.267787814687946,46.03893827520443,0.9835085458261739,0.6907814817618048,0.4378382661294226,0.0733649536423873,0.1952606497766984,76.23481442536858,139128.53632629768,60915.79711423056,78212.73921206711,7821273.921206712,2345427.596079888,62250.625903091546,5475846.325126824,7759023.29530362,570.4937383789513,64.44110050586391,0.7025372834042396,0,1,0,1,0
2083982190.1955738,538784382.4254209,4416636604.406667,1203820356680.1604,500000000,1199403720075.7537,-3916636604.4066668,26.850486156204312,28.615488380126806,28.854431989674364,0.9575002779725328,0.7547334889202271,0.5021238736798703,0.06578933964661583,0.3697558573632705,94.24117823180188,171990.15027303845,86360.36048988107,85629.78978315738,8562978.978315737,2145081.0368487434,240718.1445786966,6417897.941466994,8322260.833737041,688.1749514697204,60.079828064638924,0.6371364039840172,0,1,0,0,0
1759258182.853579,472199770.07453203,3803636071.268502,1166932135990.2112,500000000,1163128499918.9426,-3303636071.268502,17.393047001607137,23.729503466277407,33.60807950724256,0.9669752743281498,0.7093242138964323,0.45785314538106053,0.12902683005170565,0.26896298468307583,41.50291445885956,75742.81888741869,34679.08786763265,41063.73101978604,4106373.101978604,1893036.179096482,207796.9177188573,2213336.922882122,3898576.184259747,1718.5074861153782,128.25195055023374,0.6859589962781918,0,1,0,1,0
1336907874.0090413,581824925.675971,3855905316.114668,995212929345.7289,500000000,991357024029.6143,-3355905316.114668,22.709632371364776,21.4529085274581,38.55661603198462,0.9798936500317471,0.7281906433307708,0.5020262981137298,0.10201609527993294,0.45177024626398155,39.25411513563042,71638.76012252552,35964.541545768974,35674.218576756546,3567421.857675655,773623.9372678914,92646.78761850978,2793797.9204077637,3474775.070057145,1380.1661487212668,143.89420607641725,0.6417794425160558,0,1,0,1,0
1999464314.4570796,674275009.8943717,4918722239.384127,1360102027202.791,500000000,1355183304963.407,-4418722239.384127,20.639337284804096,27.482560906795335,29.45000611567075,0.9251644541690487,0.8287126474108438,0.4997845551874358,0.04970719429386625,0.0997789897456879,43.3248118755716,79067.78167291816,39516.8560930567,39550.92557986147,3955092.557986147,1852062.7817956803,38114.76711034,2103029.7761904662,3916977.790875807,2338.874273237418,127.64943451165286,0.6168174385124465,0,1,0,0,0
1864873023.166204,561686503.9403054,4296681638.183941,4404491126199.489,500000000,4400194444561.306,-3796681638.183941,19.243403314427017,22.24912164353279,47.578251521658956,0.9640159560340568,0.8233152896822621,0.5578694221627079,0.03826454496424302,0.4170957593092051,230.13779744254197,420001.4803326391,234305.98314065128,185695.49719198784,18569549.719198786,4518105.680442004,882507.3897727598,14051444.03875678,17687042.329426028,305.7822118732286,28.269282714846412,0.5572251337389593,0,1,0,0,0
1799176609.763624,495064472.6350337,3942546694.495152,1526935513722.247,500000000,1522992967027.752,-3442546694.495152,21.604969589004348,21.881352348028297,33.03468274873211,0.9225431336894693,0.6005477898106658,0.3664065565740762,0.09398759766656764,0.1399282880850683,43.83097121224323,79991.52246234388,29309.418300545294,50682.10416179859,5068210.416179859,967662.7042064614,41664.70041335788,4100547.7119733975,5026545.715766502,961.4683138506375,99.47188949892096,0.7969993211383067,0,1,0,1,0
2409256503.983956,537116176.3671166,4734688458.983815,627528990220.0032,500000000,622794301761.0194,-4234688458.983815,15.487995859342051,26.442310245068228,41.61144583960053,0.9661771412250391,0.587858250567423,0.4144424252021598,0.04237122584735388,0.5284536539052754,27.395796056322755,49997.327802789034,20721.01378821526,29276.314014573774,2927631.4014573772,1099368.0884499266,49989.02434028769,1828263.3130074507,2877642.3771170895,2589.7191204889205,173.75334891367405,0.7646069790083407,0,1,0,0,0
1463437696.4238954,500479728.6786199,3630253005.861623,1143844219127.2983,500000000,1140213966121.4368,-3130253005.861623,27.216621433230117,24.944509243504235,33.03641724517168,0.9132224550179983,0.7319482062957696,0.47695417859294326,0.12611595457515817,0.3528542206695314,42.93416701362422,78354.8547998642,37371.675409838565,40983.17939002564,4098317.9390025637,2081746.6510369587,112611.15241929278,2016571.287965605,3985706.786583271,1800.2105988149629,125.4482647050469,0.6811887848955533,0,1,0,1,0
1512618075.3189907,495147974.1976325,3656349678.117751,811827926423.9814,500000000,808171576745.8636,-3156349678.117751,18.709242970402293,25.569127576462254,44.25127693564295,0.9561880661857535,0.8464834469551338,0.5785168474505942,0.07077467154471463,0.44967860470562854,35.04209066979334,63951.815472372844,36997.202675819266,26954.612796553578,2695461.279655358,909529.9809240944,144968.84135257988,1785931.2987312633,2550492.4383027777,2047.3070160734876,196.04057337755702,0.5317499850557754,0,1,0,1,0
1799234190.7585166,688313298.0254979,4779270556.644868,1037311684129.3542,500000000,1032532413572.7094,-4279270556.644868,17.775677418574993,26.909664681333524,36.28774386118228,0.9496329881759483,0.8036770253170539,0.5299438214255513,0.04924573770483788,0.35119048488636334,41.16750518221485,75130.69695754211,39815.048652044905,35315.648305497205,3531564.8305497207,417112.7525615173,20846.74217752384,3114452.0779882036,3510718.088372197,1534.5461856430497,142.42100545072057,0.5955478213952436,0,1,0,0,0
1598511001.5720897,607733159.6993101,4229677538.4590063,951663564555.1725,500000000,947433887016.7135,-3729677538.4590063,19.63996622821299,21.396379284175545,42.679926737214906,0.989501389595061,0.9011620680663932,0.5596080688546939,0.06683776638818172,0.12391421225871867,34.82836570438431,63561.76741050137,35569.677913581894,27992.089496919478,2799208.9496919475,748212.7171904513,85063.00442894975,2050996.232501496,2714145.945262998,2062.255147733881,184.22001251356826,0.5009968590235336,0,1,0,0,0
1081151065.8407335,693613001.1557322,4084132372.790703,841061683474.7655,500000000,836977551101.9749,-3584132372.790703,14.548028927343285,32.86263961530656,40.609886588719334,0.8755412835815795,0.667213117409767,0.43083367925135824,0.06673188223549344,0.36451735869733937,26.825484711549933,48956.50959857863,21092.113153660066,27864.396444918566,2786439.6444918565,1022868.8690193341,255553.4320808432,1763570.7754725222,2530886.2124110134,2315.83128366165,197.55925712823017,0.7483187568268435,0,1,0,0,0
1198297544.2251,422985003.8472959,3029601250.4086547,751570956526.1847,500000000,748541355275.776,-2529601250.4086547,17.744967238315333,20.136167793590793,31.569840771759747,0.9494322414440035,0.7399287746616601,0.49521640952245005,0.023977683582311154,0.395399206764614,26.60132675495324,48547.42132778966,24041.47968152161,24505.941646268053,2450594.164626805,886480.8806395539,121982.46515332194,1564113.283987251,2328611.699473483,1936.9449012577713,214.72021295480644,0.6521044133199128,0,1,0,1,0
1237734925.812025,714181279.7837734,4329766115.237133,2101234457938.8896,500000000,2096904691823.6526,-3829766115.237133,20.22845679938454,21.431431149027897,41.780979116991645,0.8879746514023035,0.5620976416618108,0.3694028532418276,0.1411374653767208,0.4036975233835478,110.2105282326076,201134.21402450887,74299.552545206,126834.66147930287,12683466.147930287,3192072.789817841,182202.9404150201,9491393.358112447,12501263.207515266,456.1781344291681,39.99595814440734,0.815620523699033,0,1,0,0,0
2198637704.338362,683139311.6027793,5156273416.713393,1951417757384.0405,500000000,1946261483967.3271,-4656273416.713393,21.216487984154245,21.335867225371963,50.91466496981053,0.9186403327396476,0.7586600654093119,0.4932633583000797,0.05825503864750972,0.34067119388522005,60.53934084903915,110484.29704949645,54497.85540205821,55986.441647438245,5598644.164743825,1206484.1275790955,199235.32343385616,4392160.037164729,5399408.841309968,1173.9721169272152,92.6027301682703,0.6562271388721064,1,1,0,0,0
1450010105.922324,513076902.619071,3671364586.051112,1766730043340.522,500000000,1763058678754.471,-3171364586.051112,14.999570657071088,21.86542971341339,46.44574098034741,0.9802046929446683,0.8448222937822751,0.5629812424548438,0.037410990651252786,0.3518919462209712,62.114244082548254,113358.49545065057,63818.70661161902,49539.78883903156,4953978.883903156,1402073.1754753492,228624.1466716509,3551905.708427807,4725354.737231505,1033.6323335779603,105.81216179611955,0.5337959216099831,0,1,0,1,0
1299860590.3840342,565308684.8573303,3747351353.178835,2959413485301.4897,500000000,2955666133948.311,-3247351353.178835,16.277208614069444,26.86159636256999,38.20291937274095,0.9069954261558475,0.6799760650743687,0.41174861532516327,0.07147940032316859,0.13285738353465185,127.53414562269185,232749.81576141264,95834.41435694852,136915.40140446412,13691540.140446411,5547936.095009914,395152.4466949914,8143604.045436498,13296387.69375142,460.1588353597288,37.60419833688911,0.7460601432347392,0,1,0,1,0
1534981546.098614,576566008.9388163,4031210630.8779397,2359166218580.551,500000000,2355135007949.673,-3531210630.8779397,19.438860535224215,27.064936601393192,42.36204760367028,0.8955335715235825,0.6297187986454833,0.41966446474757857,0.031759766627912946,0.4367781481582361,68.14619139385113,124366.79929377831,52192.32625799301,72174.47303578531,7217447.303578531,2116455.057120302,308963.6420907833,5100992.246458229,6908483.661487748,790.2797016946909,72.37478215188028,0.7633368034272807,0,1,0,0,0
1721679263.1299012,598298815.4362181,4312000026.627062,1287535059859.1406,500000000,1283223059832.5137,-3812000026.627062,22.652184073230856,20.61849670918817,33.01472204253232,0.8358305406442544,0.6772546313059037,0.4246880682350842,0.10713211479390984,0.3184470188805055,43.72486756136236,79797.8832994863,33889.20890770753,45908.674391778775,4590867.439177877,2956559.4198394767,46186.18070838369,1634308.0193384006,4544681.258469493,2638.4255450038377,110.01871672918695,0.7595967807755544,0,1,0,0,0
1681526404.4744427,485044636.63152313,3781515842.985225,1419146620173.2253,500000000,1415365104330.2402,-3281515842.985225,18.968274015014735,23.81898903241753,50.78035224301061,0.783348229066029,0.6212935630461529,0.3835591517913553,0.06014072567307614,0.32766683598725627,49.12262885846178,89648.79766669276,34385.61679215151,55263.18087454125,5526318.087454125,3550197.1208713246,792097.767601352,1976120.9665828007,4734220.319852773,1913.6054456850363,105.6140116469166,0.8133258985279742,0,1,0,1,0
1484811212.8935409,531326996.0119634,3785179046.60369,1813798706549.3877,500000000,1810013527502.784,-3285179046.60369,21.766963436935534,23.87779429798205,32.04370712394851,0.9062658393268196,0.5559193283211129,0.3459338445926095,0.04025292464002565,0.21973347683699906,59.13087851235014,107913.853285039,37331.05415169634,70582.79913334266,7058279.913334266,2085242.1295258347,130967.49039790985,4973037.783808432,6927312.422936357,761.1402147250407,72.17806408506972,0.8257148287509749,0,1,0,1,0
1675935370.3326068,666406075.4068769,4561124926.973322,1789868555965.3167,500000000,1785307431038.3433,-4061124926.973322,16.20607916271949,22.152244482506884,49.04125849605998,0.8527457396527844,0.8022500295196224,0.4763496770798947,0.03116766777723312,0.13034266776733064,67.2419621701415,122716.58096050826,58456.003712886864,64260.5772476214,6426057.72476214,3330084.124274705,288673.7836404103,3095973.600487435,6137383.941121729,1473.2441278747376,81.46793565413068,0.6741219002322308,0,1,0,0,0
1663350783.841711,454934098.0055133,3632977347.831056,1344658898907.088,500000000,1341025921559.2568,-3132977347.831056,23.456610837343398,22.373535228530194,41.12367227882475,0.8791225617133674,0.8678356738920987,0.5527211247454946,0.05726143990653436,0.31963117661675394,66.41023534699106,121198.67950825868,66989.07045547347,54209.60905278521,5420960.905278521,2754434.097395086,636653.3764370679,2666526.8078834345,4784307.528841453,1362.4379612799562,104.50833208062565,0.5783103052009454,0,1,0,1,0
2205825829.054902,379380663.926426,3848345562.812794,2450368743328.178,500000000,2446520397765.365,-3348345562.812794,21.784136486446634,20.474059792393675,30.886554458503184,0.9606541263324387,0.7550347080333293,0.49855639049782224,0.05059570670734409,0.34417414429826104,78.77436933653762,143763.22403918114,71674.0740633039,72089.14997587724,7208914.997587724,1708699.2325723083,249267.56544695923,5500215.765015416,6959647.432140765,699.671745114168,71.84271974625037,0.6383834853511501,0,1,0,1,0
1036740495.4620275,554165983.0900395,3435989190.9075465,913464368259.6368,500000000,910028379068.7292,-2935989190.9075465,19.022761746705235,28.75289308402006,34.99057651444133,0.9478275553619676,0.6302489093552921,0.4262867740952574,0.07395817043156946,0.4278321314292813,32.38729809331801,59106.81902030537,25196.455207198178,33910.36381310719,3391036.381310719,844177.1990150837,111510.53872020742,2546859.1822956353,3279525.842590512,1349.1084292341932,152.46106419001347,0.7453502279697473,0,1,0,1,0
2403062163.3404336,592163698.5564601,4966821081.435089,2294613228978.901,500000000,2289646407897.466,-4466821081.435089,17.58490126624304,22.261374086789022,31.06271109939667,0.9490705306718251,0.7319406880713745,0.4907713157319462,0.05472128843720414,0.4011533896438748,117.22888761823498,213942.71990327886,104996.9501382034,108945.76976507546,10894576.976507546,3254944.6062062387,414637.76718947926,7639632.370301308,10479939.209318068,650.1387554646425,47.71020041370403,0.6590791599879562,0,1,0,0,0
1808004409.7405648,612158727.2467537,4458331338.07844,923936259154.5981,500000000,919477927816.5197,-3958331338.0784397,17.74365903511142,28.80299874469631,27.99812103365589,0.864666931721669,0.6027128729367529,0.399474384765966,0.11129334643706662,0.4519276625018137,55.531782128480316,101345.50238447658,40484.93221383652,60860.570170640065,6086057.017064006,2211654.693653229,141004.12636134017,3874402.323410777,5945052.890702666,1150.7146047118847,84.1035410773113,0.7918155659986783,0,1,0,0,0
1329882986.5790477,515424704.0099872,3561402218.057082,2142343804031.5405,500000000,2138782401813.4834,-3061402218.057082,24.526964489883603,25.99422928828524,38.640686063063264,0.9414203657125082,0.7984737588001969,0.5422814005714657,0.0336013860229141,0.44596775383055043,104.73900541369385,191148.68487999128,103656.37655411541,87492.30832587587,8749230.832587587,2873746.305743172,435758.6872635943,5875484.526844415,8313472.145323993,606.1461317420622,60.14334218720282,0.5923673650952772,0,1,0,1,0
1678243095.5749154,618378246.5845764,4355497287.788431,1054272701969.387,500000000,1049917204681.5985,-3855497287.788431,15.37468187436497,24.566255232436095,41.01994856636541,0.8484890835511171,0.8331371809701847,0.5268739519535904,0.11313393060413765,0.33048713543391095,40.091381093588865,73166.77049579968,38549.665522803334,34617.10497299634,3461710.497299634,744598.1591411756,27796.36951338481,2717112.3381584585,3433914.127786249,1602.9875639004308,145.60643667648625,0.6275486920855513,0,1,0,0,0
2166992344.7403684,599390969.541683,4762041563.957872,929439210315.4302,500000000,924677168751.4723,-4262041563.9578724,16.58568670093681,24.72810625513154,28.755894235866887,0.8915043614938828,0.5057425439589777,0.3229420420412363,0.051695467541826565,0.31451141633711827,32.498227717413116,59309.26558427894,19153.455339753058,40155.810244525885,4015581.0244525885,1296576.2593705198,78230.67901833635,2719004.7650820687,3937350.345434252,1751.3914006745545,126.98895351789041,0.8543945777568753,0,1,0,0,0
2062001345.753558,429898584.0994431,3923237236.3493176,1240679518898.185,500000000,1236756281661.8357,-3423237236.3493176,26.041194474126907,22.538474205274646,33.56292938827215,0.9855678774905534,0.4454396612198339,0.31556049686293597,0.05313150455165484,0.523749841696546,36.93521110049852,67406.7602584098,21270.910759064605,46135.849499345204,4613584.949934521,1638042.7679018741,227360.19519849896,2975542.1820326466,4386224.754736022,1318.4949149903441,113.99324657500176,0.8614654639402372,0,1,0,1,0
2278968096.8042755,415669068.80099475,4078597632.881019,1089495298215.8094,500000000,1085416700582.9285,-3578597632.881019,17.449772860527755,22.800245332380342,39.96997700356772,0.9064160913022865,0.6816598335523958,0.4372574949716035,0.06579307374808413,0.31270722352468855,52.157658370939885,95187.72652696529,41621.54685322289,53566.179673742394,5356617.967374239,1527166.0723553656,264959.60530603793,3829451.8950188737,5091658.362068201,1065.0604171803855,98.19983283342344,0.7298328301187803,0,1,0,0,0
1995344111.8085198,401832700.4725723,3735069414.0011034,795989104120.4418,500000000,792254034706.4407,-3235069414.0011034,23.13334128435464,20.278931645193207,52.0146937985155,0.9035128811864845,0.8068383583585,0.5313985171351945,0.11278832732618282,0.3943393504888055,44.196373496027924,80658.38163025097,42861.74439283997,37796.63723741099,3779663.7237410992,2223127.5279969224,79941.7455239951,1556536.1957441769,3699721.978217104,2399.6033142135666,135.14529009040567,0.6126164062016732,0,1,0,1,0
1542470487.5174906,556807617.2962551,3953156076.6311607,1765446324027.1733,500000000,1761493167950.5422,-3453156076.6311607,18.911908550344847,23.042948149429765,48.71913666625049,0.8712167691765202,0.8500167654843567,0.5544528747117435,0.08528748515874553,0.3988099470627225,52.113074287266315,95106.36057426102,52731.99502377065,42374.36555049037,4237436.555049038,1236561.6715991413,49472.4480317411,3000874.8834498962,4187964.1070172964,1317.3345208203061,119.3897529260594,0.5894005556135969,0,1,0,1,0
1173254479.6957884,698682898.6052883,4198185789.376102,776020404450.5754,500000000,771822218661.1993,-3698185789.376102,21.425195784373642,30.699509866799367,45.7933089258179,0.8746506867687743,0.5776975732761639,0.35572180415404964,0.059989299637725896,0.22101596178081165,41.800207457681495,76285.37861026873,27136.37250981954,49149.00610044919,4914900.610044919,2486999.9664744195,114357.86186135102,2427900.6435704995,4800542.748183568,1729.1423355785269,104.15488960892813,0.8202596135937715,0,1,0,0,0
1706092807.640317,529243601.11442167,3997440631.745848,1045937921778.918,500000000,1041940481147.1721,-3497440631.745848,19.176987279045665,29.50954867899294,35.54904508791745,0.775127722554634,0.8242236329117487,0.4953608553573433,0.05828330474794294,0.2550038979455258,41.03207650348567,74883.53961886135,37094.374237784665,37789.16538107669,3778916.538107669,966705.5754737415,65269.809743111284,2812210.9626339274,3713646.7283645575,1421.4583062437928,134.63854711355208,0.6835245564490028,0,1,0,1,0
1618267842.4239478,421317081.8989208,3442350319.443579,928085202346.177,500000000,924642852026.7334,-2942350319.443579,21.80510510819131,26.470722937779264,41.47330031350363,0.9591027215811808,0.7000654101254268,0.43139890106919065,0.05982399517274076,0.13201864097973276,31.899239002994808,58216.11118046552,25114.36638777465,33101.74479269087,3310174.4792690873,2075638.4468053544,137891.05632441278,1234536.0324637329,3172283.4229446747,2788.3757370562657,157.61517283845797,0.7103438341054806,0,1,0,1,0
1173834906.106783,634221728.9428352,3919683085.571931,1334404648046.4226,500000000,1330484964960.8506,-3419683085.571931,14.954035246303327,29.9995337162377,30.49610150802732,0.7255779679634544,0.7861984868786208,0.46386711373855044,0.08568118394503155,0.2536506529319708,39.52884223284305,72140.13707493855,33463.43716965514,38676.699905283414,3867669.9905283414,2037754.4498071347,284359.95194126084,1829915.5407212067,3583310.0385870803,2142.0021844434987,139.53579082349034,0.7353877932982529,0,1,0,1,0
1897650220.0503242,491363837.6598295,4024998491.9901853,1609745141005.0596,500000000,1605720142513.0693,-3524998491.9901853,18.788562810881476,23.880929917895237,36.756344899483594,0.9392625790261848,0.49198785589302363,0.3212575376215874,0.039356682392399575,0.33245641514971314,54.42255256892305,99321.15843828456,31907.67079360684,67413.48764467772,6741348.764467772,1858708.7612032532,328718.7907133029,4882640.003264518,6412629.973754469,824.3488132033251,77.97112916952852,0.8515450342333034,0,1,0,0,0
1694598366.4748654,484741138.9911986,3793273819.0322704,758323100933.33,500000000,754529827114.2977,-3293273819.0322704,16.69164724411729,24.822136232994986,41.459713925769925,0.9619308104315891,0.668116694733077,0.4831621106369798,0.059198308579448605,0.6028275265145795,24.825846598040926,45307.17004142469,21890.70790420329,23416.4621372214,2341646.21372214,753601.5424215571,95437.6937910105,1588044.671300583,2246208.5199311296,2388.6442790841897,222.5973214701057,0.6894803921640884,0,1,0,1,0
1174253790.6998148,576807572.0977176,3671528717.540087,2546235324649.6084,500000000,2542563795932.0684,-3171528717.540087,13.820403802296992,21.393851286880405,50.82233020805437,0.880476708753036,0.7821485522140514,0.5022937388744144,0.04020030046251598,0.3431033635336927,85.00863882680879,155140.76585892605,77926.23533512007,77214.53052380598,7721453.052380598,1066179.4995569391,30281.56216364074,6655273.552823659,7691171.490216957,551.6720970819229,65.00960232599049,0.6540885940635678,0,1,0,1,0
1868362341.2048023,497863156.8890401,4023849264.122513,1419871898066.0679,500000000,1415848048801.9453,-3523849264.122513,20.54495513749908,23.775205290455148,29.519265105403804,0.8040597046752388,0.5279343885828973,0.32477236762681605,0.07352142570719189,0.29456999568656234,46.46267328580159,84794.3787465879,27538.87114697432,57255.50759961358,5725550.759961358,2562805.03661926,164129.3831438983,3162745.7233420983,5561421.37681746,1272.264549889417,89.90507392304923,0.8621371280551878,0,1,0,0,0
1723441218.5005412,538728597.516161,4055854113.24842,1848393035652.153,500000000,1844337181538.9045,-3555854113.24842,14.763453852860307,27.298720130181934,27.16321550487386,0.9821365617226291,0.7209855347904748,0.46181700706288986,0.0782761418866569,0.22953927509643582,65.19387484971334,118978.82160072683,54946.44329551718,64032.378305209655,6403237.830520965,2204425.822875909,257046.23250535064,4198812.007645056,6146191.598015615,965.9527756574138,81.35118992408763,0.6729844890070595,0,1,0,0,0
1457422627.4423695,674862058.6353862,4379222166.198162,800579255339.5979,500000000,796200033173.3998,-3879222166.198162,16.797807346984314,22.541054140822666,42.87895535339291,0.929131973886169,0.7752677131165604,0.4854755065031407,0.05093798983893309,0.21493166130632793,34.029119839102044,62103.14370636123,30149.55514628305,31953.58856007818,3195358.856007818,1041552.5536321036,104450.23294798637,2153806.3023757143,3090908.6230598316,2033.247911554417,161.76473036754712,0.6502993603124037,0,1,0,0,0
1940901056.7839103,483317196.45494336,4033411583.3502793,1201199007055.7698,500000000,1197165595472.4194,-3533411583.3502793,26.08088656650909,27.996367385877818,27.701209278861057,0.8589092032026123,0.6935880815459379,0.44898448445163097,0.08441493482070139,0.38905141382906155,58.840754611684666,107384.37716632453,48213.91922018171,59170.457946142815,5917045.7946142815,992450.4819616219,107490.53357751216,4924595.31265266,5809555.2610367695,819.0341190041179,86.06510783250047,0.7325268383393264,0,1,0,0,0
1651074044.0513744,300224683.5882692,2950889807.594305,619024458810.0214,500000000,616073569002.427,-2450889807.594305,26.740455645859754,28.09033040376935,39.8728864005226,0.876147019220001,0.6938972343794768,0.48238890211353186,0.06048445258002691,0.5751846645429551,23.308270893711974,42537.594381024355,20519.66345201308,22017.930929011276,2201793.0929011274,1221110.224397313,219282.66051578874,980682.8685038143,1982510.4323853387,3009.01535283914,252.20548241877572,0.7067287757397234,0,1,0,1,0
1837853574.3530989,605412172.9955707,4458971453.453331,712162345681.9004,500000000,707703374228.447,-3958971453.453331,13.143366967160489,27.57617250443716,40.56617126780548,0.983143114448699,0.7212484994970353,0.5148561588916971,0.12426734273534022,0.5473286626791163,26.107701511218398,47646.55525797358,24531.122424541274,23115.432833432307,2311543.283343231,1023234.6430005048,26155.63018403247,1288308.640342726,2285387.6531591984,3461.1049820073554,218.78126422396068,0.6349203908780566,0,1,0,0,0
1664292257.644853,663333873.784842,4536180789.035495,1517725796261.9114,500000000,1513189615472.876,-4036180789.035495,15.413410702936282,28.34336136156101,32.2737474349436,0.911577203773665,0.8110606135242541,0.5177383765081034,0.05117356791636239,0.2925883028118678,70.73826546281114,129097.33446963032,66838.64435983002,62258.6901098003,6225869.01098003,1301892.868923301,29239.61151346644,4923976.142056729,6196629.399466563,921.2434541042977,80.68902749663269,0.6172130481800814,0,1,0,0,0
1965036012.8582058,549810821.9166831,4345429139.606841,1150747103534.8499,500000000,1146401674395.243,-3845429139.606841,20.492217413164095,29.85765318786627,30.554230340349715,0.9741090784310996,0.6975958297348849,0.45372207556236266,0.07725381206187386,0.28487966233706413,50.4021871329558,91983.99151764433,41735.167549896345,50248.82396774799,5024882.396774799,870578.1587428955,91001.71946123033,4154304.2380319033,4933880.677313568,1046.0064768066873,101.340107858515,0.6916802276320672,0,1,0,0,0
1498115981.7204757,681709857.0957772,4449562904.155712,1733774631768.7979,500000000,1729325068864.642,-3949562904.155712,23.35014313441266,26.528774091796848,31.520178886446228,0.9649413522490783,0.6470919727542418,0.42903860478892875,0.043967296279304506,0.352110156192337,68.92626400200906,125790.43180366655,53968.951356841986,71821.48044682457,7182148.044682457,2937819.0933789928,31882.889222487545,4244328.951303464,7150265.155459969,1048.3548648577814,69.92747669199346,0.7321058053648091,0,1,0,0,0
1589536597.1682818,523752788.2600182,3857112075.1178737,815848422314.8934,500000000,811991310239.7755,-3357112075.1178737,14.9995131225256,18.762005080407025,33.725050566150635,0.9276543306231276,0.809371799561539,0.5571179321721962,0.1352859140577786,0.49783451912753357,27.88080511971601,50882.469343481716,28347.5361044557,22534.933239026017,2253493.323902602,598571.7572208319,43150.64793272036,1654921.56668177,2210342.6759698815,2330.6917697928398,226.2092685608596,0.5817062434844466,0,1,0,1,0
1851847753.4199667,475133669.17784244,3908927889.556657,2990935791508.3223,500000000,2987026863618.7656,-3408927889.556657,16.347413310255234,19.78290121643266,36.774950156236855,0.9735565294813987,0.7740413299767733,0.48063050777257343,0.039296369769363786,0.1407829734492474,96.07727375989514,175341.0246118086,84274.24569253686,91066.77891927173,9106677.891927173,3620870.3404551195,315864.66055219254,5485807.551472054,8790813.23137498,712.552865349376,56.87755920185719,0.6378098307461144,0,1,0,1,0
1979012648.060043,559587723.7780622,4401734643.328566,1298217210093.477,500000000,1293815475450.1484,-3901734643.3285656,22.18608375941362,21.4939489045195,35.24594582718064,0.8626961147946575,0.7249118909747925,0.46848470630114125,0.10511917553958514,0.38026296845920937,47.2185370926706,86173.83019412385,40371.121529338525,45802.70866478532,4580270.866478533,1469636.1178249451,148716.78437952648,3110634.7486535874,4431554.0820990065,1415.0599472451145,112.82723639089042,0.7070196565621207,0,1,0,0,0
1181198570.1274025,673948871.9582063,4099044488.4684134,474536457704.0671,500000000,470437413215.5987,-3599044488.4684134,16.107509825221864,25.88077091780029,40.29803496756134,0.933669809797987,0.8105820001958787,0.5158264042057856,0.08357189341833442,0.2599738685321537,23.90013356013535,43617.74374724701,22499.183916711816,21118.559830535196,2111855.9830535194,721786.3086385027,85594.80367165663,1390069.6744150165,2026261.1793818627,2948.8050591373526,246.759897039794,0.6096143540190608,0,1,0,0,0
1296234007.9871795,359225095.43418896,2851490678.17463,1249162549306.894,500000000,1246311058628.7195,-2351490678.17463,24.169381262479575,32.378231448701236,35.66765568223824,0.6339560082250058,0.7624727212991782,0.4174294388925225,0.05231355136701191,0.12589367486571773,43.38683629056333,79180.97623027807,33052.470478767136,46128.50575151094,4612850.575151093,1607991.24840817,132778.21840550934,3004859.3267429234,4480072.356745584,948.9597908283663,111.60534031267527,0.7982253944575702,0,1,0,1,0
1923577149.0068026,629919145.2466497,4650797392.735879,1094122041172.7877,500000000,1089471243780.0519,-4150797392.735879,19.677475413149786,27.738971846855126,43.86590042415962,0.9602186437705211,0.6162036535543054,0.39128039770184125,0.05298705250962822,0.22542136990134817,37.30339561129002,68078.69699060428,26637.859633506785,41440.837357097495,4144083.7357097496,1272236.926980731,224673.85450039967,2871846.8087290186,3919409.88120935,1619.4448041586743,127.57022489460147,0.768483208945062,0,1,0,0,0
1311562084.372432,560519894.6126077,3738319891.5221624,2027542240454.5269,500000000,2023803920563.0046,-3238319891.5221624,20.37114376313393,31.411586920133278,31.502203508681696,0.9076498919376401,0.5819979127686292,0.36312589865005673,0.06650391005256222,0.22652074765130897,68.25932389229013,124573.26610342949,45235.77920158048,79337.48690184901,7933748.6901849015,4022629.4999065734,435658.87411296804,3911119.190278328,7498089.816071933,955.8184523791338,66.68365040496911,0.8081786196194172,0,1,0,1,0
1359266170.5142694,668472209.1279067,4253401004.898587,1103558348848.4468,500000000,1099304947843.5482,-3753401004.898587,21.215909654900955,25.435786228881298,30.870690757979347,0.9238375846661566,0.5271922885951336,0.3249634918646677,0.06603280038742823,0.1710814366750448,40.22753810518506,73415.25704196274,23857.27828449835,49557.9787574644,4955797.87574644,2405292.064359643,68167.02466691063,2550505.811386797,4887630.851079529,1667.669599461084,102.29905146980673,0.8417297644952135,0,1,0,0,0
2268312569.059154,554330545.4220977,4668273733.282184,930061128025.0881,500000000,925392854291.8059,-4168273733.2821836,24.932057338895746,27.985777046083065,36.775708576412484,0.9903224091913281,0.42571409901021817,0.2932273215642569,0.09783309821928396,0.43905457970774375,37.64396154618634,68700.22982179007,20144.784381492387,48555.445440297684,4855544.544029769,1353566.0903201394,228723.88264217158,3501978.4537096294,4626820.661387597,1333.0389649705307,108.06556739332285,0.8763770583817656,0,1,0,0,0
1616680134.39615,655289842.4797758,4453742219.913684,2177947312413.1082,500000000,2173493570193.1946,-3953742219.913684,21.16483958114337,24.152669478994312,51.5233156536164,0.999112555722853,0.8108384969337763,0.5324266790969205,0.046611959417803696,0.2884121422537234,76.8431892304005,140238.8203454809,74666.88939701405,65571.93094846685,6557193.0948466845,3458987.9277502033,573119.2556472648,3098205.167096481,5984073.83919942,1437.5233335781827,83.55511870937951,0.5686710721801671,0,1,0,0,0
1194931405.0728478,345401145.7618636,2690337607.6579914,1564009125047.4192,500000000,1561318787439.7612,-2190337607.6579914,17.06468040755204,27.192845563744704,39.89285214467297,0.9158365744407796,0.7507930924719698,0.449159850334604,0.08554144248308324,0.08402248889577697,44.00686011131605,80312.51970315179,36073.15932986259,44239.3603732892,4423936.03732892,1565241.060003923,153912.7744609788,2858694.977324997,4270023.2628679415,941.106913818226,117.09538080225289,0.691155991815089,0,1,0,1,0
1464458998.764185,490083308.84718364,3586263251.0836253,673085442799.6924,500000000,669499179548.6088,-3086263251.0836253,23.875752241932148,25.121674573099433,39.713844697908144,0.8812438710941775,0.7703498149735515,0.5358354459157355,0.06291506474454005,0.5718317070297938,21.660297991718487,39530.04383488624,21181.598665334837,18348.4451695514,1834844.51695514,785019.9438166311,108170.7047100464,1049824.573138509,1726673.8122450938,3416.059542559851,289.5740912117495,0.6362395057501258,0,1,0,1,0
1770349844.5144882,611808035.3421024,4419158460.432596,2048711014096.3784,500000000,2044291855635.9458,-3919158460.432596,20.09678367975051,28.51116708176086,46.67323758694167,0.882470333580199,0.8589515354182818,0.566736657297626,0.08300938400845075,0.4208668030142728,62.48050536032605,114026.92228259504,64623.2367763741,49403.68550622094,4940368.550622094,2593009.0875567584,238232.68922051316,2347359.463065336,4702135.861401581,1882.6083222301918,106.33465615154797,0.5704140399601492,0,1,0,0,0
1951686414.2485175,553786165.5068028,4349290698.328318,2790843532650.5225,500000000,2786494241952.1943,-3849290698.3283176,24.19842933373362,25.524850266833887,42.02711127789135,0.9228182151281369,0.6427542292213845,0.3989911096530605,0.1111833073989443,0.19432643390228754,111.84593638234493,204118.83389777952,81441.6000379638,122677.23385981572,12267723.385981573,4082946.1859356714,414182.89799390314,8184777.200045901,11853540.48798767,531.3877937085357,42.18149003723386,0.763340294347717,0,1,0,0,0
1542725761.9721231,500743112.82505375,3710681386.9272494,1654339648463.0867,500000000,1650628967076.1594,-3210681386.9272494,19.497590323958274,23.32070747075315,54.88476743534899,0.8689898314819885,0.7887028963071625,0.49217641877189344,0.055218519156725696,0.26833400482444675,63.23914433718463,115411.43841536193,56802.78844458576,58608.64997077617,5860864.997077617,3489716.300150961,312451.4954212852,2371148.6969266557,5548413.501656332,1564.9298551950021,90.11585020668309,0.6626746869199869,0,1,0,1,0
1480610863.8116984,806340715.8227508,4971644181.546053,5397701784079.24,500000000,5392730139897.694,-4471644181.546053,20.788510767528038,24.81081595951221,35.98548370637863,0.8751085028078852,0.7575502824002527,0.46544549266341473,0.09601983554969265,0.2136851789452925,190.03789261803644,346819.1540279165,161425.41201163232,185393.74201628417,18539374.201628417,6639995.527748169,410406.93218752695,11899378.673880247,18128967.26944089,417.8070399977328,27.580170043266914,0.6914381732294481,0,1,0,0,0
2268667123.121797,612201273.1097301,4919178252.78086,504421205549.5478,500000000,499502027296.7669,-4419178252.78086,21.063067433283322,29.776375200538666,39.4685374700358,0.9596769852385172,0.6607400771747486,0.43587742699324095,0.03981405681252076,0.34231326127815276,38.13022956045608,69587.66894783234,30331.69409143861,39255.97485639373,3925597.4856393733,1689069.9536718596,381803.2442757303,2236527.5319675137,3543794.241363643,2199.4713601640174,141.09171299053787,0.7236114114352712,0,1,0,0,0
1652747353.7084727,648085847.0746788,4458619909.184307,1565159875778.7825,500000000,1560701255869.5981,-3958619909.184307,20.378442737654368,34.369790293991585,40.22812915710823,0.90244846964427,0.6588284301343474,0.3932598004173794,0.08190486136870623,0.09168397622118668,63.85393835699995,116533.4375015249,45827.916373800836,70705.52112772406,7070552.112772406,2546455.3478581966,184645.87815017294,4524096.764914209,6885906.234622234,985.5270876967762,72.61208372051415,0.7661839609459453,0,1,0,0,0
1837075029.086745,752786427.8282218,5096246306.336542,1283318114657.7668,500000000,1278221868351.4304,-4596246306.336542,21.95005488166907,25.244256004452875,26.031918013138394,0.9494451624785034,0.7255702711598787,0.4897961884581399,0.05175625586095045,0.42051670097385613,51.84410616435964,94615.49374995634,46342.30820781357,48273.18554214277,4827318.554214276,1897690.112260006,83023.84688417315,2929628.4419542705,4744294.707330103,1739.5538059894666,105.38974301648722,0.6625847034111882,1,1,0,0,0
2299866471.5867176,424968430.81194496,4139757378.5416203,1526318788315.5989,500000000,1522179030937.0574,-3639757378.5416203,17.31240633032558,23.16214405590457,36.08329265910581,0.9178893550970689,0.6344664512035207,0.3796931054476803,0.0727474551378668,0.08280832147290276,44.113153425776346,80506.50500204183,30567.76489296447,49938.74010907736,4993874.010907736,899642.1115442357,64487.41185689427,4094231.8993635,4929386.599050841,1011.119418806052,101.43249874056856,0.7788781255251124,0,1,0,0,0
1562133285.8003097,593242204.2545326,4130561569.1539116,2215951329002.587,500000000,2211820767433.433,-3630561569.1539116,16.87693827097164,29.1135260091964,38.71276952020251,0.9255182469417849,0.6610891454504044,0.42248395993197474,0.0558164388343889,0.2814961966339697,71.6497619251714,130760.81551343782,55244.34714205161,75516.4683713862,7551646.83713862,2189134.1880748635,65097.85134187033,5362512.649063757,7486548.98579675,770.2660747802745,66.78644605793465,0.7415031608220812,0,1,0,0,0
1649389379.8672523,505453013.6352339,3837736410.501038,1422326847364.0098,500000000,1418489110953.5088,-3337736410.501038,28.660189967427932,27.17415562715668,49.763712875702765,0.9288565493799992,0.5423890970974646,0.3812214166397748,0.07515851047285253,0.5552804922861923,39.657924148302705,72375.71157065243,27591.171295275864,44784.54027537657,4478454.027537657,793637.6996635046,101105.48562840467,3684816.3278741525,4377348.541909252,1041.5000556391662,114.22439753493259,0.80794001550555,0,1,0,1,0
2038995055.9924028,487749148.6591326,4150693616.232161,1316179716889.071,500000000,1312029023272.8389,-3650693616.232161,27.89996121001098,23.712539899563662,36.929510291634365,0.9484287532786037,0.574965241024006,0.3660175495195001,0.03378964109895374,0.24560516110694333,52.811454680459256,96380.90479183814,35277.10259238084,61103.8021994573,6110380.21994573,1626838.0374084816,271122.1033538838,4483542.182537248,5839258.116591846,925.7621423522044,85.62731600771077,0.8004056645883348,0,1,0,0,0
1589333785.1218646,571500568.978982,4063632165.768606,790190090685.5778,500000000,786126458519.8092,-3563632165.768606,19.589583455447425,20.884838669060674,29.029314211042994,0.8893518630790749,0.8723737484369435,0.5477432890945312,0.145365094187402,0.2654792667390738,47.047101113208754,85860.95953160597,47029.76437865429,38831.19515295168,3883119.515295168,998952.9311834223,84686.98073983485,2884166.5841117455,3798432.534555333,1408.945027015528,131.63324488492802,0.5750348927183877,0,1,0,0,0
1561220840.1633945,620424732.7773658,4247335246.6053596,2707708549494.3965,500000000,2703461214247.791,-3747335246.6053596,16.134727098094,22.32276986468908,40.94898174777017,0.9284148777534111,0.4237520844961458,0.2702194889517526,0.04879641022962765,0.27181739424403073,88.92935750914152,162296.07745418328,43855.56310854346,118440.51434563982,11844051.434563981,7544938.304162897,679173.913160188,4299113.130401084,11164877.521403793,987.9561476459927,44.783294670404366,0.8936908594268914,0,1,0,0,0
1683266619.696344,459476938.8271746,3672561307.04146,587799864444.0299,500000000,584127303136.9884,-3172561307.04146,23.501150084803246,22.989573799365814,56.58897900094123,0.9470902979455361,0.5657058813106245,0.34490177977509034,0.04782368448661377,0.11079982367069115,29.56189001521411,53950.44927776576,18607.60597556715,35342.84330219861,3534284.330219861,1214967.6041313894,23068.78760183313,2319316.7260884717,3511215.542618028,1583.4669175327492,142.40082784185634,0.8152104035673595,0,1,0,1,0
1704343723.5514014,718105988.7484251,4813366848.877985,457929484152.995,500000000,453116117304.117,-4313366848.877985,17.27048735537463,23.94360356485788,29.48128992778164,0.9516493724567788,0.8426797684145865,0.5410632364595503,0.1131306695201637,0.26863276844980866,25.83184932336421,47143.12501513968,25507.411797508663,21635.71321763102,2163571.321763102,746605.5804721157,90555.96754792001,1416965.7412909863,2073015.354215182,3396.9535808907876,241.1945473454025,0.5661020894458386,0,1,0,0,0
1620586718.21648,760377934.1014218,4912625244.771044,2846898290416.9346,500000000,2841985665172.1636,-4412625244.771044,15.449963742776752,18.49371212538327,41.27290409952133,0.9241858135235534,0.7639936076255189,0.49367291604882246,0.06276741494301123,0.31641099951790425,84.46656709830133,154151.4849543999,76100.41309069478,78051.07186370512,7805107.186370512,3087507.509515778,645553.1195796498,4717599.676854733,7159554.066790862,1041.3399994224046,69.83675174955634,0.6514313502648186,0,1,0,0,0
1917632996.5037313,576866309.9229592,4415162227.388071,2465764715546.4,500000000,2461349553319.0117,-3915162227.388071,19.85067262049182,34.004373115745,28.660546990233893,0.970884934372375,0.5993357454945598,0.41123195547921576,0.03248548512620002,0.4467912197375988,86.3466616119879,157582.6574418779,64803.02436943485,92779.63307244306,9277963.307244306,3560286.5869286614,164633.40327467193,5717676.7203156445,9113329.903969634,772.195149071725,54.86468780003314,0.7607098634655187,0,1,0,0,0
1124333301.368482,740588449.2396631,4330693714.89026,1383430901042.3442,500000000,1379100207327.4539,-3830693714.8902597,21.223688880970325,23.230384887864417,37.6615371377372,0.8744232938720222,0.6667511400349012,0.4789724079699659,0.11093297712567513,0.6657823063964847,48.399475629492926,88329.0430238246,42307.174430803985,46021.86859302062,4602186.859302062,1505348.2886869344,273590.01599528553,3096838.570615127,4328596.843306776,1398.424107728047,115.51087294561519,0.7207482000388082,0,1,0,0,0
2123657971.9109907,601160048.7904321,4726366378.464451,546899338246.6239,500000000,542172971868.1594,-4226366378.464451,28.52553383084179,26.489851215863595,30.858342228663105,0.9455471496110107,0.7367887382559407,0.5031077788052325,0.08173095225852821,0.4575466606259143,18.22495467990176,33260.54229082071,16733.63755379231,16526.904737028402,1652690.4737028403,475468.06276315317,25812.471712436367,1177222.4109396872,1626878.001990404,4014.8457373418096,307.33712017021253,0.6495006627666929,0,1,0,0,0
1791047265.7698402,531360442.10563606,4091559903.562269,1494186551074.0615,500000000,1490094991170.4993,-3591559903.562269,23.902368269908536,18.991367730733202,54.77274204486001,0.9406322241126375,0.7747492393119153,0.49150315129715394,0.07364942128501213,0.24314958074401544,45.13989067796788,82380.30048729137,40490.177294310175,41890.1231929812,4189012.3192981197,1225813.927583807,119276.21211493046,2963198.391714313,4069736.107183189,1380.7917536007974,122.85808878798974,0.6418150632783881,0,1,0,0,0
1901148706.29239,535713947.46670413,4220509743.98103,831068674680.316,500000000,826848164936.335,-3720509743.98103,17.848542483279346,23.280253981307684,28.03817296929332,0.8415519235974245,0.7540383999633979,0.45027964818285954,0.13327959452445248,0.1610243404232401,35.867509565496015,65458.20495703023,29474.497498733086,35983.70745829715,3598370.745829715,1692872.3503112893,354573.08000985486,1905498.3955184256,3243797.66581986,2214.9112032354997,154.1403168479149,0.7142694360794999,0,1,0,0,0
1284928467.2751098,313794395.8660836,2643493983.5520105,818770801066.2812,500000000,816127307082.7292,-2143493983.5520105,15.74678760353858,21.817328580438783,28.622720028471875,0.8956665558924873,0.7177043630969123,0.4737724971266703,0.07479462787235731,0.4089585418572743,33.30863738559979,60788.26322871962,28799.80726586384,31988.455962855776,3198845.596285578,721020.5453686056,5251.011326539361,2477825.050916972,3193594.5849590385,1066.8606254399313,156.56339172005863,0.6954477654095506,0,1,0,1,0
1352061623.289156,459434120.12296814,3341170928.0533442,1162559309776.2297,500000000,1159218138848.1765,-2841170928.0533442,20.94292929049127,22.065933419143658,38.17036418288194,0.9622643428635712,0.7122440692317391,0.43965059410356033,0.07201916299456829,0.1340424449204706,36.758989695831445,67085.15619489239,29494.02877661458,37591.127418277814,3759112.7418277813,439531.77344792517,10092.656440658227,3319580.968379856,3749020.0853871233,1006.5038207771222,133.36818384859896,0.6986779599513038,0,1,0,1,0
1504549461.4772124,499844614.9610208,3668615060.8913965,1986189550662.596,500000000,1982520935601.7046,-3168615060.8913965,18.24451467027027,23.097168363948498,35.59879598591276,0.954282386808852,0.8222452642598778,0.5348674993102345,0.057297241739783955,0.30561188210466556,71.7170596860078,130883.63392696423,70005.40197915152,60878.23194781272,6087823.194781272,1646251.9648632442,123702.55008829343,4441571.229918027,5964120.644692978,825.9723577503233,83.83465556568048,0.58031398449289,0,1,0,1,0
1233719634.129731,486832181.5527674,3341448206.674745,1252040638759.9917,500000000,1248699190553.317,-2841448206.674745,17.126071421874695,28.298637692569034,29.433828895504544,0.9047187849411161,0.5514439518004708,0.33352101134916945,0.05373870676463827,0.13155683124254092,53.70859847368558,98018.19221447618,32691.126597989383,65327.0656164868,6532706.56164868,1857224.8255555183,76331.58201275524,4675481.736093162,6456374.979635925,714.6746357449924,77.44283774982893,0.8336057997731148,0,1,0,1,0
2217671629.3845067,521061049.28215283,4473593286.226003,1155938094142.3477,500000000,1151464500856.1216,-3973593286.2260027,17.97346504755933,35.53453152739275,28.82948672214416,0.8092094324475304,0.8357352045789098,0.5224380443753089,0.11372843424237848,0.33743714365364974,33.67925424141601,61464.638990584215,32111.46579247518,29353.173198109034,2935317.3198109036,733210.4660023927,27278.35824531695,2202106.853808511,2908038.9615655867,2031.5060000331,171.9371736789996,0.6466830861231393,0,1,0,0,0
1710728256.0969572,549299916.6908987,4088909430.5896554,468543881611.4152,500000000,464454972180.82556,-3588909430.5896554,18.926970242520653,26.62183357560877,31.27168407026051,0.9687956929131302,0.6781579055945491,0.4247679560469775,0.08297935476132015,0.17347120063607444,16.628073526277962,30346.234185457284,12890.107868679605,17456.126316777678,1745612.6316777677,810393.3863020425,45605.889482179526,935219.2453757252,1700006.7421955883,4372.139956280446,294.1164805936248,0.7209289573818789,0,1,0,0,0
1220664094.5633035,638523000.9866804,3985134530.996315,2672243232244.7437,500000000,2668258097713.7476,-3485134530.996315,14.739883769815489,30.891838805575855,41.26849169882994,0.8818469711522068,0.7911263640049707,0.5331816867085873,0.03619468092394888,0.4826413800511556,81.87159247999087,149415.65627598332,79665.6916338993,69749.96464208401,6974996.464208402,3665650.2252089893,681014.3177366718,3309346.2389994124,6293982.1464717295,1204.2059800310374,79.44096255187016,0.6280245230851016,0,1,0,1,0
1024891505.3220196,417569450.91484797,2832748701.4259744,1284352209802.113,500000000,1281519461100.687,-2332748701.4259744,16.680894284994956,24.447108282087832,51.72949610980326,0.9777208503991222,0.839779260244155,0.5605219624216081,0.1312375599421549,0.35916713276987555,62.280264617792724,113661.48292747172,63709.75746225656,49951.72546521516,4995172.5465215165,781946.706773856,132880.08272066375,4213225.839747661,4862292.463800853,672.3467502505476,102.83215247178902,0.5397724046898694,0,1,0,1,0
2087095499.8368826,647704342.1530632,4891316338.654852,1402355229411.425,500000000,1397463913072.7703,-4391316338.654852,19.49856810119041,24.429657708169305,34.976652879412036,0.8827293755545204,0.5523475621941084,0.35471627646077575,0.05120327376032276,0.34076594221550005,46.58673214350401,85020.78616189481,30158.256689115176,54862.52947277963,5486252.947277963,3057733.7707573758,334291.9178471522,2428519.1765205874,5151961.029430811,2014.1147683514644,97.05042354624332,0.8270497724300184,0,1,0,0,0
1726114797.478222,507596613.9740603,3923742495.770113,882868503513.3654,500000000,878944761017.5952,-3423742495.770113,22.566788788416027,24.726085435145848,36.48743094439996,0.8875843027036239,0.8695760051934648,0.5213325834548699,0.1202344586927462,0.122364491442098,26.43317371753106,48240.54203449418,25149.366406106095,23091.175628388086,2309117.5628388086,1189891.0212858745,104252.32453884566,1119226.541552934,2204865.238299963,3505.762551275718,226.77122905956804,0.5976240364033436,0,1,0,1,0
1455392045.1583288,509150987.20407623,3659749366.0870275,2120925549365.3652,500000000,2117265799999.2783,-3159749366.0870275,21.04123803879928,28.047590890971467,40.74450205315654,0.7895233699699594,0.6224307574070641,0.3808793534161553,0.035099599098153404,0.2942517476953518,68.39705294036749,124824.62161617065,47543.12117158332,77281.50044458733,7728150.044458734,2986533.2037697486,119748.39453212732,4741616.840688985,7608401.649926607,771.835744862768,65.71682503181508,0.8128268858717456,0,1,0,1,0
1155700058.3319716,541845791.7198017,3501608772.6623387,1231441359550.6587,500000000,1227939750777.9963,-3001608772.6623387,24.429025068259023,29.22694895413045,42.48984340180782,0.9841986510747018,0.7435544321744417,0.476466290169611,0.10409671543000554,0.22865180702751953,44.88931610748817,81923.00189616592,39033.54879302419,42889.453103141735,4288945.310314174,2394542.7980251038,76903.3843471182,1894402.51228907,4212041.925967055,1848.3974498277178,118.70727043753334,0.6513194582830975,0,1,0,1,0
1169076276.6500957,536548092.54274076,3492048725.9853573,2427298178262.623,500000000,2423806129536.6377,-2992048725.9853573,22.445467029752333,26.20631114766416,38.199505039178845,0.8504105836260101,0.4159747170157448,0.2713431404194489,0.06389708724561412,0.4201739193415608,64.70250298808979,118082.06795326388,32040.759145661388,86041.30880760249,8604130.880760249,1844644.1400280155,316164.9835033311,6759486.740732233,8287965.897256917,516.6144797566501,60.328433562387836,0.9040125535091288,0,1,0,1,0
1872146123.8324656,655165440.5813296,4708669614.232894,1337551009779.0793,500000000,1332842340164.8464,-4208669614.232894,16.32800987727764,23.571877099436016,36.05452298429916,0.9634709005462786,0.6002506446232033,0.38854098398087034,0.04758675313440865,0.2811880141107783,50.6990791314676,92525.81941492838,35950.07291911259,56575.746495815794,5657574.6495815795,1263524.3496223981,51195.04862910844,4394050.299959181,5606379.600952471,1071.6012090887161,89.18411445330152,0.7752974126625916,0,1,0,0,0
1571084790.8633714,604710311.7081803,4189163977.8938284,2804259058888.5938,500000000,2800069894910.6997,-3689163977.8938284,16.00188013733146,20.50869986385213,29.233112361260904,0.9021753742517332,0.7922976499492013,0.49129447301151674,0.07789041524403807,0.21315883504597458,99.97705654083423,182458.12818702246,89640.66993431096,92817.4582527115,9281745.82527115,2766627.599200684,241405.04434517608,6515118.2260704655,9040340.780925974,642.9912447529728,55.30764958052682,0.6488269216442473,0,1,0,0,0
1333036732.7532036,695657133.292709,4344868062.101901,2678942827410.6616,500000000,2674597959348.5596,-3844868062.101901,17.359253880364328,29.284687707971962,40.574930189247866,0.9576142978500072,0.7165117587411539,0.42949938211503463,0.056767043003325995,0.04397598618988308,94.26251387994337,172029.08783089663,73886.38692918312,98142.70090171351,9814270.090171352,3764087.020764134,136304.3205851732,6050183.069407218,9677965.76958618,718.1382798268946,51.663749583749514,0.7053024758674221,0,1,0,0,0
1478987902.743858,410055914.7358523,3254315419.2469106,822656369538.3226,500000000,819402054119.0757,-2754315419.2469106,17.3513343581366,29.937706845079692,33.929468852081264,0.6188498505982988,0.6185635614742812,0.35743679924920796,0.11881567235807626,0.311959869166414,46.56518146735562,84981.456177924,30375.499691773985,54605.95648615002,5460595.648615002,1471009.6501013567,273894.74789472116,3989585.998513645,5186700.900720281,815.7025366690514,96.40039199687891,0.8631739197005562,0,1,0,1,0
1999239436.2603188,627507649.5862978,4716019165.786573,1433441248586.6484,500000000,1428725229420.8618,-4216019165.7865734,18.43484520815563,27.895240168875034,31.90990565796625,0.9922483207704528,0.7509292196562608,0.536071895371768,0.030881762455685458,0.538973452462463,49.74913154045066,90792.16506132246,48671.12800932955,42121.03705199291,4212103.705199291,1666032.0228622903,341055.89292793476,2546071.682337001,3871047.812271356,1852.2727378428758,129.16399493051534,0.6005684042941739,0,1,0,0,0
1568378944.5278795,541716940.1228126,3913729798.8751082,931585373530.5002,500000000,927671643731.6251,-3413729798.8751082,15.956741325102062,30.851152001858267,47.01973508670534,0.8442248308900562,0.7645075244138801,0.4545838035293284,0.09418884861365978,0.14443648973229692,65.64532168235178,119802.71207029201,54460.37252604232,65342.339544249684,6534233.954424968,4133180.62856591,481166.28678360995,2401053.325859058,6053067.667641358,1630.0053633647804,82.60274417101144,0.7066042328011544,0,1,0,1,0
1895243576.981608,571961245.0497618,4371536443.929509,955291379260.7971,500000000,950919842816.8676,-3871536443.929509,22.055294289293634,25.542554303549686,37.695057441150254,0.9273281099324298,0.8372723794971154,0.5525668373977878,0.043372045509621704,0.37626002106301176,36.11452460895582,65909.00741134437,36419.13178131392,29489.875630030452,2948987.563003045,1604707.9681028181,228694.5521059433,1344279.594900227,2720293.010897102,3251.954772291226,183.8037292295617,0.5709726229116643,0,1,0,0,0
1266158223.5653465,711843394.6019412,4348067593.637099,891722290074.2902,500000000,887374222480.6531,-3848067593.6370993,22.69630119606493,24.41504069021005,42.36903087148283,0.9520502248695193,0.800040816822772,0.5163006492812423,0.05760231407948431,0.28373981129749826,38.32402705563509,69941.34937653404,36110.764094710736,33830.5852818233,3383058.5281823305,1486980.0021075,204248.57941894053,1896078.5260748304,3178809.94876339,2293.1896194395795,157.2915676177836,0.6067446173307871,0,1,0,0,0
1641981253.636139,525386361.37922806,3916629248.2951193,639423481420.0984,500000000,635506852171.8032,-3416629248.2951193,29.177775494007896,23.28189433522331,41.05973779702833,0.8643971546374098,0.7638166686660554,0.46161972135233065,0.053029659134551946,0.1736267737403389,28.30394001599096,51654.6905291835,23844.82384862256,27809.86668056094,2780986.668056094,1447715.2789692665,97419.26783842129,1333271.3890868276,2683567.400217673,2937.608412176055,186.31915112675887,0.6952197543000076,0,1,0,1,0
1495689181.6396565,352463024.39396095,3021669623.0132914,1635316928087.4036,500000000,1632295258464.3904,-2521669623.0132914,20.607990388904433,19.86943375011555,45.69689272146259,0.7594890322094988,0.8531560402568071,0.4877913292528845,0.04452684968646056,0.11573515877807632,64.40389655374368,117537.11121058221,57333.58371395401,60203.5274966282,6020352.74966282,1193631.3539011574,74749.5869118598,4826721.395761663,5945603.16275096,626.029425619348,84.09575720298425,0.683929435046287,0,1,0,1,0
1329112411.6833284,599450002.339165,3924417212.0203333,956494147143.5785,500000000,952569729931.5581,-3424417212.0203333,14.785787641001622,26.328153712311774,35.76088038442769,0.9319912366327274,0.7599208293840619,0.47116283937975106,0.046033417630368646,0.18073437876688542,44.59384378634287,81383.76491007574,38345.00575444544,43038.7591556303,4303875.91556303,920699.8745437616,92374.03427201888,3383176.0410192683,4211501.881291011,1159.980197435426,118.72249237764271,0.6663038410021777,0,1,0,1,0
1766147442.9848504,549263067.5117434,4144169079.8160644,872999710648.1694,500000000,868855541568.3534,-3644169079.8160644,13.678390586827142,26.127020383055573,41.292346613798145,0.9389286306836675,0.7887229242901846,0.4928373562190394,0.04719185229588261,0.19774799316315725,28.89603103068443,52735.25663099908,25989.904457554152,26745.352173444928,2674535.2173444927,357896.28825189895,79929.33860384293,2316638.9290925935,2594605.8787406497,1788.8713807633794,192.70749522955919,0.6350270606903752,0,1,0,0,0
1315931473.008709,712536784.3877413,4400842857.981737,615170908960.1151,500000000,610770066102.1334,-3900842857.981737,16.353061685642416,27.307380490501842,32.32518886680874,0.9490068447971018,0.3951375034788874,0.24555182163416744,0.08294754061088017,0.16967472245340953,23.339592429184172,42594.75618326112,10459.219972862984,32135.53621039813,3213553.6210398134,936899.9189286202,41855.28349166565,2276653.702111193,3171698.337548148,1933.031296723228,157.64424821892752,0.907920965519012,0,1,0,0,0
2332976118.7538714,573439740.1033609,4815670095.543973,2347792430505.1343,500000000,2342976760409.5903,-4315670095.543973,17.06454461626502,24.26613229918187,44.501403027411314,0.8500293425408666,0.705483197116882,0.4358560481974784,0.09282230459532095,0.2579329103911419,88.10681995923404,160794.94642560213,70083.4499191882,90711.49650641393,9071149.650641393,4843928.1540896315,732551.344196211,4227221.496551761,8338598.306445182,1139.2045814188402,59.962116128502466,0.7386252268776545,0,1,0,0,0
1835447698.6687403,504445551.2270508,4019432944.30976,726888723030.0424,500000000,722869290085.7325,-3519432944.30976,14.076616906194044,20.52951794245149,48.91400767753528,0.8815847059674421,0.6245226524634504,0.42882474743843035,0.08536862991888405,0.5355860257306582,22.13883883175882,40403.38086795985,17325.969596361592,23077.41127159826,2307741.127159826,349941.17011599604,18719.09100411679,1957799.9570438298,2289022.036155709,2053.0355667076847,218.43389539391393,0.7639021222099249,0,1,0,0,0
1972813114.464811,622228518.3378857,4666736968.409868,746421151257.8313,500000000,741754414289.4214,-4166736968.4098682,20.506068324892816,26.485411449001894,49.38729835841819,0.9069712662272154,0.5760552709467989,0.3778769546494543,0.07982024773617553,0.37897460218757517,25.239736554149157,46062.519211322215,17405.96448305642,28656.554728265794,2865655.4728265796,779864.662759975,72506.53352362932,2085790.8100666045,2793148.93930295,2237.394539225555,179.00943016836706,0.8025722982844281,0,1,0,0,0
2194403436.2283373,472270535.5884823,4239087702.2849936,447994401319.3429,500000000,443755313617.0579,-3739087702.2849936,21.648941075732907,22.58039851180268,33.50786759479418,0.9537934661969306,0.7293644499847071,0.4720608617469551,0.03852698732540875,0.29079917242254194,19.290264891534715,35204.73342705086,16618.776799145464,18585.956627905394,1858595.6627905394,579251.9512460785,42657.04949922167,1279343.711544461,1815938.6132913178,3313.4861757888684,275.33970385362835,0.6716047026082179,0,1,0,0,0
1661396516.124211,370944937.2384961,3267393967.9868937,865589785839.1951,500000000,862322391871.2081,-2767393967.9868937,12.523958043381114,33.325844124263966,43.75518401209912,0.8987657675093431,0.8040647050340759,0.5314838811184611,0.03043412544420487,0.4097009340335676,64.31525753241183,117375.3449966516,62383.103906438744,54992.24109021286,5499224.1090212865,2001418.9984342672,124924.00215787646,3497805.1105870195,5374300.10686341,934.126935230689,93.03537019852317,0.6159147589913373,0,1,0,1,0
1588775974.6811395,833550301.1354014,5197612557.244153,948657618537.8218,500000000,943460005980.5776,-4697612557.244153,24.064825233138972,26.89418217353235,50.86867342082552,0.8659786145690759,0.9166325625745146,0.543978913798831,0.09011540460351355,0.11378535072198452,42.15491997730656,76932.72895858447,41849.78233447065,35082.94662411382,3508294.662411382,1206238.9252711849,74870.63563097459,2302055.7371401973,3433424.0267804074,2257.813515714895,145.62722113553224,0.5681981349389486,1,1,0,0,0
1826345480.7352395,558161485.1780176,4242892609.2581162,757521367809.665,500000000,753278475200.407,-3742892609.2581162,17.93786110386155,28.876169348719188,31.57141463710817,0.918004542183328,0.6327619043951006,0.4019897881880774,0.127361927399314,0.2712288298534135,48.03511085776618,87664.07731542327,35240.06387173024,52424.01344369303,5242401.344369303,2858381.2397568794,134592.19907404363,2384020.104612424,5107809.14529526,1779.72182409422,97.88932706315855,0.766492854273153,0,1,0,0,0
1500622979.3803296,620279846.2148604,4186110102.83004,928834742499.0475,500000000,924648632396.2174,-3686110102.83004,17.578455486050053,29.212381935409283,37.41585980784666,0.8610221877601533,0.44412271738042414,0.2733089772512006,0.053490049664274564,0.2339231315092281,33.41712700596375,60986.256785883845,16668.091468529008,44318.16531735484,4431816.531735484,1379408.1538883299,119117.60687540886,3052408.3778471537,4312698.924860075,1371.4122046088996,115.93668111581019,0.8954867799948447,0,1,0,0,0
1866764199.107895,653142865.134077,4694530996.294852,1314646648052.106,500000000,1309952117055.811,-4194530996.2948523,23.1940305143641,26.37099248213964,30.564822272103605,0.8922337107754392,0.7521637799061259,0.4777583839168957,0.02867307877617467,0.29772159107774093,62.75834841647921,114533.98586007455,54719.5719880698,59814.41387200475,5981441.387200475,2690981.705594217,132809.26021950468,3290459.681606258,5848632.12698097,1426.7097763079682,85.49007513968863,0.6793735391159659,0,1,0,0,0
1391435507.0385075,659749249.8396914,4247804492.685635,1394550875929.8086,500000000,1390303071437.123,-3747804492.685635,21.598966911280925,24.10383053859056,37.783497405672584,0.8854558091025282,0.8901934040500208,0.5513110253825672,0.06369125449872431,0.2272660250675891,48.70330881068685,88883.5385795035,49002.47479389704,39881.06378560646,3988106.3785606455,1067849.4286796919,84206.47272537297,2920256.949880954,3903899.9058352727,1454.599566267208,128.07705424328003,0.5654418080370902,0,1,0,0,0
1721138396.0180898,523648391.624509,3988261891.1697526,994432835038.5342,500000000,990444573147.3644,-3488261891.1697526,17.121579173163777,28.90972182286293,31.536555917131047,0.971690643595596,0.8719582855955735,0.5516243021330668,0.05780378556386276,0.2017450779571138,38.104262042766344,69540.27822804857,38360.10744768659,31180.17078036198,3118017.078036198,657468.0903718658,138337.79414260478,2460548.987664332,2979679.283893593,1620.8829457021284,167.80329436886316,0.5326232322638793,0,1,0,1,0
1887897682.35711,471398626.4532331,3928807038.153795,578004616024.0173,500000000,574075808985.8635,-3428807038.153795,20.838998271811427,33.13834931920297,37.193996009156216,0.8550903917234183,0.817052643896946,0.5148798071376215,0.0826752085481037,0.3128754571661727,25.130514503945413,45863.18896970038,23614.02989143562,22249.159078264758,2224915.907826476,360674.45553996734,60202.20612023705,1864241.4522865084,2164713.7017062386,2107.456109472879,230.97742653261602,0.6402772325637112,0,1,0,1,0
1081730451.5309558,422579570.08361053,2911278841.6931486,2373098419063.866,500000000,2370187140222.173,-2411278841.6931486,23.39738344160734,22.362094872407965,39.28502396660754,0.8696640423418303,0.6935210690585887,0.4396003864572695,0.10327096854654527,0.3151793677546461,88.80689267778709,162072.57913696143,71247.16842273464,90825.41071422679,9082541.07142268,2749491.3459211085,86858.66349523747,6333049.725501571,8995682.407927442,459.6961918631672,55.58222015034403,0.734863671049087,0,1,0,1,0
1277484883.1298714,469617585.3074405,3310683262.8364134,1742389538078.2954,500000000,1739078854815.459,-2810683262.8364134,18.024362388615522,25.533299274475088,27.34668314548783,0.9168058472805753,0.7869285595448773,0.5268727212257868,0.06623568856446907,0.42900403152087524,45.91261449545472,83790.52145420486,44146.940051504585,39643.58140270028,3964358.140270028,1869106.7493000822,30631.809130659858,2095251.3909699456,3933726.331139368,1580.0888032360706,127.10594431595335,0.6198820352135996,0,1,0,1,0
1725364349.053607,493720845.404258,3862917231.035467,1735828223820.951,500000000,1731965306589.9155,-3362917231.035467,26.01692078691206,24.576073433147265,31.062942797844332,0.8566105979617294,0.7627854258651555,0.4609538905827653,0.13539803132112707,0.18192495169476042,77.64788478648498,141707.38973533508,65320.57262283093,76386.81711250416,7638681.711250415,2448860.3741277573,670198.36455314,5189821.337122658,6968483.346697275,744.3256675146251,71.75162443876341,0.6988080815854786,0,1,0,1,0
1736650765.9471674,598946985.8472993,4329777768.117697,1124953677578.7754,500000000,1120623899810.6577,-3829777768.117697,13.825263763029245,29.372089228862357,36.73319903202898,0.8854988330528752,0.710566946987534,0.4752633711684553,0.08905734369342154,0.45725770773143465,37.659801664644874,68729.1380379769,32664.441841431013,36064.69619654588,3606469.6196545884,813577.4150695404,76445.93321185901,2792892.204585048,3530023.6864427296,1550.2845978121059,141.6421090658061,0.7009613391046665,0,1,0,0,0
2301167025.0948687,518668741.2113603,4546731239.9549055,2332972478179.3613,500000000,2328425746939.4062,-4046731239.9549055,13.704859128179585,27.425495996804045,31.76790539805166,0.9043073616014125,0.9307559873713726,0.5632712231322179,0.058660776842818674,0.1339255939670823,73.29839569401146,133769.5721415709,75348.5505180561,58421.02162351481,5842102.162351481,2621067.450879744,431394.6974869698,3221034.711471737,5410707.464864511,1411.5747414213488,92.40935741709342,0.5259005307747957,0,1,0,0,0
1545727947.2109406,500446326.20936257,3712398641.437276,689121781744.6952,500000000,685409383103.2579,-3212398641.437276,18.645101422984972,27.021376307816915,40.81283224551415,0.9689466275137961,0.8096930739024473,0.57001174585887,0.08162982741895826,0.5217707780602547,29.40146349684097,53657.670881734775,30585.502658018293,23072.168223716482,2307216.822371648,743352.3233086141,36306.877558364875,1563864.499063034,2270909.944813283,2373.862085661196,220.17605812242394,0.5527976420247234,0,1,0,1,0
1839022207.4929192,402443995.1336708,3581394095.6596093,301973899842.4807,500000000,298392505746.8211,-3081394095.6596093,14.657650906640896,20.582252160711246,43.930264983779054,0.9506077423855407,0.7665024239509939,0.5440037799975571,0.032889170711466215,0.5617251572807788,12.952250024062373,23637.85629391383,12859.08317492817,10778.773118985659,1077877.3118985659,626602.2775964885,43409.949797031586,451275.0343020774,1034467.3621015343,7936.167134081415,483.3405270362937,0.6036153782425017,0,1,0,1,0
1880847779.591239,406137760.8038347,3639211740.053681,3860426539821.633,500000000,3856787328081.579,-3139211740.053681,14.252183247414965,22.557771946366,35.2585728274009,0.8999652731224884,0.6439366346937874,0.41794729969351935,0.05010261304535536,0.3546581429880358,128.0106789309704,233619.48904902098,97640.63460381803,135978.85444520295,13597885.444520295,4451948.356987688,424187.0676868267,9145937.087532606,13173698.376833469,397.90474231607345,37.954413840176585,0.7577909262197308,0,1,0,1,0
2218019199.926245,523095972.96149063,4482751011.363948,1596381176824.5864,500000000,1591898425813.2224,-3982751011.363948,20.94358509307768,24.428798901192486,26.260944043583223,0.8997287220225748,0.7679230833961389,0.48067121923794326,0.0800022926145707,0.24491789521849203,72.59689343459496,132489.3305181358,63683.80803617118,68805.52248196461,6880552.248196461,4329714.943932174,244740.6791766788,2550837.3042642875,6635811.569019782,1757.3645343315468,75.34873388122112,0.6678934614275471,0,1,0,0,0
1792576553.8394337,453081074.6442864,3754180496.416212,1317114414862.0435,500000000,1313360234365.6272,-3254180496.416212,26.15630603598045,19.566818323595278,41.35414293566203,0.9404886927202043,0.8619100723064995,0.5196134176488968,0.06678520504232925,0.08163795663511768,38.00190993175893,69353.48562546005,36037.00169170893,33316.483933751115,3331648.3933751113,1232432.4959261464,145650.78071133772,2099215.897448965,3185997.6126637734,1788.372744784571,156.9367152105165,0.578792697985018,0,1,0,1,0
1871779012.3016548,469333021.87439835,3903745381.2635264,1765441115625.483,500000000,1761537370244.2195,-3403745381.2635264,13.187888149147422,25.613651659645715,31.971411736843834,0.9389904209863759,0.8175188079151302,0.5285467928137613,0.048309905022482516,0.3027849465665294,50.65871277054956,92452.15080625296,48865.2877973792,43586.86300887376,4358686.300887376,2084602.8323914458,317188.696361001,2274083.4684959305,4041497.604526375,1716.623613576263,123.71651524425319,0.5942651086573387,0,1,0,1,0
1999161848.6818132,418419833.1964835,3810700755.035227,1045016619553.8673,500000000,1041205918798.832,-3310700755.035227,21.070974170901394,22.09799069149795,45.755638115459014,0.822060313046227,0.5816534886391878,0.3529414398837511,0.04636498737888087,0.23279777560419657,47.89754102397356,87413.01236875175,30851.674450003386,56561.337918748366,5656133.791874836,1597722.941370847,63155.68616539156,4058410.8505039895,5592978.105709445,938.963770649785,89.39781106770079,0.831239550887232,0,1,0,1,0
1302781709.1268733,480207619.9720422,3381829396.85498,1170096345859.2244,500000000,1166714516462.3694,-2881829396.85498,18.897814250761833,21.007137728974428,28.878352145009988,0.947392048501142,0.6623880620449243,0.4372676071436308,0.09787667564652917,0.35679253741747113,43.60096883656411,79571.7681267295,34794.15664496284,44777.61148176666,4477761.148176666,1593346.9266878017,230966.8333931712,2884414.2214888646,4246794.314783495,1172.4492868119899,117.7358644988886,0.7255965685240015,0,1,0,1,0
1707596181.6717277,438325101.0504815,3605314480.8216834,1307645401560.1824,500000000,1304040087079.3606,-3105314480.8216834,20.69673482154386,32.26553380836045,43.5313233839136,0.8109482410388212,0.7906205400118136,0.4940234606168937,0.09858398789850797,0.33429436259263445,44.517408972398066,81244.27137462646,40136.576099791,41107.69527483547,4110769.5274835466,1149822.1542763526,123860.48757106236,2960947.373207194,3986909.039912484,1217.6219386555777,125.41043575224766,0.6832557040623075,0,1,0,1,0
1476754289.490492,425700622.82410824,3319815204.680478,1029453203672.5679,500000000,1026133388467.8875,-2819815204.680478,20.65179820754515,30.256644470271706,46.480350018606416,0.9229593032276995,0.8599027010355278,0.5338061196460784,0.08241540338204639,0.1942902646265573,34.56430437699929,63079.855488023706,33672.41288589732,29407.442602126386,2940744.2602126384,938397.7320264054,106930.49695985245,2002346.528186233,2833813.763252786,1657.962374618361,176.44067033751585,0.5763419985300493,0,1,0,1,0
2065438293.5455296,480697749.6179758,4146607986.1412907,2403306647534.6313,500000000,2399160039548.49,-3646607986.1412907,19.854880815729175,32.04757421651049,39.08049825541117,0.7916362468591908,0.7243408953875383,0.48161065315500723,0.0610405311689185,0.5342586237802369,68.39794154949888,124826.24332783546,60117.6485800047,64708.59474783076,6470859.474783076,1652006.6765567746,85046.31930828975,4818852.798226302,6385813.155474787,860.4969190317564,78.29856399279896,0.7238374643355864,0,1,0,0,0
1541451702.7729242,578969516.8132094,4048086718.8221116,3125804179686.613,500000000,3121756092967.7905,-3548086718.8221116,22.363674876038726,33.06563277540703,30.523830413855926,0.9450308687480441,0.737084753099627,0.47667078794724,0.0686738171094484,0.2973632876894499,83.19875441970736,151837.72681596593,72376.60888148425,79461.11793448168,7946111.793448168,797594.3176659336,144578.68719362243,7148517.475782234,7801533.106254545,566.2833912816511,64.08996708597525,0.6679664566735977,0,1,0,0,0
2216140525.881299,561678517.4889914,4647914563.744391,1150944709321.593,500000000,1146296794757.8486,-4147914563.7443914,22.52369204546106,22.086870966061547,39.47149346190736,0.8769990583737584,0.7795157014078771,0.5121976601487329,0.0687628002265029,0.4143222907515913,52.171334518259805,95212.68549582413,48767.71472743832,46444.970768385814,4644497.076838582,1906448.5371010602,136479.9323481986,2738048.5397375217,4508017.144490384,1697.5281834083028,110.91350897169744,0.6498439902013099,0,1,0,0,0
1532022577.7584376,598833546.5561208,4124658447.164277,1674113658263.8657,500000000,1669988999816.7014,-3624658447.164277,15.110516958803968,28.270304430540662,42.56034982623713,0.9815171885929288,0.7690700931677169,0.4773658877829259,0.12421512823501459,0.13104376789903754,57.82184383034428,105524.8649903783,50373.97085930533,55150.894131072964,5515089.413107296,829056.0707296901,25269.353824266804,4686033.342377607,5489820.059283029,880.2025392912594,91.07766640812268,0.6396577266110681,0,1,0,0,0
1733274805.5701923,757782583.208076,5014076820.979914,1394615939537.2224,500000000,1389601862716.2424,-4514076820.979914,22.655222540457096,22.172054497942632,35.49713965682971,0.8671150894598252,0.6321724862158945,0.38402199535058457,0.06498759799926082,0.18679260334861497,59.977188435326035,109458.36889447001,42034.421230674736,67423.94766379528,6742394.766379528,2959709.65528133,469341.33368717856,3782685.1110981978,6273053.432692349,1325.533760732258,79.70600049319262,0.7894920829453822,1,1,0,0,0
1315495555.7418418,485907738.36400133,3419221773.0677695,2028846927438.8103,500000000,2025427705665.7424,-2919221773.0677695,19.442288329251113,23.406314367529944,32.56593893480689,0.8588615593686656,0.785677990732227,0.5106048712113583,0.05266121096781551,0.400674791295242,48.04792971652691,87687.47173266162,44773.65021090531,42913.82152175631,4291382.152175631,1341602.9437880043,148914.44445043468,2949779.2083876273,4142467.7077251966,1159.1449839178788,120.70100125767088,0.6554496414036404,0,1,0,1,0
2189494758.869746,533580644.9566135,4499619713.10955,2089568435602.8005,500000000,2085068815889.691,-3999619713.1095505,16.31554112569011,34.757590372418285,33.77354613389754,0.8823347782452613,0.6054922789715561,0.37781315062837945,0.03988334673999003,0.25380146996643493,75.58855384902327,137949.11077446747,52118.98816808488,85830.12260638259,8583012.26063826,942791.5075136734,99391.06475992741,7640220.753124586,8483621.195878332,588.9384428151976,58.9370963714079,0.7981544971238195,0,1,0,0,0
1613498172.1041887,632106374.2422187,4350187972.7429085,2389998944891.0474,500000000,2385648756918.3047,-3850187972.7429085,17.866722586189567,33.408982846871126,46.60083500932073,0.8832731040590402,0.7695150569257425,0.49474708471113354,0.09397672987783934,0.34362790556189843,82.92670188920188,151341.23094779343,74875.63280801519,76465.59813977825,7646559.8139778245,1846827.8985385254,94416.4837852384,5799731.915439299,7552143.330192586,750.0670783010502,66.20637058105855,0.6637243877758908,0,1,0,0,0
1320257594.5908089,544556955.6687112,3677904229.988235,1427645729481.466,500000000,1423967825251.4778,-3177904229.988235,20.515459577477255,23.676683375431065,38.55557261063484,0.8921342508733081,0.6044113530167987,0.38209405324369267,0.07785275118195964,0.2834057725892002,39.97715917121812,72958.31548747307,27876.938482440662,45081.37700503241,4508137.700503241,2344098.0384480543,248858.41659016212,2164039.662055187,4259279.283913079,1699.5549085710065,117.39075244219269,0.7939687463759865,0,1,0,1,0
1475453809.7046788,403536648.1546443,3222556313.6347685,902124031638.0321,500000000,898901475324.3973,-2722556313.6347685,23.956081580463472,21.098135058468387,43.245974464902474,0.8736846917306385,0.36986045073675694,0.2611356454693376,0.044619546638556676,0.619897273570763,27.510620788033183,50206.88293816056,13110.80678306003,37096.07615510053,3709607.6155100525,1693678.6140982378,115000.889744958,2015929.0014118147,3594606.7257650946,1598.5465318361494,139.0972749302853,0.9156162583071882,0,1,0,1,0
2463988886.494807,574030668.5313482,4949241274.127891,1008172520258.8649,500000000,1003223278984.7369,-4449241274.127891,21.940212516259244,21.11133065335921,49.66346091983466,0.9566491376063638,0.8976815347039184,0.545672182602898,0.03402632428417926,0.09069129775915676,41.34163832492365,75448.48994298566,41170.14218128178,34278.34776170388,3427834.776170388,1305654.2698372772,118593.63948718061,2122180.506333111,3309241.1366832075,2332.1490605337917,151.09204175466672,0.5313951372753108,0,1,0,0,0
1582117896.7173975,535431301.3219278,3900255224.5161843,529096402314.00323,500000000,525196147089.48706,-3400255224.5161843,18.60933102850068,24.925010653161884,47.598374796220654,0.8850295366952852,0.8082411147638435,0.5425772458615288,0.09510983074630658,0.46824268599435426,19.501045755835058,35589.408504398976,19310.003248157667,16279.405256241309,1627940.5256241309,410284.1599933268,22789.962414024692,1217656.365630804,1605150.5632101062,3203.083673361052,311.49725855003953,0.6118851315114286,0,1,0,1,0
1189970457.517343,579019719.8978825,3696822826.6504164,3460624220666.74,500000000,3456927397840.09,-3196822826.6504164,27.790273432761726,28.49887862179923,38.2316559770707,0.9336234777765027,0.7515224928200314,0.4920864881673,0.08535778839505505,0.346481655795953,108.16597704446612,197402.9081061507,97139.30380396792,100263.60430218276,10026360.430218276,4587171.328616912,295290.98019617616,5439189.101601364,9731069.4500221,679.6643318692535,51.38181394840055,0.6547329071850715,0,1,0,1,0
2143136557.7693627,540261521.5513922,4482186211.365624,745730853683.138,500000000,741248667471.7723,-3982186211.3656244,13.712094184396134,33.32195170208182,29.406881537580702,0.9786710738084059,0.8778574329062927,0.5632573821153163,0.027226383929519822,0.2384207464734277,29.5845700541446,53991.840348813894,30411.30265046102,23580.537698352873,2358053.7698352872,527552.1568359307,98362.34430324446,1830501.6129993566,2259691.425532043,2448.610905084846,221.26914956199175,0.5160866144801287,0,1,0,0,0
1307821543.2752213,655039022.156086,4143797708.0528193,2900800809187.2295,500000000,2896657011479.177,-3643797708.0528193,26.277775989486187,30.11049107846958,45.71552820730803,0.7978116900783087,0.5420698207555683,0.31860445587880815,0.11588006042568122,0.1598910428181514,114.95927349086702,209800.6741208323,66843.42962127492,142957.24449955736,14295724.449955735,1506719.7039765925,95424.33321078111,12789004.745979143,14200300.116744954,324.0125240672561,35.21052343185349,0.8622132457154865,0,1,0,0,0
1560265733.2706451,593989581.4126925,4131929768.594663,5497459587505.011,500000000,5493327657736.416,-3631929768.594663,16.24229775006877,21.290501748991144,32.49752838894816,0.8798409795216064,0.8930407118402804,0.5509162931912178,0.13166354897726287,0.2211663609349409,256.8404294916828,468733.7838223211,258233.07867688677,210500.70514543433,21050070.514543433,6535941.490942353,335849.1264401277,14514129.02360108,20714221.388103306,284.6832739240385,24.138005992692655,0.5671264393934954,0,1,0,0,0
2374619198.561038,566917408.3006179,4829074891.97305,1162156019966.1904,500000000,1157326945074.2173,-4329074891.97305,21.698432025770234,31.941799474291756,28.519881402849798,0.9117858251781512,0.7581026064729178,0.5007138924553823,0.04228842808975874,0.39428642874446546,50.53640040871382,92228.9307459027,46180.30691077883,46048.62383512387,4604862.383512387,2889607.1136407084,188181.74888198404,1715255.2698716787,4416680.634630403,2815.368054420449,113.20718914552921,0.6538929328030804,0,1,0,0,0
1869565865.2543397,632297718.8827279,4607084088.050193,685693847505.6608,500000000,681086763417.6106,-4107084088.050193,23.24772693223035,28.136902995366306,36.94005708004478,0.9722394655795902,0.7183779687004247,0.47771589417357224,0.03851018645845474,0.3536106211299634,50.319698761068196,91833.45023894946,43870.29879594399,47963.15144300547,4796315.1443005465,2102384.380967601,105972.97213822932,2693930.7633329453,4690342.172162317,1710.1716758118475,106.60203065088803,0.6663463024555285,0,1,0,0,0
1871943173.2204418,458529749.3276859,3857137025.724855,3297158785266.748,500000000,3293301648241.023,-3357137025.724855,21.862275244741383,28.601818523511852,52.664632388497544,0.8769012410169198,0.5449014751553617,0.3317144833602764,0.059226909035740224,0.18277703920492067,122.6730658064082,223878.34509669497,74263.68957930384,149614.65551739113,14961465.551739113,4946571.933646158,194708.03451967397,10014893.618092954,14766757.51721944,385.14008963175934,33.85983682720818,0.8414986000333359,0,1,0,1,0
1980231427.9877646,457531278.05631423,3961102422.416479,1189644644604.713,500000000,1185683542182.2964,-3461102422.416479,20.562417546933812,23.661819154656996,38.86459224201049,0.946408183826478,0.5224699270022697,0.3541717514284092,0.04830271534487468,0.4356626175217323,53.61372068159421,97845.04024390943,34653.949271768586,63191.090972140846,6319109.097214085,1967009.406158704,80725.12538991596,4352099.691055381,6238383.971824169,910.1589355955022,80.14896201616695,0.8248727596927845,0,1,0,1,0
1910218104.208088,688521642.5956166,4891156493.050221,725640358369.5443,500000000,720749201876.4941,-4391156493.050221,17.095255346074246,28.823151059688904,47.82637195327782,0.8804013991108565,0.6484533808780985,0.3957726437031072,0.11704087171605596,0.18707237558913073,28.819956550122598,52596.420703973745,20816.224471332534,31780.19623264121,3178019.623264121,1681504.9867855501,197330.25433485102,1496514.6364785708,2980689.3689292697,3268.365289469897,167.746429806475,0.7740536890843484,0,1,0,0,0
1488058889.6443567,700993849.7333653,4522995408.320648,1517127398258.9575,500000000,1512604402850.637,-4022995408.320648,17.543228976741197,29.851564730258122,35.92195291566229,0.8622546387025627,0.5644939989867639,0.35443090123901966,0.039486700309965615,0.29423495248040193,50.53442591806508,92225.32730046878,32687.505872168713,59537.82142830007,5953782.142830007,1184816.8082848277,8382.478572355898,4768965.334545179,5945399.664257651,948.4227900666865,84.09863562341869,0.8274851647006592,0,1,0,0,0
2185180684.850717,607900245.4753016,4817070615.706782,2798614238198.1987,500000000,2793797167582.492,-4317070615.706782,22.2973765056393,26.139399950755354,45.71764156944567,0.944519817618725,0.7720845302125228,0.488296989390064,0.12736136999305275,0.22945973524928884,80.33324084596076,146608.1645438784,71588.32536677895,75019.83917709945,7501983.917709945,3519773.554217966,350287.7823871237,3982210.363491979,7151696.135322821,1209.6474510409137,69.9134849326803,0.6439098405874724,0,1,0,0,0
2796263039.381796,522156896.8382419,5056929142.651947,1499323569101.3281,500000000,1494266639958.6763,-4556929142.651947,20.70010174559576,27.46771490696387,45.31080013267315,0.7951937132316946,0.8885894336603025,0.525927857464167,0.13233889153603057,0.1848918841109095,61.859787327553796,112894.11187278567,59374.158377574146,53519.95349521152,5351995.349521152,860238.3082309124,27987.720107880614,4491757.041290239,5324007.629413271,1125.8242812704234,93.91421553148716,0.628378991309624,1,1,0,0,0
1945118183.2912102,521365571.8846152,4202358263.6357465,1075351556164.8438,500000000,1071149197901.208,-3702358263.6357465,20.53053648086773,26.175363450888934,42.933729418513934,0.977818203467753,0.7742989106851597,0.5182989459650976,0.10334163044570577,0.36757851929108065,45.18967829668326,82471.16289144695,42744.716799152826,39726.44609229412,3972644.609229412,1683994.4048698414,89988.73570997968,2288650.2043595705,3882655.8735194323,1836.1732411667015,128.7778305077486,0.6075836518108519,0,1,0,0,0
1316253786.7449703,450515053.7586646,3266748201.761098,3303136143828.436,500000000,3299869395626.675,-2766748201.761098,18.19681201177552,24.172961046827123,41.84882423909268,0.9325752837362199,0.8195071636161608,0.5324391946530612,0.08272298255642974,0.32420543416041814,124.09390399845603,226471.37479718224,120582.2364089833,105889.13838819895,10588913.838819895,1167953.5197267237,115975.00533369878,9420960.319093172,10472938.833486196,346.753206797876,47.74209111212404,0.5930822137159657,0,1,0,1,0
1375370439.758475,752388334.0036707,4632818179.082156,1357701975047.2085,500000000,1353069156868.1262,-4132818179.082156,24.609121037865677,25.378408600871854,58.247774155193156,0.94545075651335,0.7564149706185819,0.4798102957083713,0.0822984319713511,0.23768898197953212,49.253857868631385,89888.29061025228,43129.32729842517,46758.963311827116,4675896.331182712,1518935.4039820705,80189.0280814753,3156960.9272006415,4595707.303101236,1467.4930371058458,108.79718115698844,0.6568621766329259,0,1,0,0,0
1879023960.5010915,534604029.66177773,4193579634.9469852,3595237674349.224,500000000,3591044094714.2773,-3693579634.9469852,15.591709653257464,26.827606809981567,45.06710192691833,0.8159628477633506,0.7660653755920064,0.4614709214117402,0.0777911755959069,0.2169049207180285,114.67156018591727,209275.597339299,96574.60273315864,112700.99460614038,11270099.460614037,5594764.925015439,794120.2212970745,5675334.5355985975,10475979.239316963,738.9132056696767,47.728235096483466,0.7115433478386964,0,1,0,0,0
1620225617.3055222,521141785.708759,3876496820.6224794,2259774228465.0654,500000000,2255897731644.443,-3376496820.6224794,16.622398738188586,33.405767789546694,39.94481088186452,0.8923991440726636,0.8484780049278409,0.5110238139659213,0.08066359392514168,0.13173817194955287,94.63384469281364,172706.7665643849,88257.27054745403,84449.49601693086,8444949.601693086,2631814.658444994,345539.07824074983,5813134.943248092,8099410.523452337,666.8513389879239,61.73288766537016,0.6130624543363633,0,1,0,1,0
2025103229.7232242,672366001.1551554,4936096145.849804,1408544135121.0925,500000000,1403608038975.2427,-4436096145.849804,14.351912062120032,32.3497627757087,44.07096273324859,0.921115648822387,0.9204317186576819,0.5525550674377148,0.08767318498888421,0.08938818289935804,42.57688710799349,77702.81897208812,42935.086377222695,34767.732594865425,3476773.2594865425,1803232.349403133,289037.5471961649,1673540.9100834096,3187735.712290378,2949.492370403893,156.85114611987441,0.5315305195016362,0,1,0,0,0
1251054825.1204524,521978196.52562624,3510947249.5561,1069848920299.5914,500000000,1066337973050.0353,-3010947249.5561,19.93256799885102,30.2431121743896,44.6948571035786,0.9174427936410413,0.6298982625283446,0.38753082908264863,0.04651523453281177,0.1719639508587202,41.369280665991774,75498.93721543498,29258.165733956354,46240.77148147863,4624077.148147863,1636490.456384823,230669.32679553717,2987586.6917630406,4393407.821352326,1175.1783669528306,113.8068716430008,0.7760476306057054,0,1,0,1,0
2061677900.3173475,395956795.75557667,3775963610.118849,913003546209.202,500000000,909227582599.0831,-3275963610.118849,18.30611458267459,23.42954296504201,52.007641602089535,0.990578255794524,0.6810339848664352,0.4252670085507829,0.0350190685360445,0.1405385547631402,43.24016809624592,78913.3067756488,33559.225907330394,45354.08086831841,4535408.086831841,1243017.742392831,98600.37462325385,3292390.3444390097,4436807.712208587,1146.8760429627112,112.69363750522024,0.7131074522025497,0,1,0,1,0
1847965349.8141913,284459502.74966526,3079526130.708111,7612714802541.574,500000000,7609635276410.866,-2579526130.708111,19.132785931820415,23.91435028467923,35.22543152251485,0.8265537016914962,0.7473017388077099,0.479053797984136,0.1018755683656273,0.3938047529025499,258.4732260718187,471713.63758106914,225976.20964412345,245737.4279369457,24573742.79369457,13814286.954318667,2326235.70297264,10759455.839375904,22247507.09072193,286.2157879247113,22.474428166763875,0.704095645933504,0,1,0,1,0
2109609215.4031126,492385239.893459,4241379624.4848027,718880432099.2173,500000000,714639052474.7324,-3741379624.4848027,21.095535513208915,23.23145234912202,33.45959608608727,0.8559956710892884,0.5165006354345285,0.3287617152368149,0.0642119948006905,0.3420613156384649,28.395847986229892,51822.42257486955,17037.228533441154,34785.1940414284,3478519.4041428403,712631.5874938339,76694.72078036638,2765887.8166490067,3401824.6833624737,1533.4604675410944,146.97994357127888,0.854647111662067,0,1,0,0,0
1707058554.361794,792796333.9027711,5139451786.555483,1465916326159.9907,500000000,1460776874373.4353,-4639451786.555483,16.663243007321412,25.432178945444306,43.87764152322096,0.9578834406662651,0.7431934255805142,0.4977281514967065,0.10720505978763206,0.38891542149900493,59.70963769441862,108970.08879231398,54237.48086303042,54732.607929283564,5473260.792928357,2234090.2532495726,223930.8547993742,3239170.539678784,5249329.938128983,1586.6567454843369,95.25025210707462,0.6456709745217066,1,1,0,0,0
1284352131.9579334,483936418.6924914,3379543566.755703,2080121318657.786,500000000,2076741775091.0303,-2879543566.755703,16.928544192344532,29.717595405480775,44.73165840140172,0.8243283675801223,0.8996174727226585,0.5290142124257785,0.0676750489050598,0.13138388534590137,171.81583732083874,313563.9031105307,165879.76124917052,147684.14186136017,14768414.186136017,5784925.618840961,1097615.020794275,8983488.567295056,13670799.165341742,376.19500948207804,36.57430658974215,0.6076935330990529,0,1,0,1,0
1414372547.590572,558492312.3172833,3832351984.494911,2216458113096.568,500000000,2212625761112.0728,-3332351984.494911,19.288423364149004,23.003261411235997,44.87265238302414,0.9372386888621571,0.6121688792383335,0.4125338197419364,0.0414547872168079,0.4275738049936928,59.16388410725361,107974.08849573783,44542.9631603006,63431.12533543723,6343112.533543723,4261522.8092156015,1138846.9343670679,2081589.7243281212,5204265.599176655,1841.0698033839915,96.07503507874443,0.7633093984110396,0,1,0,1,0
1372141901.9451914,518235355.32474804,3615829782.7197604,986229106020.4652,500000000,982613276237.7455,-3115829782.7197604,16.819011320753063,27.125458293468363,47.923667898317525,0.9754523243398237,0.840606026426979,0.5371558147271284,0.04942320625180724,0.2291028827370413,36.53701280893147,66680.04837629994,35817.575711615726,30862.47266468421,3086247.266468421,299569.4565388807,60985.09625026884,2786677.8099295404,3025262.1702181525,1297.5413841656796,165.2749321768516,0.5595477544740134,0,1,0,1,0
1965538903.8362257,670174415.8682165,4867043402.591307,1544426459639.596,500000000,1539559416237.0046,-4367043402.591307,13.286356815026204,24.986677272390267,35.05270939472027,0.9457674354268848,0.7900419728190554,0.4903043844523375,0.05315756406305812,0.16893180379460038,50.48261914159828,92130.77993341685,45172.12534436771,46958.65458904914,4695865.458904914,2096337.2176821146,49513.60422980549,2599528.241222799,4646351.854675109,1872.2794872587672,107.61130789027642,0.6336465396125162,0,1,0,0,0
926187710.3397546,610041871.7973166,3567349762.394193,1223157533058.919,500000000,1219590183296.5247,-3067349762.394193,20.877588354133778,25.868629089138302,29.355786000946075,0.9678816122934472,0.5514441670998964,0.3594318891608417,0.060575016236314796,0.2977633072323406,32.96037171977193,60152.67838858377,21620.790831293198,38531.887557290574,3853188.7557290574,1674935.6109739176,71677.44895900662,2178253.14475514,3781511.306770051,1637.7112875901314,132.22226761687807,0.8081594582794926,0,1,0,1,0
1717256755.0573363,360323004.4793381,3277266796.8422346,2990703481710.067,500000000,2987426214913.2246,-2777266796.8422346,17.23641274131034,30.98387700066084,26.38498626480747,0.904006475956019,0.8092301535627606,0.5002899447636007,0.09385719902023497,0.2018031329204793,92.29331901690223,168435.3072058466,84266.4905382531,84168.81666759349,8416881.66675935,869210.9337538519,60879.570245304734,7547670.733005498,8356002.096514044,434.20903120626997,59.83722768674148,0.6340132414315253,0,1,0,1,0
1341072463.2660053,502511358.94318795,3516683668.5375266,1000639018447.8944,500000000,997122334779.3569,-3016683668.5375266,27.299713030014757,30.14403882465581,44.32007954336295,0.9269305105178366,0.7902807849789145,0.5054547522294112,0.09049836428846401,0.28248729653394866,38.570013926856085,70390.27541651236,35579.09922001327,34811.176196499095,3481117.6196499094,781028.9695082927,24683.597402326654,2700088.650141617,3456434.0222475827,1302.4326695173806,144.65775906084554,0.6297365153128645,0,1,0,1,0
1788895116.8891613,368773000.3848964,3385489218.8141007,935110781378.7124,500000000,931725292159.8983,-2885489218.8141007,18.412780240742002,21.66592592383822,46.84571567987667,0.8787685858446779,0.7583945402197024,0.487424391035678,0.12139228856387638,0.34723960172004015,32.08489174316985,58554.92743128497,28541.099845332392,30013.827585952575,3001382.7585952575,985462.5113016841,68730.75348096374,2015920.2472935733,2932652.0051142937,1679.3765643056615,170.49414629763191,0.6751544072532707,0,1,0,1,0
1611293613.8573155,633926205.5459785,4355862331.670146,4962087579048.367,500000000,4957731716716.697,-3855862331.670146,26.43890877471018,27.00803554632136,32.00707020709193,0.9949247911089599,0.6798196866130924,0.45037282063215534,0.07877887640399879,0.3195208656039266,165.42685821513842,301904.01624262764,135969.36335536826,165934.65288725938,16593465.288725939,10462873.637314962,343190.7856732005,6130591.651410976,16250274.503052738,710.5125539828819,30.768711008916878,0.6953815786475855,0,1,0,0,0
1588494348.8234901,496181897.4133562,3736702298.06395,1891513010167.7375,500000000,1887776307869.6736,-3236702298.06395,16.185763037101157,30.482870596418824,42.999259713242516,0.9406291622792987,0.6716583401441517,0.4639151721598186,0.06085741897485565,0.4950298091198149,61.39047316873378,112037.61353293914,51975.94877050868,60061.66476243046,6006166.476243046,2418583.416414567,138840.81956701513,3587583.0598284793,5867325.656676031,1041.5653758390197,85.21770040684277,0.7069070129254287,0,1,0,1,0
2054883842.7601957,622977521.6563399,4752050489.098725,2971035485621.7812,500000000,2966283435132.6826,-4252050489.0987253,18.157352441357332,25.772314350352204,36.04311161315016,0.7872436663861914,0.6961696731204446,0.4740577473179118,0.042085416196119906,0.6045595737181492,82.87222954136165,151241.818912985,71697.35597415322,79544.46293883178,7954446.293883178,3953504.1413848544,102726.89219014325,4000942.152498324,7851719.401693035,1187.7328659029433,63.68031948418674,0.7401902026502438,0,1,0,0,0
1262631304.8885121,410398521.22117174,3039442128.176962,2257107419374.8193,500000000,2254067977246.6426,-2539442128.176962,14.571932653120715,35.23230794735205,37.15826010308199,0.90251266510555,0.8992855712504371,0.5632032107688343,0.0868078108967551,0.2436400572150151,80.54444101142619,146993.6048458528,82787.27021166957,64206.33463418322,6420633.463418323,1701500.7136556548,226952.61690311032,4719132.749762667,6193680.846515212,644.0679441216864,80.72744017498383,0.5428949150542268,0,1,0,1,0
1653012189.1366363,520790569.4981961,3907762810.063615,1657286255250.7522,500000000,1653378492440.6885,-3407762810.063615,17.725038447204163,26.04448183258161,39.562213245454586,0.8795294416323137,0.8236734026310245,0.4976634949864557,0.09441439042814866,0.1560969918303905,56.685183006596525,103450.45898703866,51483.516977442654,51966.942009596,5196694.2009596005,1128168.3943475536,116285.50585577016,4068525.806612047,5080408.695103831,960.486179960524,98.41727900392495,0.6394701654412771,0,1,0,1,0
1552293701.828436,632726693.9772787,4291669162.288429,1037549146563.2413,500000000,1033257477400.9529,-3791669162.288429,16.362664139478323,30.910282650731652,53.89004565656845,0.9898528135783459,0.8513081982389541,0.532167573632923,0.14720490074702508,0.14475597808253662,55.10930974433073,100574.49028340357,53522.48246348687,47052.007819916704,4705200.78199167,2688276.021705251,444940.7544050391,2016924.7602864187,4260260.027586631,2127.828090959119,117.36372821431794,0.5515584490451612,0,1,0,0,0
1931298942.8111565,476544278.8131151,3994486280.455127,578476104785.873,500000000,574481618505.418,-3494486280.455127,20.790425699473015,23.61328753876761,32.150514557783175,0.9339641021419,0.8601106997892564,0.5164193220884761,0.058137011611640685,0.07560095822353213,25.553457687339247,46635.06027939413,24083.246215039933,22551.814064354196,2255181.4064354193,555921.8492293471,58943.23956896377,1699259.5572060724,2196238.1668664557,2350.721679637261,227.6620120455283,0.5851538943022769,0,1,0,1,0
1922351943.5956826,725051553.3455148,5061445728.809726,3693226037173.2534,500000000,3688164591444.444,-4561445728.809726,27.495793528826745,23.715049258311574,38.611334138744695,0.8696469804591632,0.6640434830995264,0.46505460251949954,0.034998369000668494,0.6016535608988095,117.16735258057115,213830.41845954233,99442.82026328071,114387.59819626162,11438759.819626162,1921901.9384197402,112319.98398035031,9516857.881206421,11326439.835645812,531.8400034957864,44.14449794068861,0.7314386823142902,1,1,0,0,0
1546643790.625473,691206783.2726805,4539207433.386316,1100106751150.9036,500000000,1095567543717.5172,-4039207433.3863163,18.50934689155286,23.094340519894562,30.40507602598585,0.91979073212215,0.7221489341889005,0.4428986409367467,0.04279295294894569,0.1595089404699371,31.164186454401065,56874.64027928195,25189.700883460326,31684.939395821624,3168493.9395821625,1310836.0290069687,267462.6145615121,1857657.9105751938,2901031.3250206504,2443.5109432935496,172.352499501687,0.7058152529973705,0,1,0,0,0
1826272421.9300802,451601784.5994038,3781471812.768443,789025718304.714,500000000,785244246491.9456,-3281471812.768443,21.717187913422535,27.001950590787438,36.36890845324383,0.9502738676116677,0.5138931192575855,0.32904085306027164,0.049754338488807504,0.26152542784024,31.034554387736183,56638.06175761853,18636.23615640715,38001.825601211385,3800182.5601211386,1331801.857863687,120137.1103352268,2468380.7022574516,3680045.449785912,1531.9645828174346,135.86788718304763,0.8393164523990677,0,1,0,1,0
1478050375.8616903,585592254.2683818,4013358379.2187605,851135105569.6405,500000000,847121747190.4218,-3513358379.2187605,19.087004716096352,22.676716468872865,29.120022712255075,0.9426061095810118,0.8476930847084819,0.5425425986989048,0.0741464045376182,0.26822611890169523,49.431699780604,90212.8520996023,48944.31521415818,41268.53688544412,4126853.6885444117,954531.7952129239,29004.94953112593,3172321.8933314877,4097848.739013286,1265.1170070903615,122.0152406407256,0.5664863926291648,0,1,0,0,0
1944232550.8721604,630100456.8042154,4672237778.759833,1179063508427.0994,500000000,1174391270648.3396,-4172237778.7598333,22.25378711294386,31.772577219956336,38.01115168035735,0.7715825916176059,0.7100709487265199,0.41438732012347773,0.04247611868892987,0.1671806629002768,51.460534380009435,93915.47524351721,38917.38210428391,54998.0931392333,5499809.31392333,1460379.8719359161,113206.0992947892,4039429.441987414,5386603.214628541,1156.6578512783913,92.82287558180205,0.7729661451768803,0,1,0,0,0
2193547281.2999773,607218748.9088188,4822486688.6703415,1430340360555.9963,500000000,1425517873867.326,-4322486688.6703415,16.260203661128486,26.388630834703502,38.22623628450265,0.8201570033276,0.5816676305140822,0.3485874636516662,0.039513387587783666,0.19611199894352307,42.1934163732491,77002.98488117961,26842.275193338,50160.70968784161,5016070.968784161,706428.2552116347,67962.19509796819,4309642.713572526,4948108.773686193,1118.9991860537987,101.04870827799425,0.8337032895968532,0,1,0,0,0
2246873679.941148,494468802.2748843,4387664823.745023,1892519318391.5073,500000000,1888131653567.7622,-3887664823.745023,17.243154496188627,27.578623995171032,35.81169487164737,0.9851488995720908,0.7305052941633131,0.5572856845967378,0.10705986173904938,0.7246568677713038,64.619200982956,117930.0417938947,65720.7240756325,52209.3177182622,5220931.771826221,1424560.6514448877,84502.49509969947,3796371.120381333,5136429.276726522,1155.7523447034062,97.34388873327447,0.598945742147962,0,1,0,0,0
1026207135.1618543,573155091.8407081,3507668733.939464,1567844060214.8574,500000000,1564336391480.918,-3007668733.939464,16.089606305297714,20.85211581020334,42.38731247485764,0.8790323226612033,0.5218698987106298,0.36283066488958843,0.13045699598140026,0.5726693799543372,59.73980883603035,109025.15112575538,39557.66807264568,69467.4830531097,6946748.305310969,1615566.4566977562,74774.05399674442,5331181.848613213,6871974.251314225,657.9533082053664,72.75929474042746,0.8335548760385965,0,1,0,1,0
1570315559.6094315,440631971.5673584,3478021400.844372,1924747596993.9202,500000000,1921269575593.0757,-2978021400.844372,15.639579185375752,22.841309881944127,50.40530518676333,0.9440633586966702,0.5876560065576395,0.4022335486774872,0.0900939794220704,0.46585079387703826,74.9654332759068,136811.91572852992,55030.34236485191,81781.573363678,8178157.336367801,1745231.3378138223,298895.7164688599,6432925.998553978,7879261.619898941,540.6593207548442,63.45772283246167,0.7768470604827126,0,1,0,1,0
1092006434.2711422,697407749.9649335,4111417017.6614532,1243177475511.8335,500000000,1239066058494.172,-3611417017.6614532,20.796412878411452,29.197631204815288,40.588259665666584,0.9598188371176963,0.6926686038400292,0.4276988388651682,0.10677239102759242,0.13766791766289346,54.36361828765611,99213.60337497242,42433.542963105036,56780.06041186738,5678006.041186738,2755937.8291584393,247072.13402329365,2922068.2120282985,5430933.907163444,1407.0229437962334,92.06519698950785,0.7156502548708759,0,1,0,0,0
1543915285.6558535,382420195.7614338,3199594601.583051,564669354838.112,500000000,561469760236.529,-2699594601.583051,17.334874346742374,34.95590709036035,35.63565157965761,0.8319423334345483,0.5909388801135347,0.33956321601806305,0.05083234298004799,0.047730433053541375,18.288722284279093,33376.918168809345,11333.573674172621,22043.344494636724,2204334.4494636725,1146113.45931264,109007.9115346591,1058220.9901510326,2095326.5379290134,3023.5599476498714,238.62629091415596,0.833061530744419,0,1,0,1,0
1605286110.0403204,571099712.2781509,4077848990.952548,3692547657487.2695,500000000,3688469808496.317,-3577848990.952548,18.512825122908687,21.86001666280601,51.01183357574686,0.9898458901056074,0.8105992300588128,0.5360873842563058,0.08688200940493584,0.3194381517032762,142.65125005076578,260338.53134264756,139564.2022886082,120774.32905403935,12077432.905403934,4786305.6934955055,202977.34247432786,7291127.211908429,11874455.562929606,559.2892391580127,42.10719366039233,0.569860468052872,0,1,0,0,0
2155319180.0065756,559024312.1284688,4575601897.682222,735280962813.1489,500000000,730705360915.4667,-4075601897.6822224,28.831479472168752,24.408401466827954,35.53357840028766,0.9511066738246143,0.7579543593021787,0.4878312835824312,0.04592856368239359,0.2765331055100933,25.508839012389654,46553.63119761112,22710.317662553745,23843.313535057372,2384331.353505737,365019.6108864863,35939.55904366311,2019311.742619251,2348391.794462074,2265.9215024160685,212.91166200592636,0.6483246474993561,0,1,0,0,0
2090903184.3311481,639416268.1116576,4859240999.94239,3139229760782.8647,500000000,3134370519782.9224,-4359240999.94239,17.855196656266052,24.46232919214619,47.69107684116733,0.9579182313216393,0.8254907840002541,0.5174369905838534,0.05298043847919502,0.1873989371766164,86.21689285068258,157345.8294524957,81416.55247281962,75929.27697967608,7592927.697967608,3357979.0018206225,205105.65720829277,4234948.6961469855,7387822.040759316,1147.4143723071297,67.67894478798387,0.5908353172170648,0,1,0,0,0
982512238.1038518,479085625.76234543,3056702278.0764937,570331305622.2042,500000000,567274603344.1277,-2556702278.0764937,19.581656366169938,21.319296957907177,40.28484672355157,0.900110592214548,0.7734025364420881,0.5055102341254588,0.037293679327445095,0.3753280856101833,31.85544171784801,58136.18113507262,29388.434536750643,28747.746598321977,2874774.6598321977,944504.3037234755,75053.2488127113,1930270.3561087223,2799721.4110194864,1583.5617370400757,178.5891974937359,0.6480901550043274,0,1,0,1,0
2006508387.0900903,495163705.906208,4150308099.954118,1510225308906.1948,500000000,1506075000806.2407,-3650308099.954118,14.357456756270551,22.65091095857868,40.1886117029339,0.9256314529203812,0.8204285510844987,0.5514185401463257,0.06396011020522467,0.43139781107134656,46.5222922779141,84903.18340719322,46817.18944817023,38085.99395902299,3808599.3959022993,999037.8144534369,166603.8280199191,2809561.5814488623,3641995.5678823804,1477.2084468117785,137.28737190383853,0.5812447806173717,0,1,0,0,0
1269835119.0124125,572866319.6932249,3750046485.514366,730348593777.5668,500000000,726598547292.0524,-3250046485.514366,21.480334951537753,28.898875770428095,51.23947007555138,0.7801605642287135,0.7082183465682154,0.44316979774282345,0.06007110629047839,0.3713975575943512,24.20728499897365,44178.29512312691,19578.486114338917,24599.809008787994,2459980.900878799,988888.3280303631,131632.33077988838,1471092.572848436,2328348.570098911,2549.1573778074717,214.74447873531213,0.7551380396566107,0,1,0,1,0
1409888152.7057333,578750677.064719,3915575707.1692247,991234797753.6699,500000000,987319222046.5007,-3415575707.1692247,17.74086383981819,24.935793109851744,29.494575781463542,0.8477859777376464,0.3362773058965826,0.23720195806795769,0.07512229720232154,0.6418271749979446,41.55729241482057,75842.05865704754,17989.88481735658,57852.173839690964,5785217.3839690965,645084.9436549594,30298.55000213239,5140132.440314137,5754918.833966964,761.7655289305981,86.88219841587956,0.9323758127919601,0,1,0,1,0
2010440465.6655498,462016966.8677488,4010732145.15508,1105120763436.085,500000000,1101110031290.93,-3510732145.15508,20.763093723418113,26.614271843445202,37.28125260486514,0.9436295124991633,0.7070538931228361,0.4616011396548676,0.13228222283889723,0.3274125243278635,30.841917489539096,56286.49941840885,25981.912278720567,30304.587139688283,3030458.7139688283,1052334.3211171182,172785.05078679405,1978124.39285171,2857673.663182034,2027.5429389822725,174.96749416910237,0.6920211411330738,0,1,0,0,0
2111206067.7566385,548330114.6790382,4485188507.063856,1841305713264.9438,500000000,1836820524757.88,-3985188507.063856,22.01827633453732,33.21254287527456,38.241490402542,0.9425134050961534,0.7484850605230627,0.5115659486198287,0.07440772923182937,0.46315621013566644,83.7725262205579,152884.86035251818,78210.68861584601,74674.17173667217,7467417.173667217,3022992.4833480706,69625.97276136029,4444424.690319146,7397791.200905857,1009.1718995337017,67.58774158680974,0.6391121167073562,0,1,0,0,0
1194141927.531107,504122565.9459471,3376728815.9326315,2017374960591.795,500000000,2013998231775.8623,-2876728815.9326315,15.329694241342768,22.67129334103065,34.06878713515853,0.9067140533749456,0.8065932023846326,0.49363454366480036,0.050928938511339464,0.166974972588687,79.94949564971003,145907.8295607208,72025.14486232788,73882.68469839291,7388268.469839292,1901124.9268813052,419959.9083766579,5487143.542957987,6968308.561462633,615.3891892014034,71.75342417601712,0.6389806766408648,0,1,0,1,0
2108800460.0957785,546528040.5233325,4474980861.38712,1895359518579.0186,500000000,1890884537717.6313,-3974980861.3871202,15.24791923943269,23.66423214294614,41.02632891317484,0.8408307983334551,0.6564142009086709,0.38943047128462516,0.05146070950236309,0.14104473771067938,65.81586431621001,120113.95237708326,46776.033082066555,73337.9192950167,7333791.92950167,4652928.938953472,305261.48135121947,2680862.990548198,7028530.448150451,1669.2314665704162,71.13862615926696,0.7850603639808802,0,1,0,0,0
1852671614.3832102,590085851.5057592,4407434542.146717,1549770430051.4934,500000000,1545362995509.3467,-3907434542.146717,23.37926885392919,31.134454024824137,33.96619872108428,0.9010698689122965,0.664041666284939,0.4642968637664318,0.04039742228629682,0.5672420383026645,54.391189176028874,99263.92024625269,46087.926855496335,53175.99339075635,5317599.339075635,2737870.3853434925,18198.601506281244,2579728.9537321427,5299400.737569354,1708.4874501138572,94.35029067632507,0.7221889293207924,0,1,0,0,0
1524976853.4087155,470259248.38060266,3560953298.4209185,1484159312523.91,500000000,1480598359225.489,-3060953298.4209185,16.488392090526975,21.170063753730822,40.82723709037731,0.8169446494780199,0.6603743205886884,0.44334094812368857,0.10975002749004822,0.5360311412576055,60.074263846469556,109635.53151980694,48605.92049203575,61029.61102777119,6102961.102777119,2943655.295304282,169781.3067564765,3159305.8074728367,5933179.796020642,1127.1315647880772,84.27184363018088,0.7608223164854518,0,1,0,1,0
2027271350.2444358,309489767.6908094,3367200079.2607465,1397111637981.2778,500000000,1393744437902.017,-2867200079.2607465,18.819986788046535,28.236649249528373,39.20492069683577,0.8396781856304304,0.8435131886861171,0.524365304357627,0.11714003293239408,0.28799327326725843,42.83521046729545,78174.25910281419,40991.869167379155,37182.389935435036,3718238.993543504,907246.1386514016,19827.094410980797,2810992.854892102,3698411.899132523,1197.8686012668622,135.19316226439705,0.628602739479396,0,1,0,1,0
2145674631.1265824,680619345.712149,5092400209.967344,758121216232.1915,500000000,753028816022.2242,-4592400209.967344,19.046780544221335,27.000110338796354,44.4389579640906,0.9943718771736445,0.6310494014947778,0.40197232583406955,0.08241231069538281,0.1994582553704946,30.189462746754216,55095.769512826446,22146.97461468867,32948.79489813778,3294879.4898137776,487955.1527505641,30758.880753943584,2806924.3370632133,3264120.609059834,1814.2278160925935,153.1806142861906,0.7477632587402538,1,1,0,0,0
1834025927.6527207,570364866.6340966,4303407311.4925,1605272505878.3584,500000000,1600969098566.866,-3803407311.4925003,23.384328163592937,23.639631146995068,37.731946648653725,0.9133045065308032,0.5548596961258755,0.3807430950860728,0.06700949198231357,0.5029466954169428,60.70730046569694,110790.8233498969,42182.84098937409,68607.98236052282,6860798.236052281,1008145.2145146169,136813.95648486685,5852653.021537664,6723984.279567414,735.291720806963,74.36067355472274,0.8070562050435308,0,1,0,0,0
1728703275.841091,706483954.1756387,4787409073.619532,1975185013095.311,500000000,1970397604021.6914,-4287409073.6195316,17.182096483164376,28.056666387978886,44.689885887811705,0.9616456091214497,0.8496659919010054,0.5393607695871988,0.05385132895291472,0.22297295116047036,67.76027218834255,123662.49674372518,66698.69941277007,56963.7973309551,5696379.73309551,2041634.3641105173,74879.9474353544,3654745.3689849926,5621499.785660155,1309.9159011860534,88.94423535787487,0.559300412853605,0,1,0,0,0
1225525347.9925742,605688085.1835122,3847837782.4736423,973286631556.5668,500000000,969438793774.0931,-3347837782.4736423,26.719869248133612,27.75527026127773,41.89089657752593,0.9396974704447636,0.7228050654152159,0.4790639670085836,0.09505394220794147,0.37641683399981707,48.150237231643864,87874.18294775006,42097.354680587174,45776.828267162884,4577682.826716288,1502936.2397020832,226309.7425728614,3074746.587014205,4351373.084143426,1251.4324916155654,114.90625839968068,0.6746110865763368,0,1,0,1,0
1247045846.3987012,455856243.09270686,3220664816.029987,1958557125868.9602,500000000,1955336461052.9302,-2720664816.029987,19.095200946015368,25.744537468706994,38.391359782038045,0.974933082908443,0.6731784789744255,0.4206704589331222,0.10083688804965757,0.15957283541765507,61.5018426310051,112240.8628015843,47216.41526579207,65024.44753579223,6502444.753579223,2552219.3513326226,246413.32594393927,3950225.4022466,6256031.427635283,815.3116564432773,79.92287215682913,0.7239123078018234,0,1,0,1,0
2160708144.3681893,593931553.6057433,4732120949.655772,1984324420271.0461,500000000,1979592299321.3904,-4232120949.655772,26.57069619481408,20.97575527610266,46.20737046040533,0.9783963768405148,0.5344064841249417,0.34916442936804604,0.06366692587807223,0.2943175149912769,70.83871198952819,129280.64938088895,45140.20416940853,84140.44521148043,8414044.521148043,2037131.1113438464,231867.49142587473,6376913.409804196,8182177.029722168,742.0707551682237,61.108430944933716,0.8174354088637679,0,1,0,0,0
1983667616.65738,593223075.7662712,4552013083.66731,678185532795.5322,500000000,673633519711.8649,-4052013083.6673098,18.50208229538074,19.78293519829037,57.576802153503344,0.8260822885112807,0.7837906175280949,0.5576762859918776,0.06467517142018801,0.6853732918338814,26.588666252358603,48524.31591055445,27060.860277294578,21463.45563325987,2146345.5633259867,655894.211554392,14452.627921761341,1490451.3517715947,2131892.9354042253,3054.117182863199,234.5333537611239,0.6389182416554606,0,1,0,0,0
1392251462.6219788,437909809.4634006,3288171766.5341587,2212449555219.174,500000000,2209161383452.6396,-2788171766.5341587,19.49413754999666,27.62208406386836,38.20549031716746,0.9553670116747665,0.7832743455028172,0.5228505680081357,0.04321337811523737,0.38174027350500456,131.10395593514795,239264.719581645,125099.6945375704,114165.02504407462,11416502.504407462,5920587.0044811955,472231.1283558814,5495915.499926266,10944271.37605158,598.293726782785,45.68600163681134,0.6087433539015985,0,1,0,1,0
1742788763.0558577,467739558.84821546,3767856271.0203576,582032094347.9648,500000000,578264238076.9445,-3267856271.0203576,22.08522519792077,27.957141815112482,36.72563180517584,0.969451626197464,0.5971976869538103,0.401455713716033,0.09280093987849326,0.3884677984004269,23.11342320791143,42181.99735443836,16934.20385389387,25247.793500544492,2524779.3500544494,642478.9798347509,45929.8306847575,1882300.3702196986,2478849.519369692,2001.7295489245323,201.7064755617506,0.7675755008184888,0,1,0,1,0
1654931101.5264308,470870628.9885506,3693554504.6176205,1444751259364.1853,500000000,1441057704859.5676,-3193554504.6176205,20.263962074328404,28.380802844062906,52.4619969183734,0.9426012166231184,0.6686504821458322,0.4139347870756584,0.11297111385479777,0.16444170484221568,64.14577111689346,117066.03228833055,48457.703149062254,68608.32913926829,6860832.913926829,1725081.9714868378,396003.1744534977,5135750.942439991,6464829.739473331,719.1848954542207,77.34155734173031,0.7391090080012074,0,1,0,1,0
1886486339.1590292,583525705.5860739,4412847268.207324,577661720689.4397,500000000,573248873421.2324,-3912847268.207324,19.12424515022402,28.180567839084205,38.729712883031056,0.7928556018226621,0.6842845147448237,0.4318926411810977,0.13511022029073974,0.38335972412145064,23.37993527067316,42668.38186897851,18428.16014031679,24240.22172866172,2424022.172866172,315397.9789679747,24028.07758649334,2108624.1938981973,2399994.0952796787,2092.7613753920405,208.33384589712227,0.7656814800793673,0,1,0,0,0
1830496544.9423015,698216679.3559858,4853409369.259361,2181732884115.6228,500000000,2176879474746.3635,-4353409369.259361,22.380638314930614,31.343344487507395,35.03275921451261,0.9268749779430091,0.7839512315828537,0.5055794529038979,0.07095509803638497,0.30772614080948324,103.32494483476897,188568.02432345337,95336.11857262047,93231.9057508329,9323190.57508329,2610597.0323241176,58547.614024779294,6712593.542759172,9264642.96105851,723.0304260705165,53.968620496398884,0.6326334410176206,0,1,0,0,0
1915764572.3482847,472646747.25717956,3962077638.047784,1353509259890.4854,500000000,1349547182252.4375,-3462077638.047784,22.34395710344898,24.971143076373927,39.491897313732736,0.8224312571035546,0.7240206056350461,0.441000337073405,0.04080798310285611,0.24414689915719626,46.84823280615548,85498.02487123376,37704.65778732445,47793.36708390931,4779336.708390931,1005502.0817585532,56312.138840105385,3773834.6266323775,4723024.569550825,1049.8810970907296,105.86436564897049,0.7374031842913851,0,1,0,1,0
1720399328.3631315,526505418.9363868,3999892256.608924,3890635762110.44,500000000,3886635869853.831,-3499892256.608924,19.157984723574724,22.178959115358555,28.455437735153154,0.9209767543764724,0.8512825468955859,0.5305376176159677,0.08625388330091538,0.20873362123735809,92.3522059903313,168542.77593235462,89418.28280953328,79124.49312282134,7912449.312282134,3027090.5558293303,157842.08462172377,4885358.7564528035,7754607.22766041,818.7509773618334,64.4777982070475,0.5840524399787623,0,1,0,1,0
1102451283.7165852,469863469.3235673,3136714212.5346293,802716585231.0138,500000000,799579871018.4791,-2636714212.5346293,18.205745931222694,35.40765384342183,38.606072275517604,0.8544210231870188,0.8557894015031443,0.5245000763214073,0.0970699960864441,0.22842973801678534,23.297468002110204,42517.87910385112,22300.63083499428,20217.248268856838,2021724.8268856837,879930.0110426502,170710.06614005147,1141794.8158430336,1851014.7607456322,2747.1785376943276,270.1221030774429,0.6164832069873948,0,1,0,1,0
1776221751.445376,523910113.7673109,4044478366.5084867,1049604593251.5947,500000000,1045560114885.0862,-3544478366.5084867,16.579615233392467,26.10662931568486,37.028991661735695,0.8048433228270688,0.5143086517975347,0.3288421924408611,0.07327252408487532,0.40881974996576054,52.44062836481781,95704.14676579251,31471.561448145156,64232.585317647354,6423258.5317647355,3109730.0888771545,340315.77812416153,3313528.442887581,6082942.7536405735,1220.5956388241889,82.19705827426299,0.863879758601849,0,1,0,0,0
1608112927.1795897,483898336.72102946,3703139486.970343,927276912827.3577,500000000,923573773340.3873,-3203139486.970343,16.17016188720192,20.369204788773313,47.66512818333648,0.900146987436585,0.6555088230028526,0.4570827316360505,0.0603127419775044,0.5605720705231947,25.370926018686664,46301.93998410316,21163.81720798234,25138.12277612082,2513812.277612082,303952.18309455423,45160.587017874976,2209860.094517528,2468651.690594207,1675.734810614261,202.53971101109428,0.7302963722783398,0,1,0,1,0
1275539755.034856,735442236.2831032,4459619759.61911,947591565056.6523,500000000,943131945297.0332,-3959619759.61911,19.898095900648244,26.179672821085184,33.03510532777845,0.9284767175634765,0.6666219475280087,0.4117895955852456,0.1232037587841487,0.17284089790548052,47.383349717081835,86474.61323367435,35609.34601188528,50865.267221789065,5086526.722178906,1578223.956440984,233895.4644605127,3508302.765737922,4852631.257718394,1271.161600752292,103.03688317646653,0.7451257297597905,0,1,0,0,0
2081118368.6249833,584673513.8688755,4612448706.856025,2423609224058.1235,500000000,2418996775351.2676,-4112448706.8560247,16.511993475327493,21.402101907750875,39.152367215647246,0.9201442198357732,0.749112165419107,0.45480874735128496,0.11865810076785194,0.12683452462613162,93.83489961525157,171248.69179783412,77885.4030021192,93363.28879571492,9336328.879571492,2067098.3925808233,107025.0185609507,7269230.486990669,9229303.86101054,634.5167779602895,54.175266903093785,0.6865043195696179,0,1,0,0,0
1387462583.7379441,781141418.6501187,4769396132.247095,2261701790411.894,500000000,2256932394279.647,-4269396132.247095,19.58512077231309,29.4978412832724,44.841301070285176,0.9371813731378805,0.8533555112815847,0.5533726529440148,0.06603506053727261,0.31371668613530895,56.05821810850569,102306.24804802288,56613.47989508286,45692.76815294002,4569276.815294002,1147415.3484367023,183296.76508600518,3421861.4668573,4385980.050207997,1393.8016423053489,113.99960653635176,0.557440835141507,0,1,0,0,0
1206196434.5834177,532051399.24704117,3509700555.199966,1565674830717.9556,500000000,1562165130162.7556,-3009700555.199966,15.913238106011109,27.86070308684252,39.81854881610984,0.9314736671462059,0.7274819538167328,0.4592318985963929,0.12309109178538846,0.23744764906222002,63.06133174719609,115086.93043863286,52851.589568964366,62235.34086966849,6223534.086966849,2497024.8253921075,258194.67391729023,3726509.2615747415,5965339.413049559,941.8198933220531,83.81752744969016,0.6888105584517277,0,1,0,1,0
1542636164.9430537,619418288.2783922,4224393193.406428,2208459381788.916,500000000,2204234988595.51,-3724393193.406428,21.961008663294624,28.880191062780085,52.19004545760149,0.9523481080505435,0.7526801065302877,0.49144872096116354,0.04654363221403737,0.31888022262573246,84.72854348884005,154629.59186713307,75992.51514584929,78637.07672128378,7863707.672128378,1804298.5867656406,206137.4025274047,6059409.085362738,7657570.269600973,697.1625671570812,65.29486278237631,0.647722934336426,0,1,0,0,0
1568906464.1577237,503185232.26775,3747435188.266897,1315811344234.0427,500000000,1312063909045.776,-3247435188.266897,14.919334625357191,34.13719833162481,41.57541422455797,0.9635655433666025,0.709840767184047,0.5063150891884415,0.09650380693103797,0.5634380858561754,44.24936229825028,80755.08619430677,40887.51866889071,39867.56752541606,3986756.752541606,359803.52287971653,77749.42234421313,3626953.2296618894,3909007.3301973925,1033.2185035141022,127.90971153659913,0.6536915649991863,0,1,0,1,0
986873010.7604449,466629224.66000396,3007133352.760479,1298088473557.3416,500000000,1295081340204.581,-2507133352.760479,21.880619169741834,20.791589248878076,42.220362854834036,0.9507735087033004,0.8749876670270111,0.5214485362271465,0.03681308576532159,0.03241259820033361,47.9387742235021,87488.26295789133,45620.62665644812,41867.63630144321,4186763.6301443214,1310254.9934204875,15776.138948963784,2876508.636723834,4170987.4911953574,1045.4108548011934,119.87568916364832,0.566199091837346,0,1,0,1,0
1808142157.0715847,532509323.3640131,4113628849.469482,1198960415561.6191,500000000,1194846786712.1497,-3613628849.469482,21.71699162660432,26.629714587837675,32.32858321553648,0.9292726917568906,0.6510708726378952,0.4101795328166957,0.05708177604387785,0.23361077279168976,40.82118969029962,74498.67118479681,30557.830142044586,43940.841042752225,4394084.104275223,1157509.5495235138,113403.31904114474,3236574.554751709,4280680.785234078,1270.982262228486,116.80385085585371,0.7518322018678374,0,1,0,0,0
1724357137.0427904,529846190.8601913,4018313859.394593,928906117629.2463,500000000,924887803769.8517,-3518313859.394593,15.194270236506316,26.792533179660413,43.07111685906081,0.915002994300096,0.5027232911561123,0.323472016221754,0.05141548893606182,0.31310319381724844,29.753955595938113,54300.96896258706,17564.84391312292,36736.12504946414,3673612.5049464144,1622899.3539747032,66417.33590973998,2050713.1509717111,3607195.1690366743,1959.4714441122849,138.61185119449146,0.8512050343945593,0,1,0,0,0
1600103632.3928623,582440645.4525638,4121766818.9068933,1226059607240.6775,500000000,1221937840421.7705,-3621766818.9068933,15.417498523179557,24.47966707610913,39.03960919255343,0.8325780760884934,0.7918914506326191,0.5088907197022445,0.0548232965271485,0.3947923396777986,41.180152774296666,75153.77881309141,38245.06058853739,36908.718224554024,3690871.8224554025,1335081.188042577,203422.61417708162,2355790.6344128256,3487449.2082783207,1749.6320592743305,143.37126367693807,0.6644825163894466,0,1,0,0,0
1571957292.7634633,649216869.1226693,4382726581.810041,2845493022296.8774,500000000,2841110295715.0674,-3882726581.8100414,16.887270999560926,25.7330208615002,38.54998260895789,0.9230642911712402,0.8496696683130122,0.5556667686030797,0.043258014533562726,0.3535629540694806,97.91384645411331,178692.7697787568,99293.63395569586,79399.13582306095,7939913.5823060945,2630945.242216727,434383.79223921784,5308968.340089368,7505529.790066876,825.5326272554614,66.61754919175996,0.5641907033529234,0,1,0,0,0
1603851083.6411343,664533265.2071587,4480932352.213651,423243968599.99164,500000000,418763036247.778,-3980932352.2136507,16.61714555497638,25.4494072654188,34.887914677880815,0.9434876223502937,0.8541521543773246,0.5130061934411236,0.031253151095969114,0.0660741512054294,19.514216990818888,35613.44600824447,18269.918372010474,17343.527636233997,1734352.7636233997,779881.3727326458,138824.7031415736,954471.3908907538,1595528.060481826,4694.674345379647,313.37587372108476,0.5865775503795853,0,1,0,0,0
1705427478.1890898,680154171.8208725,4650139097.519783,917242894040.9705,500000000,912592754943.4507,-4150139097.519783,13.411167028475573,32.75063739732795,40.65307235801851,0.8246219203639169,0.7217213613858855,0.46808432011596257,0.06121431897465787,0.4298821242856088,28.55295240510105,52109.13813930942,24391.470497767426,27717.667641541993,2771766.7641541995,310943.5237692857,55976.703916056256,2460823.240384914,2715790.0602381434,1889.6680676635772,184.10848736818625,0.7214209017773975,0,1,0,0,0
2020699869.9425244,562370793.7181278,4455471101.589295,2844562821827.6025,500000000,2840107350726.013,-3955471101.5892954,20.67940618279753,27.49022140480393,37.60145459817234,0.752610197423601,0.6543737740373172,0.40651347619742445,0.10800906602524364,0.3793748074632731,97.61544284197544,178148.18318660517,72419.63722544244,105728.54596116273,10572854.596116273,2794910.0089056655,305857.7838547234,7777944.587210607,10266996.81226155,572.8339989610488,48.699732662122365,0.7997968385833689,0,1,0,0,0
898312750.1336896,556588343.9039973,3308049000.211089,3225575108702.5137,500000000,3222267059702.3027,-2808049000.211089,25.310256193418365,23.63884776255409,35.39949269194154,0.9733079384359273,0.7268818274146861,0.4729824638659552,0.08751622306472921,0.28707027868528157,98.7247814847254,180172.72620962383,85218.53996407405,94954.18624554978,9495418.624554977,2500541.838945367,182502.61026883463,6994876.78560961,9312916.014286142,472.9245563004995,53.68887674204225,0.6653744360268143,0,1,0,1,0
2019534048.8425283,454590296.39474595,3987672131.7787304,464354560729.25085,500000000,460366888597.4721,-3487672131.7787304,19.771860950087294,26.31625243082297,42.20449465455048,0.9818307300696411,0.4698327511246355,0.31206001293988167,0.08462422965745525,0.3404010399617267,20.543544760749423,37491.9691883677,11699.74439006367,25792.22479830403,2579222.479830403,984161.1206705895,42905.980196580145,1595061.3591598133,2536316.4996338226,2500.0117449269833,197.13628014176734,0.8560478915461319,0,1,0,1,0
1526240419.7662277,529251675.1276393,3817623200.1236234,603390765485.9392,500000000,599573142285.8156,-3317623200.1236234,26.193268401432437,24.96316766835611,48.991387899119665,0.9301342766033849,0.5103507491691571,0.31260670714380207,0.058015620958928635,0.1442436794489138,28.294634319649617,51637.70763336055,16142.293747719214,35495.413885641334,3549541.3885641336,399978.06487551157,36702.5068714393,3149563.323688622,3512838.881692694,1212.1119049775448,142.335022140005,0.8516072451528384,0,1,0,1,0
1678411899.3818755,668961535.9872586,4574665262.9880705,2511490751516.7705,500000000,2506916086253.782,-4074665262.9880705,15.255099083692485,27.286136377163594,41.12107536159855,0.928163350673908,0.8309320383126099,0.549270514910943,0.049392589805907064,0.3801986144207428,87.48516907578426,159660.43356330626,87696.76855422163,71963.66500908462,7196366.500908462,1457308.0131840343,154797.45463633366,5739058.487724428,7041569.046272129,797.1107582843181,71.00690154628315,0.576380242890699,0,1,0,0,0
2258732627.8120985,497574961.3251134,4412971814.75921,551539593151.5831,500000000,547126621336.8239,-3912971814.7592096,17.011811616411457,27.9221311852778,29.619481188702355,0.9333459248483583,0.7927820878902022,0.49893367434500585,0.13658856837394193,0.22603440579766898,24.12570330397083,44029.40852974677,21967.754576983898,22061.65395276287,2206165.395276287,884233.4435474194,79279.30256219489,1321931.9517288678,2126886.092714092,3338.2745677549997,235.08546212832508,0.63081905141906,0,1,0,0,0
1784259894.470193,627248723.5059817,4499918609.572301,1441254699874.457,500000000,1436754781264.8848,-3999918609.572301,17.72410082530733,25.17204433161408,37.12495100307149,0.9225626229984427,0.7721992998580981,0.490180612724603,0.12719850146377143,0.26398739201220717,57.51246470248913,104960.24808204267,51449.478716582016,53510.769365460656,5351076.936546066,1498716.1075776583,154547.66534766514,3852360.8289684076,5196529.2711984,1168.093750651415,96.21806669525259,0.6507942474337804,0,1,0,0,0
1424558128.0019753,455375307.99453676,3396094900.3456464,1840091711355.682,500000000,1836695616455.3362,-2896094900.3456464,16.625557043751158,26.132195270894215,32.61619507312302,0.8200802369873487,0.5376450835818553,0.3239909211219073,0.10728389946887779,0.2134881445189152,80.59116606416389,147078.87806709908,47652.22118253612,99426.65688456295,9942665.688456295,4234970.045646131,375426.87173428194,5707695.642810164,9567238.816722013,595.0028019843032,52.261682767454225,0.8571484801381934,0,1,0,1,0
1424910339.3664386,582142848.8210968,3945284222.3119407,367875932771.12646,500000000,363930648548.8145,-3445284222.3119407,19.92543380215522,32.60634778506343,40.68628066057096,0.8413390352372789,0.7720961664626189,0.4779128763516658,0.040513603508917716,0.2731005513328045,20.075341938212258,36637.49903723737,17509.5325472175,19127.966490019873,1912796.6490019874,823161.3762383193,226825.31433395378,1089635.272763668,1685971.3346680338,3620.7383524813963,296.56494729102235,0.6895503553179211,0,1,0,1,0
2189935229.639765,597062097.7898532,4774901652.93883,1265585801531.5552,500000000,1260810899878.6165,-4274901652.9388304,13.931091133890192,26.485709960084243,35.86263330950331,0.7910151376655566,0.862759774953958,0.5173233152646659,0.08024807338636704,0.23021191195363003,49.67609263722904,90658.86906294299,46899.946701786925,43758.92236115607,4375892.2361156065,1370238.6407915284,142915.65081470142,3005653.595324078,4232976.585300905,1588.640041675856,118.12019034933004,0.6469495777486745,0,1,0,0,0
1099188384.933534,562866782.5024326,3536106988.4508467,1095057846094.799,500000000,1091521739106.3481,-3036106988.4508467,20.997578289409233,24.2727151743658,52.305208900304905,0.9646595015245762,0.824278800052907,0.5474461445195206,0.05548362086473073,0.35744733255675765,66.79637472520325,121903.38387349593,66735.53750542844,55167.84636806749,5516784.636806749,2016281.5047344659,99483.80442561164,3500503.132072283,5417300.832381137,1010.1710682822576,92.29688648843755,0.5646990870318308,0,1,0,1,0
1882457292.5825944,688745854.2796898,4864366400.680205,508333383925.40247,500000000,503469017524.7223,-4364366400.680205,19.24004649002898,28.747400829698194,41.05285340948586,0.9281371203730998,0.687557110502085,0.4378407704041902,0.05545107017179779,0.2678939716233776,18.737503525893214,34195.943934755116,14972.378437091676,19223.56549766344,1922356.549766344,207119.6096223587,23818.885810261676,1715236.9401439852,1898537.6639560824,2835.9734371578234,263.3605903599109,0.7205931047674725,0,1,0,0,0
1710242160.086917,575528636.6887101,4201979965.910648,3401705035548.882,500000000,3397503055582.971,-3701979965.910648,23.04427831009497,24.11362091926842,37.51683090634261,0.9225773013116292,0.5586308271087767,0.35628453978369745,0.08207502503558389,0.2783934508969731,110.21526194289004,201142.85304577433,71664.08882819359,129478.76421758074,12947876.421758074,5675443.3017873885,1392342.8591949902,7272433.119970686,11555533.562563084,577.7956148364807,43.26931312110673,0.8163780308102306,0,1,0,0,0
1298305159.8931353,553100069.0206656,3692939005.2424026,1693997129487.8428,500000000,1690304190482.6003,-3192939005.2424026,19.28091171618688,23.016912460932367,41.14762960884434,0.9015583736072794,0.6727056753354607,0.4274796860164079,0.03456706896481561,0.2892981832937489,45.12410137445095,82351.48500837298,35203.586954364204,47147.89805400878,4714789.805400878,2896031.6290819896,182706.19264311547,1818758.1763188886,4532083.612757763,2030.4727991473826,110.32453121396652,0.7407406518150839,0,1,0,1,0
1403086915.7656906,755887513.042328,4675684269.103599,1927580342500.7935,500000000,1922904658231.69,-4175684269.1035986,16.162731232440564,26.461795744417987,46.37415995485224,0.9183765899495169,0.8660751320568941,0.5574053844397956,0.08670098893301549,0.31035883866042163,67.60197315093268,123373.60100045215,68769.10949537899,54604.491505073165,5460449.150507317,2357380.7443025424,37285.93544584228,3103068.4062047745,5423163.215061475,1506.7938108468002,92.19711452006008,0.5566491626417762,0,1,0,0,0
1624961341.0453734,425484996.0154048,3467088704.9975157,3096407180928.9824,500000000,3092940092223.985,-2967088704.9975157,16.46806223483039,24.414437178742283,41.79719011929185,0.9906323071188048,0.8410082338779334,0.5367294002485887,0.04354257613536528,0.20929305826067526,94.63288859859676,172705.0216924391,92695.86271290234,80009.15897953676,8000915.897953676,2172243.042707567,251679.28453174903,5828672.855246109,7749236.613421927,594.8332992950454,64.52248459338355,0.552834673934745,0,1,0,1,0
1133117468.3638434,476418136.9718206,3195758677.8487387,3213946055093.5723,500000000,3210750296415.7236,-2695758677.8487387,16.951523240400853,23.52256917585952,31.8461134995592,0.9678380324000394,0.6372637177090986,0.4275293763199323,0.07508066960268582,0.38414730021515436,83.22921904536469,151893.32475779057,64938.858400859135,86954.46635693143,8695446.635693142,4175673.093380572,293579.2503375399,4519773.54231257,8401867.385355603,707.0616808411178,59.51057985888906,0.7363135348337073,0,1,0,1,0
1770971776.7910476,596666199.657262,4354224168.361114,1078368737762.2499,500000000,1074014513593.8888,-3854224168.3611135,21.3981916645375,29.888226966095672,52.70374410611551,0.9282829268979508,0.6924022547600402,0.4771511536365221,0.09774589580307735,0.5004788165387227,35.311430382718456,64443.36044846118,30749.22378219747,33694.13666626371,3369413.666626371,2184635.592829188,104966.07175454119,1184778.073797183,3264447.5948718297,3675.139053178067,153.1652708364679,0.6933133903149372,0,1,0,0,0
1720090805.6918263,265714818.15328497,2870496911.927384,778440897034.9749,500000000,775570400123.0475,-2370496911.927384,14.296965593707816,26.368344704077998,42.459046064541944,0.9346755778479066,0.5789150928159019,0.4061605764259658,0.050168980407102395,0.5447351234263069,22.36057582664236,40808.05088362231,16574.62146971218,24233.42941391013,2423342.941391013,662066.1562636554,60144.310994193904,1761276.7851273576,2363198.630396819,1629.7818356356856,211.57764462483712,0.7802274060949077,0,1,0,1,0
2010170100.7465515,470436875.7901815,4046915579.4845905,1513667952006.9954,500000000,1509621036427.5107,-3546915579.4845905,26.492109903063124,23.97862560395359,33.89642213268716,0.8070571225809464,0.8767215756537144,0.5223270314006488,0.05520866851952934,0.19225198581072686,44.89655174540185,81936.20693535838,42797.495732774994,39138.711202583385,3913871.1202583383,952171.8680601479,209079.27900336066,2961699.2521981904,3704791.8412549775,1366.4167880924933,134.96034903559595,0.6304199915225874,0,1,0,0,0
1009614800.9603668,517997505.96581197,3252272918.484298,2419282076015.5493,500000000,2416029803097.065,-2752272918.484298,27.043438642799558,27.267871506992723,57.2024597903978,0.948038121184793,0.8541088806550434,0.5265348013144955,0.09387611507977336,0.14526227765954094,90.24429544272948,164695.8391829813,86718.09096153516,77977.74822144613,7797774.822144614,3222618.314090522,440254.717077686,4575156.508054092,7357520.105066927,710.8550085136993,67.95768042219326,0.5736501450268561,0,1,0,1,0
2440059178.2734265,586470835.9643121,4979170980.586269,984818718017.4419,500000000,979839547036.8556,-4479170980.586269,21.091876231772535,24.838765639897353,31.29366259311212,0.9510607063700832,0.4151261981997558,0.2754770474993977,0.03517723216529555,0.3686275068106427,40.08594715755395,73156.85356253597,20153.034023753204,53003.81953878276,5300381.953878276,1465332.2201994706,40022.74773518048,3835049.7336788056,5260359.206143095,1298.332831738783,95.05054320550876,0.8912388475685966,0,1,0,0,0
1376884030.8010561,602701348.7124072,3986265459.409153,924475773368.9736,500000000,920489507909.5645,-3486265459.409153,15.834066626009967,24.590585321640866,34.11580624071044,0.9251470049650283,0.6807881400371301,0.4787584109418368,0.04626191393502484,0.5603197168167636,33.775510388872874,61640.30645969299,29510.815170610455,32129.491289082536,3212949.1289082537,1406415.9511103553,24801.609382400195,1806533.1777978984,3188147.5195258535,2206.5830334033903,156.83088594167714,0.6984640167198526,0,1,0,1,0
955262007.429997,585649894.3038564,3490819561.975948,496679522688.6495,500000000,493188703126.6735,-2990819561.975948,22.121079502814002,20.741319503944503,39.13996207603853,0.8689847262882555,0.5828192063261682,0.3821969699397849,0.039169436014533106,0.41668819544250657,21.092468306255213,38493.754658915765,14712.196392243084,23781.55826667268,2378155.826667268,1048926.5040479598,135409.99316319733,1329229.322619308,2242745.8335040705,2626.1981304302903,222.94100050508132,0.8064321448083691,0,1,0,1,0
2307036062.680726,474626554.77528393,4361920658.842198,507265873634.76404,500000000,502903952975.9218,-3861920658.8421984,21.343261523600333,22.107678239501475,26.475058722472898,0.9933661822764077,0.6806711057358589,0.43763659252287446,0.06923068577617934,0.22954371431526244,16.88986850635631,30824.010024100266,13489.714714838166,17334.2953092621,1733429.5309262099,718227.539507442,101842.26301255747,1015201.9914187678,1631587.2679136524,4296.6037258716515,306.45005010327236,0.7040895419531827,0,1,0,0,0
1672735275.356563,563998410.7984347,4114553237.1812434,890245905179.056,500000000,886131351941.8748,-3614553237.1812434,20.230180604605277,25.40844918316888,43.74769164605909,0.9108494863325365,0.5832883531227362,0.3590243379614558,0.07169662478236642,0.18059516018410315,35.46510538727081,64723.817331769234,23237.425667876647,41486.39166389259,4148639.1663892586,811363.2525676171,42611.3266722181,3337275.9138216414,4106027.8397170403,1232.9077197784081,121.77218945365374,0.8092547145752564,0,1,0,0,0
1546327196.737618,521489769.7756429,3804104988.953901,700701455374.045,500000000,696897350385.0912,-3304104988.953901,23.003225270698973,19.12533229608209,42.325881098050104,0.9147201840722946,0.6869113134815393,0.4379510535232854,0.13162918345997604,0.28557376604065093,26.29403791572033,47986.619196189604,21015.790431991947,26970.828764197657,2697082.876419766,658070.6506493652,109576.79511630145,2039012.2257704008,2587506.0813034642,1865.6607061375487,193.23626081996431,0.7248214949383197,0,1,0,1,0
1500471965.3553162,409970937.90000325,3275431576.6300163,1112462526020.1387,500000000,1109187094443.5085,-2775431576.6300163,23.069035009177476,31.40214047355659,46.888210171120896,0.9842081969084274,0.9496356849942997,0.577814343829154,0.04832070067165855,0.06364342283772373,48.967495572379335,89365.67941959228,51636.771414678245,37728.90800491404,3772890.800491404,2213028.892907285,410747.6222791687,1559861.9075841187,3362143.178212235,2099.82150388103,148.714666061862,0.45995204934625766,0,1,0,1,0
1833394726.1583214,577154696.97711,4332172522.065719,449285479766.35004,500000000,444953307244.2843,-3832172522.0657187,18.628728438251667,26.784223701741784,30.460938010283957,0.9759350657268303,0.782060520732316,0.5325865871986906,0.0685296663932599,0.42005264732709413,22.212190936417592,40537.2484589621,21589.594811184004,18947.653647778097,1894765.3647778097,767846.7625549661,92341.62287842078,1126918.6022228436,1802423.7418993888,3844.2639189028573,277.4042465026018,0.5935084610247514,0,1,0,0,0
1589196864.683022,726950954.5311117,4736514063.018275,1020471170697.2172,500000000,1015734656634.1989,-4236514063.0182753,18.893550217117948,23.577842839630677,36.2674485924193,0.8861239374360969,0.5984867453467648,0.3829790707272826,0.05093220121009567,0.32654252932875305,37.959913551690896,69276.84223183588,26531.580660869073,42745.2615709668,4274526.15709668,972749.7536177405,49130.64315434851,3301776.40347894,4225395.513942332,1434.535075733055,118.33211786924427,0.7968933953089485,0,1,0,0,0
1755161996.224934,388214746.74526924,3435928685.4534287,1408912628377.038,500000000,1405476699691.5847,-2935928685.4534287,17.696417126727376,24.346023253291754,47.756361573529375,0.7964395464538706,0.5688418749604971,0.3469821050198014,0.07296451658485206,0.2770144976636524,44.74193827815384,81654.03735763076,28332.489765716226,53321.54759191454,5332154.759191453,1011720.8465922565,185099.97087272696,4320433.912599197,5147054.788318726,795.2739828825099,97.1429333013422,0.8428003940685047,0,1,0,1,0
2067535433.0852792,543243689.0116067,4419496311.128454,3589740302232.559,500000000,3585320805921.4307,-3919496311.128454,22.92622304527058,30.756158157652806,28.729314757693203,0.8330473523790182,0.7457053707906239,0.4626171222164294,0.09067165585366055,0.28888826213854063,113.04183018002401,206301.3400785438,95438.53225652887,110862.80782201495,11086280.782201495,3333688.1067646444,251823.3316297088,7752592.675436851,10834457.450571787,570.0668790624189,46.14905751220728,0.7126185960393959,0,1,0,0,0
1099180844.6630075,321911121.2897511,2492887534.3035927,3259204232903.9624,500000000,3256711345369.6587,-1992887534.3035927,17.141773511120405,24.465443907559212,40.85049985014827,0.9124168094102577,0.6911334042423943,0.44070001911433937,0.10365065138043848,0.2883768901641508,125.50070542604735,229038.7874025364,100937.3979862229,128101.3894163135,12810138.94163135,3871355.235387822,250132.78467000969,8938783.706243528,12560006.15696134,278.8844227836467,39.8088976829742,0.7220938030782555,0,1,0,1,0
1544389877.2971501,424826117.7717478,3383664643.264593,2834310571419.26,500000000,2830926906775.995,-2883664643.264593,15.061658514970091,22.878915920849405,52.36702570901454,0.966108092947734,0.5988467127039163,0.3811488482718665,0.1367826215901753,0.22650846418707538,78.35253220381955,142993.37127197068,54501.75877082303,88491.61250114765,8849161.250114765,5120548.922577254,699777.6284098292,3728612.3275375115,8149383.621704936,907.4863101949962,61.354333433059665,0.7794860839593595,0,1,0,1,0
1299574233.7792664,621853145.7670366,3991872920.9360366,1978181537940.8582,500000000,1974189665019.922,-3491872920.9360366,24.204030505966685,22.612527978282223,55.019558929758325,0.9215679830016898,0.8750238830724475,0.5620384787999817,0.04626873972811471,0.3009884464321362,65.837242148954,120152.96692184106,67530.59075205607,52622.376169784984,5262237.616978498,2023188.9968487034,58355.2153698385,3239048.620129795,5203882.40160866,1232.4214265039575,96.08210974280213,0.5467755457359833,0,1,0,1,0
1328154851.5771494,419678764.03260595,3145144269.615493,1061354916365.7129,500000000,1058209772096.0974,-2645144269.615493,19.36842746089722,26.677254240069296,39.39347938423774,0.8996163013139767,0.7822738316493454,0.5016335919250853,0.07443239675900484,0.3187904600023434,31.523305525093317,57530.03258329531,28858.99688832562,28671.03569496969,2867103.569496969,1121496.0373352687,53914.21432642949,1745607.5321617005,2813189.3551705396,1801.7476504129504,177.7342144001143,0.646977220220095,0,1,0,1,0
803672392.531879,478661390.6274679,2876025716.385206,1001602783060.4521,500000000,998726757344.0669,-2376025716.385206,14.43774879830448,26.340021222496446,37.03449605789726,0.8712424915470627,0.8544658245147497,0.5136392315258055,0.06236095556575473,0.14902492860135458,40.31205313483992,73569.49697108286,37788.179887967075,35781.317083115784,3578131.7083115783,1786654.5720650656,176719.49564113878,1791477.1362465126,3401412.2126704394,1605.3934812760326,146.99776702672898,0.6176228489639475,0,1,0,1,0
1861632703.2361436,596972371.1040648,4446210656.942355,959979328179.4357,500000000,955533117522.4933,-3946210656.942355,18.30374065772841,29.315450523277374,28.43734474183993,0.9455599046510325,0.8294823983476378,0.5625093705586773,0.043333356955656974,0.43763034944652596,38.67390474927444,70579.87616742586,39701.84171704811,30878.034450377745,3087803.4450377747,823769.0113594203,34935.801979571304,2264034.4336783546,3052867.6430582036,1963.8440965399277,163.78043808644324,0.5588096705949204,0,1,0,0,0
1411359809.386228,636598881.2347523,4167499814.241768,1020556737739.6173,500000000,1016389237925.3755,-3667499814.241768,19.028139168772206,35.06093698307203,27.1137635533118,0.8997163539574446,0.9185042387804794,0.5531462103849013,0.05309768067426368,0.12333000766929512,41.70147606112509,76105.1938115533,42097.29954746915,34007.89426408415,3400789.4264084147,517620.86041036336,2583.3687615092736,2883168.5659980513,3398206.0576469055,1445.4582584557022,147.13645715358,0.5428836862198009,0,1,0,0,0
1861431338.152331,397517977.32278156,3582476147.1276646,2013713058469.8667,500000000,2010130582322.739,-3082476147.1276646,26.744886772378806,21.393033450211167,51.68867241237244,0.9763112280675733,0.637938966528764,0.4469088323816883,0.053135248540179716,0.5009810035412765,74.01506622361084,135077.4958580898,60367.32595498125,74710.16990310854,7471016.990310854,1680156.309815793,144409.0207203556,5790860.680495061,7326607.969590499,618.6431248802551,68.24440478803811,0.7216531234498043,0,1,0,1,0
1549798919.3864474,385381257.1797213,3218298081.6444263,1651290104250.6084,500000000,1648071806168.9639,-2718298081.6444263,17.541307175951964,27.373055122598842,31.458687390667464,0.9209430052027786,0.9382946566937391,0.5784010469366384,0.07280904632798288,0.174388827263017,74.68867329761738,136306.82876815172,78840.01246411206,57466.81630403966,5746681.630403966,2774176.6419140254,109481.8874795736,2972504.9884899403,5637199.742924392,1082.6888749072718,88.69652004571628,0.5001944582441253,0,1,0,1,0
1578115610.3982813,563872999.4422079,4019390606.6819453,1091284945500.3265,500000000,1087265554893.6447,-3519390606.6819453,20.573309337301737,23.82573318127753,58.64362638922357,0.9866659090476649,0.6451910133684844,0.40002988958779545,0.053380137987096385,0.1219566260624763,38.88263669186725,70960.81196265772,28386.445774482283,42574.36618817544,4257436.618817544,2640135.48898021,139193.66015492848,1617301.1298373337,4118242.958662615,2485.245655573252,121.41100100669468,0.7453457815619107,0,1,0,0,0
1806331813.057206,592231788.6213897,4370385525.4994755,761503028899.9834,500000000,757132643374.4839,-3870385525.4994755,28.60625398193585,29.414428944174354,38.66190154317262,0.8172738308798981,0.6856768605018201,0.41786573980053726,0.056960528179203246,0.2514192294495439,26.878150681811455,49052.62499430591,20497.411432403962,28555.213561901946,2855521.356190195,716868.7400191381,31457.15051900324,2138652.616171057,2824064.2056711917,2043.5228668992575,177.04979900808087,0.765833992110465,0,1,0,0,0
1468539363.5056586,452027225.93481296,3425580692.680398,599073427075.1362,500000000,595647846382.4558,-2925580692.680398,21.845752101592453,23.23525113418798,37.408277709083194,0.9788143367190908,0.8445559876688098,0.5617850566460632,0.04965081636786124,0.34787895658962464,24.158809372447102,44089.82710471596,24769.006017537984,19320.821087177974,1932082.1087177973,649262.151132893,77483.21270149702,1282819.9575849043,1854598.8960163002,2670.3518856453975,269.6000742122762,0.5355927938297718,0,1,0,1,0
2130376103.100528,532981130.25926405,4437905472.444457,667529037670.5356,500000000,663091132198.0912,-3937905472.444457,20.872184052652557,31.267527546845898,28.672547281237115,0.9200882803203205,0.7485791630781913,0.46019765351820796,0.04879941394931374,0.16669797671312483,30.666775770368545,55966.8657809226,25755.820307149068,30211.04547377353,3021104.547377353,896013.2515107599,55766.584820850716,2125091.2958665933,2965337.9625565023,2088.3363839833146,168.6148446866865,0.6830347635507754,0,1,0,0,0
1251469064.4714322,643560163.9792218,4037747780.5668173,920139989147.7538,500000000,916102241367.187,-3537747780.5668173,18.617282038312016,24.230408330080273,30.416042185216558,0.8948661433900896,0.8107891552365478,0.5102344111396528,0.047616339506523726,0.2666042330365708,30.083080030539545,54901.621055734664,28012.696289985142,26888.92476574952,2688892.4765749522,506661.66099578416,43324.277483934595,2182230.815579168,2645568.1990910177,1850.284466583885,188.9953168365848,0.6298005636526534,0,1,0,0,0
1297401562.9829664,641321804.2897143,4073989353.0221486,2884855501010.4497,500000000,2880781511657.4277,-3573989353.0221486,18.649276136755766,28.725742302299707,34.97955582678094,0.8761068716627318,0.6694644252623154,0.40779039738245965,0.05384882772786313,0.18555407191235865,96.43540918784161,175994.62176781092,71768.9167478713,104225.70501993962,10422570.501993962,4079993.709595143,473511.7528738463,6342576.792398819,9949058.749120116,642.3240090533188,50.25601040341826,0.7608218042379161,0,1,0,0,0
1470328447.6791472,568391647.5822698,3931166825.6679983,669046669712.2306,500000000,665115502886.5626,-3431166825.6679983,25.32430182145734,24.946280353700566,36.24576696282956,0.7710898666596012,0.6241937655910956,0.39619672782132026,0.10742134379811893,0.42283139124148234,27.870012030210372,50862.77195513393,20151.66381654608,30711.108138587853,3071110.813858785,1032761.3254324156,52457.13151020568,2038349.4884263696,3018653.6823485796,1928.602944680947,165.63675486317757,0.8093067559913081,0,1,0,1,0
1461243511.5817444,680738335.0023432,4408484251.778456,1437266515390.784,500000000,1432858031139.0054,-3908484251.7784557,17.5461379504045,21.66260945943088,45.699495561135315,0.8646835578099686,0.7815570841110069,0.47813306791585103,0.11265029962962864,0.21158909017807623,47.52753197375894,86737.74585211008,41472.184528374775,45265.5613237353,4526556.13237353,1360700.5697865563,111991.7909913907,3165855.5625869744,4414564.341382139,1392.5095964188806,113.26145941808991,0.6768778830233118,0,1,0,0,0
1743461605.0091343,484206139.4075841,3839820789.3504834,1962213668436.757,500000000,1958373847647.4065,-3339820789.3504834,27.165486252079756,26.527510568743125,54.39198811651355,0.849907288649378,0.8277970555851614,0.5414086413249438,0.12437430458096063,0.4283866416054862,66.8265918285945,121958.53008718498,66029.4020724901,55929.12801469487,5592912.801469487,1755746.2463387602,216373.091291466,3837166.5551307267,5376539.710178021,1000.6917172297897,92.99661621646325,0.6190915437631211,0,1,0,1,0
1701482178.4169655,383787819.5400647,3363082589.5879464,822915790174.0911,500000000,819552707584.5032,-2863082589.5879464,18.100837273024226,29.73200074280463,39.4824483188788,0.9533415873095709,0.522177307775973,0.3483162465988895,0.05403359893327733,0.38167092106186906,28.883045083225024,52711.557276885665,18360.291783067194,34351.26549381847,3435126.549381847,1651639.3240097566,79387.66812494259,1783487.2253720905,3355738.8812569045,1885.6779806125628,148.99848220989207,0.8266035247018912,0,1,0,1,0
2228780168.446735,501588882.3568366,4400397532.858446,2003461206017.6157,500000000,1999060808484.7573,-3900397532.858446,17.58871913968851,21.568581902836033,39.689795321127775,0.9680430667682435,0.6790169081070121,0.46338720479226597,0.036820214699330694,0.43388422542669836,96.27585589548625,175703.4370092624,81418.72454811608,94284.71246114631,9428471.24611463,4969820.906736087,521942.837749129,4458650.339378543,8906528.408365501,986.9348789238726,56.138595991045456,0.6954074299897446,0,1,0,0,0
1089422394.593683,561566055.5908372,3520709531.2923827,1490438752373.8594,500000000,1486918042842.567,-3020709531.2923827,16.263696857585334,31.83146630184723,47.12017275326431,0.8924663511479012,0.7857314785862859,0.4816215713355131,0.10754910329387682,0.18743068816951236,43.96596233885706,80237.88126841414,38644.29445712595,41593.586811288194,4159358.6811288195,1425062.7528607524,224978.1496505992,2734295.928268067,3934380.53147822,1287.6110061438883,127.08480941271348,0.6622682163667544,0,1,0,1,0
1580976281.9127057,654393779.3241984,4414158882.902755,643420831098.4779,500000000,639006672215.5752,-3914158882.902755,17.923644451762396,24.69577851164669,27.163506828636766,0.8561220528118063,0.5246022546621735,0.3111279296509759,0.0521998615554658,0.12280388932776044,32.27433634062215,58900.663821635426,18325.64158989357,40575.02223174185,4057502.223174185,1940733.789861927,69407.66087074153,2116768.4333122578,3988094.5623034434,2085.3291335205745,125.37315557312414,0.8602651168776236,0,1,0,0,0
1527690894.0975502,495975024.66070426,3675003192.581614,650665809456.764,500000000,646990806264.1824,-3175003192.581614,27.783918709164,24.425868267201896,33.6209289179257,0.8750497188229612,0.38941601978991447,0.25455666683556905,0.04859533755051511,0.40120186958777715,29.385717163610778,53628.93382358967,13651.602640078296,39977.33118351138,3997733.1183511377,1113437.6309941409,54922.25724609826,2884295.487356997,3942810.8611050393,1274.1424062446445,126.81308275078317,0.913257682941609,0,1,0,1,0
2271736661.0131884,675279359.967573,5195342896.151306,750123948938.02,500000000,744928606041.8687,-4695342896.151306,18.167945986514063,24.66687208906432,34.95651254223918,0.9411261389021955,0.7423672587557035,0.44703916742757605,0.10382583558399208,0.07724914134390304,52.74931901028558,96267.50719377118,43035.34626623165,53232.160927539524,5323216.092753952,1776165.4141903683,16846.24063178546,3547050.678563584,5306369.852122167,1464.6937320487384,94.22637583394906,0.6876710645863675,1,1,0,0,0
1487966605.3808856,474822789.44151336,3543700794.9517674,1692476808996.9463,500000000,1688933108201.9946,-3043700794.9517674,20.866097318896827,31.46199957600169,49.371994741111976,0.8967068081493881,0.7884241060776753,0.47378670046021254,0.04402433569962119,0.119744498855854,42.02904270513421,76703.00293686993,36340.862676849596,40362.14026002034,4036214.0260020336,934319.717915666,65207.16299257102,3101894.3080863673,3971006.8630094626,1142.4311865538582,125.91265068252,0.6650397846712478,0,1,0,1,0
1547657794.215085,506780365.7962887,3741751565.06387,2173844267866.2917,500000000,2170102516301.2278,-3241751565.06387,17.109709185028585,20.07487183420297,35.07941043567507,0.9338242272873787,0.8076394874484385,0.5094050841524654,0.07309754057110444,0.2323666450608041,90.18519264721695,164587.97658117095,83841.9520608154,80746.02452035555,8074602.452035556,1849085.613294519,119086.22995773041,6225516.838741036,7955516.222077825,601.0346870767683,62.84947274853395,0.6158100882087578,0,1,0,1,0
1207198016.5065536,520815046.78105366,3462054611.258624,513353291391.6379,500000000,509891236780.3793,-2962054611.258624,16.25553646078336,30.98402641459501,47.78225217266883,0.8790950515807745,0.6461516416142162,0.39534658909748505,0.06879609883625043,0.19628507366302947,25.26754177242347,46113.26373467284,18230.72152965566,27882.542205017176,2788254.2205017176,850379.5907252706,203001.3996823078,1937874.629776447,2585252.82081941,1786.5214591606507,193.4046821159728,0.7754317867098367,0,1,0,1,0
844338160.708252,496748465.8904585,2994999054.9526405,1442792822103.8438,500000000,1439797823048.891,-2494999054.9526405,21.997885282474535,23.692484365253122,51.20785145608167,0.9900252792165155,0.7516246411188405,0.5287770390012816,0.047468404710908955,0.49990637305020186,43.42887049322722,79257.68865013968,41909.645922506345,37348.042727633336,3734804.2727633337,1485113.0183565947,161502.8500732764,2249691.254406739,3573301.422690057,1331.2933715175263,139.92662270948006,0.6065225193318574,0,1,0,1,0
1573056108.4104524,470837799.9021742,3611537378.738057,750410669954.0253,500000000,746799132575.2872,-3111537378.738057,21.16152284344345,20.315720501935452,31.62480026341866,0.9416974634007994,0.8556381128361823,0.5774061266021631,0.048173307441503284,0.427200370582495,19.873908076526664,36269.88223966116,20942.452216319336,15327.430023341822,1532743.0023341822,408841.5389109587,66332.79126228188,1123901.4634232235,1466410.2110719003,3213.393252232179,340.96871136386557,0.5347537198425523,0,1,0,1,0
928366239.2979059,471209440.9910733,2968456521.0497475,1066819626746.4233,500000000,1063851170225.3735,-2468456521.0497475,23.97810813383449,20.802854242150755,25.9731602471223,0.8194789255090987,0.6155455723719327,0.37700384440105084,0.09986078585235185,0.2643676896711192,40.438391619418006,73800.06470543786,27822.90811099638,45977.15659444148,4597715.659444149,1381850.367753972,125303.2152421859,3215865.2916901764,4472412.444201963,923.0661895945283,111.79648707225117,0.8098292234397942,0,1,0,1,0
1179914478.8660424,597141463.1346002,3765224512.573647,1097440728343.0857,500000000,1093675503830.5121,-3265224512.573647,15.915665126786223,33.65371632559757,48.861121811571635,0.7982943991484891,0.6109634475252967,0.38305290189002217,0.08792293609494646,0.3578425071160765,32.61021823297357,59513.648275176776,22796.875673868577,36716.7726013082,3671677.26013082,1087950.656863246,129033.94976257683,2583726.6032675738,3542643.310368243,1457.2844153912658,141.13755074823695,0.8131741068026326,0,1,0,1,0
2019142952.3550515,626971987.1201727,4733603543.7308855,1071723306723.3987,500000000,1066989703179.6678,-4233603543.7308855,22.00445829755897,28.529324659114994,34.34541278732982,0.8632576780748744,0.5322273443903834,0.34646423141965904,0.0639791077842327,0.4010363512122199,37.96998428579458,69295.22132157511,24008.31559623469,45286.90572534042,4528690.5725340415,979800.7926092703,55423.97549724306,3548889.7799247713,4473266.5970367985,1333.826587263363,111.77513996845443,0.8408172370117878,0,1,0,0,0
2138220591.3784323,637349589.5513155,4897610770.376981,1848804175520.4043,500000000,1843906564750.0273,-4397610770.376981,23.99251483290969,22.422522833155657,29.85561209288439,0.9056040640771423,0.881125445734302,0.5274544526949383,0.029705118359145577,0.09741199705306774,72.96962385956968,133169.56354371467,70240.87925457383,62928.684289140845,6292868.428914084,2003307.9362058796,55728.977213405175,4289560.492708204,6237139.451700679,1141.7511837640236,80.16495444296426,0.5791173056214115,0,1,0,0,0
2063123942.96123,540629928.7317859,4403768606.850299,808032531453.9427,500000000,803628762847.0924,-3903768606.850299,23.02938064237143,27.39664854728017,37.061252077603044,0.9811771154772415,0.6721258059192119,0.4749303199931052,0.06361224356337612,0.5206736132616367,28.628371761266738,52246.7784643118,24813.57921466448,27433.199249647318,2743319.9249647316,982773.0726253844,289749.78188733215,1760546.8523393471,2453570.1430773996,2501.3640511746335,203.78467736523444,0.6867955839273105,0,1,0,0,0
2218240662.4843373,589703767.0979037,4771349364.717821,1045124771733.7985,500000000,1040353422369.0807,-4271349364.717821,22.441978775392908,31.090851185943514,45.89644981673919,0.984756237344543,0.7677075312881384,0.5008402769115315,0.05129648495914889,0.28323273492983747,31.673087541165405,57803.38476262687,28950.263230937846,28853.121531689023,2885312.1531689023,854641.3643846869,88724.22360648385,2030670.7887842152,2796587.9295624183,2349.641995674976,178.78930060255067,0.6213623566922614,0,1,0,0,0
1627481870.5642085,451737409.6509593,3583268446.8992343,989460198768.595,500000000,985876930321.6957,-3083268446.8992343,25.50881940116498,25.37129025344327,33.91255652622603,0.9650057948799365,0.807620271881229,0.4885389727717085,0.03881516139080193,0.06563253612476011,33.246713096505616,60675.25140112275,29642.224992169675,31033.026408953072,3103302.640895307,1536109.1047123987,97505.26831858132,1567193.5361829083,3005797.3725767257,2286.4237020953537,166.34521161064626,0.6192531248231117,0,1,0,1,0
1463780572.0237184,599886733.8954705,4060976191.445076,1567527440334.9414,500000000,1563466464143.4963,-3560976191.445076,26.75639381214313,21.26342749019249,36.23754852048303,0.95899016017976,0.6979976923163046,0.4379784275248173,0.08940441889322938,0.18954332969577634,52.823912026977034,96403.63944923309,42222.71441364455,54180.92503558854,5418092.503558854,959312.6726174953,119900.68371923649,4458779.830941359,5298191.819839617,910.7819505381821,94.37181910396284,0.70682910161401,0,1,0,0,0
1700181674.9923997,524858345.0664787,3972543635.34362,1429142867013.6384,500000000,1425170323378.295,-3472543635.34362,19.631033227312532,30.393274673891728,41.076936331618704,0.9297758847604727,0.791350261089326,0.5159540029582735,0.03373340024293116,0.3376155005482633,43.8905997807097,80100.3445997952,41328.09343460146,38772.25116519373,3877225.116519373,267287.15601650294,46524.49798836189,3609937.96050287,3830700.618531011,1100.4465114935765,130.5244261535998,0.6203721948228319,0,1,0,1,0
711218846.5530791,539356026.1220057,3046348178.8124495,1599391184935.0818,500000000,1596344836756.2693,-2546348178.8124495,19.961307200358867,28.60853639488258,32.93554714762642,0.9472914761733493,0.7633966916508964,0.5108157555308606,0.06652744863895635,0.3969157334710901,52.08184947024174,95049.37528319118,48552.71844801961,46496.656835171576,4649665.683517158,1363390.6305245815,147594.66714575255,3286275.0529925767,4502071.016371406,926.991237704938,111.05999842778839,0.6305988976407746,0,1,0,1,0
1189072983.8895454,631066345.6708643,3921260005.0917964,921604087831.7611,500000000,917682827826.6693,-3421260005.0917964,17.04464739713806,23.405200412775326,30.280313467822157,0.9335196888177881,0.4651791805349699,0.317729599452767,0.05298668821382169,0.47007625923057034,28.812910657276063,52583.56194952881,16707.354076023552,35876.207873505264,3587620.7873505265,966153.2270035753,188392.53263403327,2621467.5603469512,3399228.254716493,1495.8262556462143,147.0922110941625,0.8620246747119582,0,1,0,1,0
1608137308.613806,486590788.78101945,3714820776.785078,1039810533619.7417,500000000,1036095712842.9567,-3214820776.785078,17.99917392168115,26.77024054378783,41.96557125875004,0.9661924532805579,0.6613881552471352,0.4550434356331806,0.07024076285887607,0.4591688013937911,51.545286776805476,94070.14836766999,42806.00350374759,51264.144863922396,5126414.48639224,1874382.6028598791,117892.94123078504,3252031.883532361,5008521.545161455,1142.3076125410046,99.82985906949553,0.7092143922521249,0,1,0,1,0
1835554822.2027395,487778189.3563818,3947379113.4637365,1096647450006.8555,500000000,1092700070893.3917,-3447379113.4637365,17.80155524288797,25.217717057282115,33.74014361740744,0.9072774636156992,0.8698642398511471,0.5560364084510804,0.09603784130822032,0.3012336812390162,39.786944274692374,72611.17330131358,40374.456015881384,32236.717285432198,3223671.7285432196,483511.1698741006,135680.63268755007,2740160.558669119,3087991.0958556696,1440.5648971828705,161.91756532945962,0.5611714951515717,0,1,0,1,0
1263439885.321245,739897206.418249,4466807579.173969,1035093735735.4528,500000000,1030626928156.2788,-3966807579.1739693,23.292369159566892,25.717204913097195,36.944398845736714,0.9564343150479782,0.7073250665741797,0.45560967468690966,0.04758622675429271,0.2734625493477144,39.83320716063573,72695.60306816021,33120.82006505319,39574.783003107026,3957478.3003107025,1947868.9075813831,143442.83026312312,2009609.3927293194,3814035.4700475796,2222.7242743463917,131.09474306849134,0.6917755146664136,0,1,0,0,0
1606475203.0991225,570900476.9314945,4078175499.2260365,1302351684122.4634,500000000,1298273508623.2373,-3578175499.2260365,19.613661092513496,23.905143950244906,56.465133238717144,0.8619085012804881,0.8419350383240388,0.5014243406933961,0.1317824813681146,0.12973796422481987,40.92251975383059,74683.59855074083,37448.1741639155,37235.42438682533,3723542.4386825333,913329.832342184,97278.42655910032,2810212.606340349,3626264.012123433,1451.1982082867798,137.8829556613598,0.6361309137829028,0,1,0,0,0
1848818448.7354994,644467560.8027065,4639025718.209166,790753182854.0658,500000000,786114157135.8567,-4139025718.2091656,19.111566986983615,25.80801380932985,34.40937549664488,0.9115591621302666,0.4418339228949945,0.2856760794110072,0.05332972200410893,0.33127214338428884,40.50980940916802,73930.40217173164,21120.147441699304,52810.254730032335,5281025.473003234,1321984.4164688252,184557.71504217858,3959041.0565344086,5096467.757961055,1171.7548901273556,98.10716436280077,0.8849417420123218,0,1,0,0,0
2162895494.3236756,260998745.59699428,3292883474.449771,859560324261.733,500000000,856267440787.2832,-2792883474.449771,20.677378841392947,27.790042711518225,43.90393554674259,0.8954515780036079,0.5046151412014119,0.3412174195716679,0.10401067044330248,0.47867503616852397,27.04955959777858,49365.4462659459,16844.35019086989,32521.096075076013,3252109.6075076014,1989880.4525626483,223758.06767196668,1262229.154944953,3028351.5398356346,2608.784198613584,165.10632712975513,0.8458180343894952,0,1,0,1,0
1183989771.8782406,616444005.4959459,3852869712.4231544,623355788747.9088,500000000,619502919035.4857,-3352869712.4231544,25.226130887105825,22.717091918487682,37.540933381616924,0.9595500298623714,0.6546859445835853,0.4261933941458955,0.05515524038760525,0.30250924665192475,22.091454467529275,40316.90440324092,17182.798329072848,23134.106074168074,2313410.607416807,940468.1209565226,60010.9050782211,1372942.4864602846,2253399.702338586,2806.286316010665,221.88695573230893,0.7322636401100642,0,1,0,1,0
1621074623.30161,600419810.3396626,4220578184.7517605,2397774542666.2383,500000000,2393553964481.4863,-3720578184.7517605,17.48962695533858,28.451980273542862,46.23108704663595,0.9206416753455382,0.8660910631584577,0.5375583462207605,0.07771091673817863,0.19625786175763582,73.03649052018979,133291.59519934637,71652.00948048769,61639.58571885868,6163958.571885868,1199775.3825696367,163961.976919547,4964183.189316232,5999996.594966321,850.205970205766,83.3333806254946,0.5713727311139392,0,1,0,0,0
1950084502.9610734,613295819.453896,4605334445.482127,1258049284312.5251,500000000,1253443949867.043,-4105334445.482127,15.426427084763517,24.047933409970895,31.298595348088885,0.8584122809765071,0.5830483432410353,0.3658178713323274,0.13549347897115782,0.29613426912256274,42.29000961407366,77179.26754568443,28233.55536455046,48945.712181133975,4894571.218113397,2054889.0320830392,103466.26354453358,2839682.186030358,4791104.954568864,1621.7781229666427,104.36005989040025,0.8169096705275907,0,1,0,0,0
2175865225.252802,519309798.3655193,4424204882.106312,848842812474.6206,500000000,844418607592.5143,-3924204882.106312,18.697059167996194,25.714528677171607,32.1864357349279,0.9323104714047634,0.8760187202149194,0.5360828347902802,0.054402433632027014,0.138853301856199,35.30524172126769,64432.06614131354,34540.92466843019,29891.141472883348,2989114.1472883346,1129245.0986347166,74704.2286967928,1859869.048653618,2914409.9185915417,2378.7722502877546,171.56131565790065,0.5621696627143682,0,1,0,0,0
1367929049.3164878,657326575.6788554,4213809123.703736,1559604714651.7256,500000000,1555390905528.0217,-3713809123.703736,17.806729912092166,30.4717882167345,28.53338103614787,0.9765843963948797,0.7073572811622523,0.4636270212137753,0.06693636067458168,0.305743554705324,51.847686281456355,94622.02746365785,43869.32873418373,50752.69872947413,5075269.872947413,2634233.529071391,230707.10247999392,2441036.3438760214,4844562.770467418,1726.237765478248,103.20848829702716,0.6797291968136362,0,1,0,0,0
1751931413.5780408,380909974.56576896,3401072262.071116,671850989822.7856,500000000,668449917560.7145,-2901072262.071116,24.08460324471532,25.806811351007703,39.42392950179304,0.9572869200247268,0.8906238059715063,0.5648224666386557,0.035699975910527204,0.2245923422788059,22.974325088127095,41928.143285831946,23681.95731228259,18246.185973549356,1824618.5973549357,582503.26505147,256323.46766882532,1242115.3323034658,1568295.1296861104,2738.129200743323,318.81754303481995,0.518442237973293,0,1,0,1,0
1694096696.3160315,535776855.55347383,4013730093.098734,3252876071614.6763,500000000,3248862341521.5776,-3513730093.098734,21.62473332154508,24.08503903262134,47.971703502442935,0.9833429501680002,0.778459513953072,0.513720266375284,0.13777609277297365,0.3194859732650266,145.98668313699332,266425.69672501285,136868.27989079422,129557.41683421863,12955741.683421863,1325269.1428621947,320702.94217748573,11630472.540559668,12635038.741244378,345.1046446394507,39.572494413321984,0.6067508990716834,0,1,0,0,0
1611004332.918906,702039362.680295,4650467375.5077715,1551998145025.4285,500000000,1547347677649.9207,-4150467375.5077715,23.689511055468802,33.98961143104728,29.273941105057833,0.8608275347927893,0.7775616196357343,0.48942449411720257,0.09562397378206333,0.3032851601697835,46.86150392137452,85522.2446565085,41856.681326779304,43665.56332972919,4366556.33297292,1483057.012909674,183119.59976719852,2883499.3200632455,4183436.7332057212,1612.7860142536015,119.51895818844032,0.6724054512524058,0,1,0,0,0
1397377416.1928804,510276057.52233905,3606605702.817317,941705614892.2957,500000000,938099009189.4784,-3106605702.817317,21.07679742339628,24.080451595461938,38.29018046909313,0.9188863039554866,0.638366596045801,0.38252847526831635,0.07198201897032545,0.08595937371060978,59.27161706242427,108170.70113892428,41378.373375377436,66792.32776354684,6679232.776354684,2509524.909610357,113759.22118893667,4169707.8667443264,6565473.555165747,864.9540490790606,76.15596891812892,0.7756140286285821,0,1,0,1,0
1875381711.7686262,452890426.519544,3836160247.737033,987537753966.9655,500000000,983701593719.2284,-3336160247.737033,19.50486569591971,24.214547950938705,37.97075480214018,0.7663123993905556,0.5893186510616442,0.35727170389945895,0.06446988247502274,0.29131708663067746,41.25022458237792,75281.6598628397,26896.00689157625,48385.65297126345,4838565.297126345,645979.205136132,49831.31999312595,4192586.0919902134,4788733.977133219,914.9866367838887,104.41173019582214,0.8386553162723749,0,1,0,1,0
1278148418.687466,521797837.6236151,3537259983.464515,735443976214.9385,500000000,731906716231.474,-3037259983.464515,15.225096261546987,27.645939316949573,29.84270313693404,0.9161967598563847,0.9031880726582234,0.5619303075558603,0.09315328595725714,0.20853998486871475,23.093587452890954,42145.797101526,23683.000727447386,18462.79637407861,1846279.6374078612,229348.21572329506,5545.669386359061,1616931.4216845662,1840733.968021502,2187.63760542132,271.6307780952296,0.5350038023879016,0,1,0,1,0
2370353625.6651335,456412538.1567521,4346381061.79819,1236800739617.6182,500000000,1232454358555.82,-3846381061.79819,18.20347211554516,26.54314614506731,36.51531380818379,0.7779961706442264,0.8158375994831072,0.47789362421366616,0.10986614628689095,0.17169008275874362,44.766373634717866,81698.6318833601,39043.255284037135,42655.37659932296,4265537.659932296,1323801.522763142,149496.65785814705,2941736.137169154,4116041.0020741485,1477.4884147089863,121.47595219484957,0.6966720621716667,0,1,0,0,0
1304940111.950287,598112853.3335742,3894455756.862429,651958754775.1869,500000000,648064299018.3245,-3394455756.862429,12.861368261301894,19.24281560844338,31.102239292738222,0.9286006059797967,0.7541410425637494,0.4865606388438513,0.05280194943764624,0.30722485143286715,38.92815947028815,71043.89103327588,34567.16100710367,36476.73002617221,3647673.0026172213,1731450.6659858737,177919.39777338575,1916222.3366313477,3469753.6048438353,2032.361110928676,144.1024513389053,0.6592636140042073,0,1,0,1,0
2338525862.3228173,572466650.3653567,4817006869.793798,1662191069172.4133,500000000,1657374062302.6196,-4317006869.793798,18.356295697728992,23.048706223361176,42.34500763831228,0.9235372047908187,0.6772242887154766,0.4548732274728929,0.08512662397006483,0.4315865249647214,70.85320349659743,129307.0963812903,58818.33626610595,70488.76011518436,7048876.011518436,1160102.5018657176,144844.61033727456,5888773.509652718,6904031.401181161,817.998325440415,72.42145508122378,0.7155032577303013,0,1,0,0,0
1953064893.5665543,563332192.4366224,4391998478.536222,1334792582106.9556,500000000,1330400583628.4194,-3891998478.5362225,23.901007710582302,29.571564778760937,39.913125087233,0.8700297141936488,0.8400830291543259,0.5205924876533907,0.043527384542613144,0.24574459134594737,40.98873616133497,74804.44349443632,38942.631326296105,35861.81216814021,3586181.216814021,1212268.4875199625,88505.73168571728,2373912.729294059,3497675.485128304,1850.109494059746,142.95208407010313,0.6195004096023149,0,1,0,0,0
1249463733.771519,622805637.4958537,3945886211.647172,783391137664.7341,500000000,779445251453.0869,-3445886211.647172,15.728856083914524,22.14596933379056,32.221684267880306,0.838922262406823,0.6462575711460747,0.40675075521247916,0.05711611203151122,0.3262911705930701,27.696051258251696,50545.293546309345,20559.336322397776,29985.95722391157,2998595.722391157,641247.3482508751,21970.530910000474,2357348.3741402817,2976625.1914811563,1673.8663894284296,167.97546477499307,0.7794760660008809,0,1,0,1,0
1826958053.1272862,583681876.5886661,4353995120.887933,903092177200.6936,500000000,898738182079.8057,-3853995120.887933,22.22850971464777,27.22768991376583,35.53220641714102,0.933758467587518,0.6112119974157577,0.43171074452428415,0.036474718455572444,0.5642749678213562,47.457627276919446,86610.16978037798,37390.540879261636,49219.628901116346,4921962.8901116345,1692310.9420107058,219172.3744954547,3229651.9481009287,4702790.515616179,1348.1313747904414,106.31985378461789,0.7536121538217686,0,1,0,0,0
2071032486.164623,408176297.57512575,3838222244.0205927,2314126599165.9736,500000000,2310288376921.953,-3338222244.0205927,19.61905258961657,26.286878909298636,33.66666315063123,0.9302510514192384,0.8755333738600427,0.575114024928563,0.0316842710797387,0.359392540027522,82.84917370055368,151199.74200351044,86957.0921917992,64242.64981171125,6424264.981171125,2907552.4682517946,390837.79991687933,3516712.51291933,6033427.181254245,1091.4233762129074,82.87163911640326,0.5315892716786819,0,1,0,1,0
2077750303.2388315,588966179.5161568,4627665637.244595,744786708881.8767,500000000,740159043244.6321,-4127665637.2445946,14.07763862929831,21.66405407798795,46.28987023718244,0.9029843091465984,0.46190369191680786,0.2792565916374926,0.04690931480012893,0.13221720304213988,33.77651010532848,61642.13094222447,17213.971388197624,44428.159554026846,4442815.955402684,976944.3751053195,127784.18447354669,3465871.580297365,4315031.770929137,1335.2097820218573,115.8740019873219,0.8835243694031746,0,1,0,0,0
2006604924.469952,489866195.52555823,4127469189.728532,1138177010407.6729,500000000,1134049541217.9443,-3627469189.728532,23.62412151544427,28.242048610237493,41.43372484034484,0.9357771061645629,0.6588266109310328,0.39898757793110623,0.0808834877897913,0.1015400173063542,37.96087469339021,69278.59631543714,27641.299346363125,41637.296969074014,4163729.6969074016,1394710.4073380113,155420.97393118773,2769019.28956939,4008308.722976214,1490.5888179530864,124.74089062399975,0.754018229473,0,1,0,0,0
1408586652.3903341,625651798.9267961,4117331519.782102,1006525371216.1833,500000000,1002408039696.4012,-3617331519.782102,20.358286566296577,28.27986606437159,40.13907295208307,0.8541451858989014,0.8165841770392863,0.5097576843433373,0.05424170520303191,0.2852840746870997,67.7999009053622,123734.819152286,63074.77488371094,60660.04426857506,6066004.426857506,2009413.6165838947,484021.96031863184,4056590.810273611,5581982.466538874,1014.9733390300695,89.57391088152711,0.6444534743873855,0,1,0,0,0
1112793431.0029156,600746693.5207028,3713712225.5594015,3082593769132.4976,500000000,3078880056906.938,-3213712225.5594015,15.643375182508136,28.775447804502967,58.56308911440517,0.830454258652336,0.6880838091641266,0.41528913716086213,0.06641269086124052,0.2068533724510028,105.07945173866186,191769.9994230579,79639.99759374074,112130.00182931715,11213000.182931714,2268492.132153966,78805.81750898664,8944508.050777748,11134194.365422728,415.19468756434117,44.90670663633746,0.7626945968313058,0,1,0,1,0
1335386698.495378,428207934.40538746,3189302960.682515,1829284657675.438,500000000,1826095354714.7554,-2689302960.682515,15.420046425616208,25.26024798501215,33.39455269564124,0.7979123062561633,0.6013772697390468,0.4075482765122083,0.06061309610271154,0.5809381600869752,87.23148416714281,159197.45860503562,64880.649879605895,94316.80872542973,9431680.872542974,2295331.211097902,297334.1440262172,7136349.661445072,9134346.728516756,446.9095702965735,54.738452005444124,0.8044394575703568,0,1,0,1,0
1749077807.9037578,592943702.6994956,4316213735.73868,2385148834465.874,500000000,2380832620730.1353,-3816213735.73868,21.5253206455218,32.33282622085226,42.66045576936848,0.970485961932676,0.8896130645603259,0.5688723480062483,0.08262395197734465,0.23646619598704843,87.21416184745178,159165.84537159948,90545.04817894124,68620.79719265824,6862079.719265824,3415216.335966841,414393.915819281,3446863.3832989833,6447685.803446543,1252.2149141889238,77.5472030185978,0.5088600815284999,0,1,0,0,0
1384753271.3263478,522069555.00499344,3645041230.16708,1201253558343.0786,500000000,1197608517112.9116,-3145041230.16708,17.623278883272626,29.304004114039735,37.16134242599975,0.9321858103490341,0.636417596743274,0.48114470979566565,0.07987148166294314,0.7477014591312706,68.3773566568784,124788.67589880308,60041.41125111498,64747.2646476881,6474726.46476881,780132.1792363682,89489.60497690675,5694594.285532442,6385236.859791904,640.0879584042694,78.30563078223774,0.7145563525851721,0,1,0,1,0
1374678696.9107847,516460474.2300272,3610682271.3926167,1040707585423.6165,500000000,1037096903152.2239,-3110682271.3926167,19.287221675248666,23.47007798596727,32.148773286562644,0.9205924577465137,0.7809200827440588,0.5435032645684348,0.043207697206429065,0.5357428955818132,51.12393570352386,93301.18265893105,50709.497363224866,42591.685295706186,4259168.529570619,1754644.3519537058,219195.6898114621,2504524.177616913,4039972.8397591566,1441.6639710095462,123.76320827686742,0.6092705364183898,0,1,0,1,0
1292146001.7155862,559864376.55625,3716065758.733138,2330636483400.3345,500000000,2326920417641.6016,-3216065758.733138,22.321826750458055,28.960822728497455,31.5186152882979,0.9317188024304076,0.7763604671800649,0.5021378900591655,0.1159537806586637,0.31149328480633304,67.57168074413617,123318.31735804852,61922.79968381705,61395.517674231465,6139551.767423146,3171621.5785615463,446836.0187220179,2967930.1888616,5692715.748701128,1252.0731696046053,87.83154158260615,0.6367787356175585,0,1,0,1,0
2276741306.2384105,589034239.9329267,4826951306.230773,2199903961803.157,500000000,2195077010496.9265,-4326951306.230773,25.976037043313177,27.02705645275313,41.41694389983738,0.9533178074188727,0.8296480764649434,0.5081956612862834,0.08409724658462539,0.11906682829857848,69.03795579093806,125994.26931846196,64029.741014577856,61964.5283038841,6196452.83038841,2904365.3721773988,91482.05663811063,3292087.4582110113,6104970.7737503,1466.2281508322499,81.90047397931255,0.5980587590370743,0,1,0,0,0
2308432542.3554244,654881926.9645178,5143728567.1660595,2134743675738.4878,500000000,2129599947171.3218,-4643728567.1660595,16.613952677329372,23.597251344009553,52.53852888326922,0.9404884946860803,0.7330474943037378,0.4636237355746401,0.07068894580538626,0.2338116628319486,73.5352433803095,134201.8191690648,62219.14872407417,71982.67044499064,7198267.044499064,4043136.5875934525,684960.7753459638,3155130.4569056113,6513306.2691531,1630.2744490035325,76.76592798468435,0.6803672564636861,1,1,0,0,0
1491307322.6392524,621366338.3983665,4181498388.6502748,1642279834031.415,500000000,1638098335642.7646,-3681498388.6502748,21.246492353204296,32.122053541888214,28.52733690889509,0.9276669431170473,0.8134831024483531,0.5195573029432302,0.03298234029304548,0.2773886225435655,53.23031062743013,97145.31689505998,50472.55883956278,46672.7580554972,4667275.80554972,985659.4462422645,103640.24649927113,3681616.359307456,4563635.559050449,1135.7778705212106,109.56177230419216,0.6079205583978073,0,1,0,0,0
1392521306.8233333,441904762.3468337,3305737666.044606,2114004126439.114,500000000,2110698388773.0693,-2805737666.044606,18.571731698864294,23.894947617822925,41.679450395572786,0.8674570360699208,0.8132587151111226,0.49912565063630443,0.04853030940437189,0.21857399124827062,54.42373694511337,99323.3199248319,49574.81668083954,49748.50324399236,4974850.324399236,1112480.7884277746,61723.59542319825,3862369.535971461,4913126.728976037,855.8833211729827,101.76818705920228,0.6478833273336457,0,1,0,1,0
1434528372.4010816,690148683.6866809,4422510997.689136,1403317320764.9204,500000000,1398894809767.2312,-3922510997.6891356,21.655463333348106,32.49173366696499,55.44107943019563,0.9404020525185909,0.7199397773403632,0.4671530253451962,0.04000221211102348,0.31232125359476737,46.08439178272866,84104.0150034798,39289.44505255336,44814.56995092644,4481456.995092643,2503500.3567810855,226680.311137374,1977956.638311558,4254776.68395527,2235.8988625070774,117.51498072401688,0.683722058526886,0,1,0,0,0
1363840345.5079248,456828643.0624783,3341669298.122858,854100286456.408,500000000,850758617158.2852,-2841669298.122858,26.587766236913737,22.55439973339211,30.025261682407624,0.8772233772323336,0.8127015908466939,0.5087947745467365,0.08849471470335149,0.26946012698194166,28.02707238106608,51149.4070954456,26024.551051326485,25124.85604411911,2512485.604411911,475789.6653965762,142231.96814193504,2036695.939015335,2370253.6362699764,1640.7305745100214,210.94788859256454,0.6372696048911856,0,1,0,1,0
1717503556.2538435,452190717.81399024,3675252719.7053185,1729097575362.8882,500000000,1725422322643.1829,-3175252719.7053185,15.582946228192647,27.3795873129097,41.1530218298427,0.9849631881552585,0.664873889738402,0.477250346844368,0.08764764377010667,0.5610300076158047,67.07804158920293,122417.42590029535,58423.758970710674,63993.66692958467,6399366.692958468,1062663.0147407874,85734.85236754634,5336703.67821768,6313631.840590921,688.6746840950249,79.19372124067385,0.6874600557459721,0,1,0,1,0
1669008000.1308193,556321806.9207485,4077590284.5573826,501420690569.6314,500000000,497343100285.07404,-3577590284.5573826,24.713509827557623,23.545549267199206,39.252147570347894,0.9546448222306126,0.795949844820846,0.4902321596296542,0.08745388304271857,0.13518997538934677,19.102993312948964,34862.96279613186,17090.94554263601,17772.01725349585,1777201.725349585,665561.3223761915,88293.44826940508,1111640.4029733934,1688908.27708018,3668.0839178305555,296.04923297812866,0.6274973885695356,0,1,0,0,0
1871237830.4414072,624287726.1054516,4574076976.376122,1140615845642.0828,500000000,1136041768665.7065,-4074076976.3761225,25.806022408339725,24.643250306297347,28.621529897151582,0.8235676654791836,0.6311740024746938,0.37668013239741843,0.07265858701120864,0.1791761738076072,58.80133852763349,107312.44281293111,40422.465166665286,66889.97764626582,6688997.764626582,2972434.4366753045,636482.3730201989,3716563.3279512776,6052515.391606383,1230.7275761926924,82.61028145312923,0.8041962054198936,0,1,0,0,0
1435962408.5146275,710383637.9561265,4511551796.243526,1320571155809.2112,500000000,1316059604012.9678,-4011551796.2435265,17.0621652652872,30.12883615485583,43.79592686636569,0.9168568508322543,0.8126825645996422,0.5008045551136925,0.047930439760061644,0.1777727034102194,44.57768578674591,81354.27656081128,40742.5922796334,40611.684281177884,4061168.4281177884,1230500.4840779088,11621.09362825223,2830667.9440398794,4049547.334489536,1593.8117382304897,123.47059034019843,0.6268437266088653,0,1,0,0,0
1287293854.29876,605132044.9074186,3907198925.3765497,1084720336319.0547,500000000,1080813137393.6781,-3407198925.3765497,16.681716361574203,24.204033343836187,52.873480921623255,0.9574469274209709,0.9157789020845666,0.5754846907646937,0.11222785697577434,0.19584181979643112,43.68724805191133,79729.22769473819,45882.94994481426,33846.27774992393,3384627.7749923933,1375426.2594626416,104058.4835454615,2009201.5155297518,3280569.2914469317,1944.652587197739,152.41257098382135,0.49540944323921043,0,1,0,1,0
2093703688.9917972,513564068.32402915,4317167341.674933,1135793889227.6135,500000000,1131476721885.9385,-3817167341.6749334,13.237194264981472,25.543490840093213,48.55951009197365,0.9711933083175125,0.7388241876753087,0.48909361011262376,0.1048654040299431,0.3411461022924808,33.82625715160292,61732.91930167532,30193.176364047653,31539.742937627667,3153974.2937627668,910810.8753292778,166512.79637670307,2243163.418433489,2987461.4973860634,1924.5888668645566,167.36617373562288,0.6490552295274892,0,1,0,0,0
1712515520.2349453,525436441.5901297,3987380335.998684,1367306564802.5312,500000000,1363319184466.5325,-3487380335.998684,18.65413386771875,20.090292350279952,28.655257426815453,0.9540053846331604,0.6054836719065804,0.42480658813575145,0.08091765973229854,0.5264056991697293,41.21514711389074,75217.6434828506,31952.950495561105,43264.6929872895,4326469.298728949,1676090.387792855,57782.96524587482,2650378.9109360944,4268686.333483075,1504.4567097730078,117.13205443980708,0.7546169809957604,0,1,0,1,0
2089213825.876288,577728337.8272654,4590475186.461754,902132273076.9073,500000000,897541797890.4456,-4090475186.461754,16.416824652427113,25.169279280199714,57.1480685728805,0.9851709388827989,0.8184241400193604,0.5033058167074321,0.028463717043824655,0.09721475179358267,32.426274697872124,59177.951323616624,29784.607122005527,29393.344201611097,2939334.42016111,1511340.8490449109,127314.81360981906,1427993.571116199,2812019.606551291,3214.6329502545195,177.8081485758944,0.5941907215080483,0,1,0,0,0
1552914279.4559355,625046891.7935721,4259040215.526511,762687814693.7252,500000000,758428774478.1987,-3759040215.526511,22.56490830170375,23.662291325267873,36.07904292423857,0.9756035444499244,0.7890613297300896,0.49794139250317815,0.07959192251309982,0.18981252963655493,35.30669586523684,64434.71995405723,32084.714179475577,32350.005774581656,3235000.5774581656,923598.4574601859,82538.42979524015,2311402.1199979796,3152462.1476629255,1842.6219214206803,158.60618671366902,0.6166792237211216,0,1,0,0,0
1656372958.8912795,466041289.75851005,3674087850.4514456,621155787744.1735,500000000,617481699893.722,-3174087850.4514456,15.924421047419868,25.855203237019616,34.0457190576957,0.9827141893834287,0.688044540583864,0.43971625805792314,0.11517213382811602,0.22187198142829787,24.721675252155013,45117.0573351829,19838.7036260114,25278.3537091715,2527835.3709171503,1425698.1574902204,59799.33619947172,1102137.21342693,2468036.0347176786,3333.602935906158,202.59023489387405,0.7026853539333946,0,1,0,1,0
1484809174.047777,622793789.4546078,4181180356.105263,1510824933468.37,500000000,1506643753112.265,-3681180356.105263,16.832798389388568,35.51985957558915,49.82913330823622,0.9593544195464105,0.6711405068955136,0.4159316035063568,0.05087504825684458,0.14988905471569636,55.14559882216473,100640.71785045063,41859.655153568754,58781.062696881876,5878106.269688187,2570128.998268442,203121.1911223828,3307977.271419745,5674985.078565804,1263.968888852356,88.10595853167621,0.7321976075230521,0,1,0,0,0
1217248009.5044692,524850156.4235229,3489574517.317047,630694638225.2684,500000000,627205063707.9514,-2989574517.317047,22.424602102532383,25.368062985727004,37.75044259960892,0.9201807304277856,0.5853502752486741,0.3864655480027187,0.14032295122855634,0.3846813717018941,32.892133875884475,60028.14432348917,23198.80969156353,36829.33463192564,3682933.463192564,2047933.2643912756,505282.52447834006,1635000.1988012884,3177650.938714224,2134.2960813554964,157.34893782962692,0.7918388178698945,0,1,0,1,0
2104599789.140389,501484898.61588025,4275766958.371504,2632835947115.967,500000000,2628560180157.595,-3775766958.371504,18.356038884504375,29.787381577017676,36.300201499539085,0.9880948782241921,0.7381531113203222,0.4908463405361513,0.06748563749192102,0.3375940029456706,68.5039685742935,125019.74264808564,61365.48317358424,63654.2594745014,6365425.94745014,1770912.2646801418,236221.7264081575,4594513.682769998,6129204.221041982,930.6244912070163,81.57665856253662,0.6419937073396123,0,1,0,0,0
1764190300.863523,645168477.9660548,4557432174.84395,2166302631014.5605,500000000,2161745198839.7166,-4057432174.8439503,20.720363264310443,32.18684055981576,42.616305507279,0.9054705979531458,0.6649363038288943,0.4265048680959293,0.11059254603401023,0.3135117950526208,93.78520507431146,171157.9992606184,72999.71989821322,98158.27936240518,9815827.936240518,2471417.6145393485,155564.20571171594,7344410.32170117,9660263.730528802,620.5307131843803,51.75842129649912,0.7432098327393336,0,1,0,0,0
1092992795.4651814,582323899.792474,3614150534.367457,2375606023020.2603,500000000,2371991872485.8926,-3114150534.367457,16.938623314184003,28.99522182183305,40.940284370114725,0.8155365970952867,0.7274122394893119,0.4305242239626915,0.05771141051234939,0.16191940358013443,95.03413629400802,173437.29873656464,74668.95844474499,98768.34029181965,9876834.029181965,2897451.1004200517,760242.683217807,6979382.9287619125,9116591.345964158,517.8323888023979,54.84506006966584,0.7445995538700347,0,1,0,1,0
1415563398.8819973,702783280.117759,4458247214.661238,2734127571322.2095,500000000,2729669324107.5483,-3958247214.6612377,23.440369192048845,24.159798094785636,35.06386376116417,0.84748197703838,0.9007847975973599,0.5547716961431588,0.1265749037508505,0.2510221842238601,95.73487277726542,174716.1428185094,96927.57089501483,77788.57192349457,7778857.192349457,1952076.178597894,97840.00982913442,5826781.013751563,7681017.1825203225,765.1303874539817,65.09554504549855,0.576487907868446,0,1,0,0,0
1130938231.8411283,610198703.4694941,3772779282.961476,550472141895.8229,500000000,546699362612.8614,-3272779282.961476,21.825623077327478,24.099675861285625,43.313465640023935,0.9762500584806736,0.6904842272375408,0.44413644483266157,0.08126136090247381,0.24861504370951984,19.55468671690644,35687.30325835425,15850.031994830517,19837.271263523733,1983727.1263523733,496667.95943479723,78796.9569725812,1487059.166917576,1904930.1693797922,2537.074090186885,262.4768130806549,0.7006141659025539,0,1,0,1,0
1447121607.6170294,610435807.14361,4089989193.5629826,816374413266.1241,500000000,812284424072.5612,-3589989193.5629826,22.75337374308131,25.289086495865433,48.02673933340878,0.8829098719207615,0.805010315586092,0.5077533864864144,0.08719745279181118,0.2862212935553537,32.63883474201788,59565.87340418263,30244.77393999478,29321.099464187853,2932109.9464187855,587331.0090771529,51704.034258841166,2344778.9373416323,2880405.9121599444,1744.2962867109184,173.58664551034147,0.6391134911866372,0,1,0,0,0
1062425325.4922863,509692209.88020855,3269125857.370916,2234368617488.107,500000000,2231099491630.736,-2769125857.370916,24.943421459158767,19.7130404797366,50.26139221326398,0.9701920434209191,0.7710402195111371,0.4923071154845804,0.08574023429559204,0.23210180106740266,68.86116173479252,125671.62016599634,61869.032822195484,63802.58734380086,6380258.734380086,1279876.7558644137,80510.30194355239,5100381.9785156725,6299748.432436533,640.9570638319733,79.36824864713155,0.631726173710906,0,1,0,1,0
1492915369.03869,565590077.4378222,3941624414.4460196,1480242474863.7964,500000000,1476300850449.3503,-3441624414.4460196,18.157072684420196,26.488764197718655,46.45597601112271,0.9393156381586055,0.8189323538177461,0.548568093597848,0.049830046163602516,0.40801959104926433,45.13791533016057,82376.69547754303,45189.226795006245,37187.46868253679,3718746.868253679,1218575.0206660808,171087.83487638616,2500171.8475875985,3547659.033377293,1576.541395844158,140.9380087815291,0.5780216923109723,0,1,0,1,0
1696879628.628902,465670563.2193741,3712989468.2866964,1374198141785.24,500000000,1370485152316.9534,-3212989468.2866964,17.46517293307427,23.97556206380281,43.63468272034453,0.9570442862522962,0.8124286572041236,0.5200794482638601,0.11844296573100876,0.2538198387537663,43.86167194118444,80047.5512926616,41631.08631116049,38416.464981501114,3841646.4981501116,2264866.6017936375,243774.41238242897,1576779.8963564741,3597872.0857676826,2354.792496318886,138.97103289966307,0.5956225203054518,0,1,0,1,0
1620652787.1437626,632780744.9576551,4360262260.062321,1090321056023.4304,500000000,1085960793763.368,-3860262260.0623207,16.76369820898569,27.780413297445143,36.63513704012677,0.9703746893739084,0.7295160418626965,0.4983026515413318,0.0422237624878021,0.43424382144933793,52.24634695648676,95349.58319558833,47512.95012972248,47836.633065865855,4783663.306586586,2310768.568026043,271738.14932727243,2472894.738560543,4511925.157259313,1763.221940696272,110.81744101972558,0.6472496083399217,0,1,0,0,0
1432927696.7562926,548721101.709831,3808602905.291847,1634206570570.8115,500000000,1630397967665.5198,-3308602905.291847,23.46708575244918,20.450072372145048,35.97548638842497,0.7995257103743243,0.647270614778183,0.39533657751456336,0.04057584009505296,0.2776236238439696,70.49617367015404,128655.51694803112,50862.23174860152,77793.28519942959,7779328.519942959,1325536.5086438688,210960.51221185835,6453792.01129909,7568368.007731101,590.1341255844422,66.06444077365809,0.7954095661958154,0,1,0,1,0
1406500426.8926787,563971071.0647055,3848200021.977997,1689733227050.4688,500000000,1685885027028.4907,-3348200021.977997,21.003527115455675,25.421278944354412,29.989814241693708,0.98839028669509,0.664379488316713,0.45845094434123274,0.07241047015163891,0.4461829790490675,44.576851669583284,81352.7542969895,37296.24703221511,44056.50726477439,4405650.726477439,2055838.0776458161,208155.75509567634,2349812.6488316227,4197494.971381762,1637.6624850885046,119.11866563485276,0.6989507453954653,0,1,0,1,0
1433485118.0571158,524792836.2751119,3705563459.6243916,2456402724101.9297,500000000,2452697160642.305,-3205563459.6243916,20.326005571665505,30.48731281679631,57.943362210519616,0.9993933242643008,0.6617966254878218,0.482568268884474,0.07163807989839241,0.5910776312231765,85.53744294568658,156105.83337587802,75331.7217749656,80774.11160091242,8077411.160091243,1484186.389153885,138089.47190165587,6593224.770937358,7939321.688189587,562.025956700028,62.97767235503158,0.6808316972925553,0,1,0,1,0
1250395137.482514,615325489.1053,3914432487.408408,644839711330.1035,500000000,640925278842.6951,-3414432487.408408,22.396072641470735,32.63074624204239,30.280114588496335,0.7645074542480345,0.5483743786408022,0.3373814172356502,0.037755329736671055,0.33774242835221185,17.94044427891609,32741.310809021867,11046.30984290071,21695.00096612116,2169500.096612116,678524.3159725997,52489.624621167844,1490975.7806395162,2117010.471990948,2625.4165481678124,236.1821099211539,0.8585574628854268,0,1,0,1,0
1184686276.3275714,610875313.4085556,3829456694.3942027,1262766879525.4456,500000000,1258937422831.0513,-3329456694.3942027,16.060359816576057,29.950702373392552,36.40144785232648,0.950279392562911,0.7087752490923117,0.5000340460137266,0.06854014351202718,0.5454098202234705,50.708358631179074,92542.75450190181,46274.52796284098,46268.22653906084,4626822.653906084,1918988.4991158166,127901.52568287155,2707834.1547902673,4498921.128223212,1414.213897708521,111.13775630858152,0.6632098122491853,0,1,0,1,0
1262021604.076065,245656794.83362097,2325586966.2901683,4700314042644.588,500000000,4697988455678.298,-1825586966.2901683,15.375560458815183,20.472521368370366,40.91661479457609,0.8324685592804026,0.6786604992640133,0.43448070372203396,0.06879044988123922,0.38378227905425955,136.23412101472343,248627.27085187027,108023.75160420933,140603.51924766094,14060351.924766093,7999296.060621762,471141.70306252467,6061055.864144332,13589210.221703568,383.6933726428345,36.79389691105383,0.7545342487499778,0,1,0,1,0
1830655637.6794121,698126440.8523942,4853177776.500379,1689039204415.1436,500000000,1684186026638.643,-4353177776.500379,26.01891649166743,24.214050755287268,42.80723780737408,0.8950043468491435,0.8657835988369753,0.5166863744842,0.04004943069996753,0.09933116639549308,58.08163362024526,105998.98135694761,54768.229376339565,51230.751980608045,5123075.198060805,2033133.7450330413,152371.04065764966,3089941.4530277634,4970704.157403155,1570.6374539054325,100.58937007050022,0.5996300185366296,0,1,0,0,0
1530530167.8812182,639366968.7991377,4298654543.269028,1579889008288.3984,500000000,1575590353745.1294,-3798654543.2690277,17.926176373819732,24.94676578455509,39.3422159004638,0.979933267629463,0.5226807031863724,0.34830704754701425,0.05972906789134484,0.35214451015322507,52.716872219336686,96208.29180028944,33510.02606650044,62698.265733789005,6269826.5733789,3113431.620718442,369590.2878348621,3156394.952660458,5900236.285544038,1361.8874088129508,84.74236891580638,0.8215998437672039,0,1,0,0,0
1721742010.8812232,542755984.9932655,4071591385.7548175,2219170568964.939,500000000,2215098977579.184,-3571591385.7548175,21.513325360502613,23.832672893523952,33.72168785232127,0.876672835693541,0.7867214450485964,0.4642033951157727,0.08612521189741566,0.08311983634610927,74.25481758325404,135515.04208943862,62906.54262717424,72608.49946226439,7260849.9462264385,2826950.3755984027,148914.46417454426,4433899.570628036,7111935.482051894,918.286785908888,70.30434981614076,0.6798401623926272,0,1,0,0,0
2488956816.454491,493926492.938774,4627400044.639411,1392917177633.599,500000000,1388289777588.9597,-4127400044.639411,12.442818310823656,24.174961057571828,34.46975976953161,0.9026046334530338,0.8280014120224812,0.49365912754465063,0.04928154672580072,0.08769195727440017,62.22713344376454,113564.51853487028,56062.16113995237,57502.35739491791,5750235.739491791,892418.9400621423,39899.924163168944,4857816.7994296495,5710335.815328622,952.5678377131695,87.5605246643845,0.6310599456935562,0,1,0,0,0
1723000356.5379672,607495370.1108774,4353137388.949246,1778721603955.271,500000000,1774368466566.3218,-3853137388.9492464,21.620814783795936,23.76542055507368,34.71092671352517,0.9593096481629418,0.4577144554186606,0.3160413622984621,0.1362340628205287,0.4760727220995561,86.35429822659249,157596.5942635313,49807.042344644426,107789.55191888686,10778955.191888686,3521451.6712756013,519308.48056999804,7257503.5206130855,10259646.711318688,599.8119569057419,48.734621577991376,0.8612294319857676,0,1,0,0,0
1003516066.6437277,551804814.2946764,3392542136.874301,758780737865.8635,500000000,755388195728.9893,-2892542136.874301,27.07190863562914,23.310186839319176,45.11970496806982,0.9123094422624951,0.6417248082629499,0.3847872838394125,0.1043907423773861,0.09535173167131433,23.505276781169805,42897.130125634896,16506.27018554889,26390.859940086008,2639085.9940086007,1004938.6395667666,120626.8017078036,1634147.3544418341,2518459.192300797,2076.031961042504,198.53408843333824,0.7747256682807029,0,1,0,1,0
1448544294.7212734,540796196.2226673,3789908809.833198,1862231589039.31,500000000,1858441680229.4768,-3289908809.833198,22.084986640689042,23.067010544621514,44.5747445907737,0.8871446112570016,0.6803213527026296,0.42900681687821485,0.06564981367043617,0.28103354056794533,58.33330244182853,106458.27695633707,45671.326527377576,60786.95042895949,6078695.042895949,2786880.0404785415,325048.8703210246,3291815.002417408,5753646.172574925,1151.3128189311992,86.9014160765182,0.7410757576914871,0,1,0,1,0
1677163053.931069,639927930.9411043,4447716101.825629,2025587680123.0608,500000000,2021139964021.235,-3947716101.825629,24.040138538802232,33.000578574792144,35.066659396560226,0.7485723482889277,0.7804324077518842,0.4374744382882054,0.06860448772251734,0.06445672719554199,58.23810738782011,106284.5459827717,46496.77205252999,59787.77393024171,5978777.393024171,1678877.973767685,215629.09486422007,4299899.419256486,5763148.29815995,1034.3767767932354,86.75813533370975,0.7444230058443895,0,1,0,0,0
1621183287.6045454,501270858.7156185,3791423776.080893,1412826633529.0085,500000000,1409035209752.9277,-3291423776.080893,25.60671183288995,30.86682038753821,43.50331671017643,0.8721097957970187,0.6527271430086904,0.4392400038027163,0.07267279452016608,0.487957980166305,62.59410930113206,114234.24947456601,50176.25217360881,64057.9973009572,6405799.73009572,682742.8272477004,97569.2400113188,5723056.902848019,6308230.490084401,662.4822783422144,79.26152996247133,0.7499627440579977,0,1,0,1,0
1967500416.3658547,750925429.8650962,5218614546.350207,876316031084.8491,500000000,871097416538.4989,-4718614546.350207,21.50038803984458,25.698908352701352,45.03778913671197,0.8505757382088678,0.6053782052374953,0.42006920935754444,0.06392257667136517,0.5946157032398075,46.64510015798265,85127.30778831831,35759.360877375206,49367.94691094311,4936794.691094311,2662872.9177336986,276235.8317164773,2273921.7733606123,4660558.859377834,2294.9842019576845,107.2832711883716,0.7836979569141714,1,1,0,0,0
1280988746.017541,620324355.2762446,3966668570.410146,858255023562.6221,500000000,854288354992.2119,-3466668570.410146,24.546912008314372,23.458015745472753,46.626557774936046,0.9104518131700857,0.8430316710450552,0.5339430763064557,0.060671328758714546,0.2698319172577274,40.88460139773039,74614.39755085796,39839.84096505797,34774.55658579999,3477455.658579999,1549709.6717063386,327753.56882653205,1927745.9868736605,3149702.089753467,2057.671808121944,158.74517200423102,0.590177484206309,0,1,0,1,0
1562200984.2125716,642752334.5812422,4344982221.775555,2650795071570.3574,500000000,2646450089348.582,-3844982221.7755547,18.175653518466405,24.207201589844257,31.29933922438655,0.9253270003564904,0.8241331773900016,0.5241784883579019,0.07243984498210239,0.26712708329425,71.94318106232659,131296.30543874603,68822.69891185928,62473.60652688675,6247360.652688676,1371939.1138776809,141829.56877749503,4875421.5388109945,6105531.0839111805,891.2013427325503,81.89295789805428,0.600265321278071,0,1,0,0,0
1941187816.7374196,538550796.2573752,4272830925.083377,1207299357874.664,500000000,1203026526949.5806,-3772830925.083377,15.469765035837089,24.881051324722613,25.88251846096997,0.9398902587349873,0.8045265108532024,0.5084683126628323,0.03373610539241666,0.23222936644790104,42.856495796837464,78213.10482922837,39768.88544063897,38444.219388589394,3844421.9388589393,1036204.1717181699,51592.6500611987,2808217.7671407694,3792829.288797741,1521.545435357681,131.82771011518187,0.6155132293257051,0,1,0,0,0
1818419620.6957645,667198527.385639,4707040079.691126,3117709885827.382,500000000,3113002845747.691,-4207040079.691126,18.778620010772038,34.949831324070786,31.98627978675337,0.9173024748966826,0.7514318866016101,0.5023049840571104,0.026808597102545895,0.4238737127482957,131.19529290124598,239431.40954477392,120267.59035415914,119163.81919061478,11916381.919061478,5192316.222339271,712219.1225245193,6724065.696722208,11204162.79653696,700.0288652720444,44.626270528177486,0.6537660321322823,0,1,0,0,0
1136578763.8195822,571901845.3056407,3612614460.961069,593399638336.6855,500000000,589787023875.7245,-3112614460.961069,18.70777197886345,19.043792494321234,33.37451757295243,0.96983304815819,0.624059325606193,0.41800969482277966,0.08254104045057158,0.37749756819661706,16.47342955531879,30064.008938456795,12567.047201513646,17496.96173694315,1749696.1736943151,403729.7438666118,62246.20280310006,1345966.4298277034,1687449.9708912151,2684.030136935524,296.3050808172573,0.747006588732459,0,1,0,1,0
1470627661.9797976,591022445.1152546,4029445549.9254756,657691511795.9491,500000000,653662066246.0237,-3529445549.9254756,19.136783645553542,25.120062378822382,34.9116133167623,0.8597998030216372,0.7616542572542274,0.48421523844175957,0.07908419006463653,0.3344208361061755,19.761407138161807,36064.568027145295,17463.013406563216,18601.55462058208,1860155.462058208,777744.9185299397,92070.74257134108,1082410.543528268,1768084.7194868668,3722.6591832623285,282.7918789689613,0.6829018794696613,0,1,0,0,0
1491546423.276686,549155465.0544937,3869102197.779534,270039861062.39044,500000000,266170758864.6109,-3369102197.779534,25.310214590062753,26.5719196145557,31.6892742702056,0.884911105844855,0.8552898445896517,0.5092737555446327,0.09890221500458693,0.10332832520922265,11.39417128400973,20794.362593317754,10590.023132055761,10204.339461261992,1020433.9461261992,475137.7404045219,17752.32329665997,545296.2057216773,1002681.6228295392,7095.413753446047,498.66277451960684,0.6145533661786691,0,1,0,1,0
1719663392.1317616,505109980.1435957,3906525267.266255,2103956573201.1604,500000000,2100050047933.894,-3406525267.266255,17.007915161700307,31.959799370149668,43.55461734999602,0.9523804157990056,0.857037983169706,0.5472634484249836,0.08661829992144751,0.25096393776672954,61.30315555324454,111878.25888467129,61226.88176100828,50651.37712366301,5065137.712366302,3112710.7439302285,159901.11378085162,1952426.968436073,4905236.59858545,2000.8560270991584,101.93188237733277,0.5533092401462241,0,1,0,1,0
1275649077.9457645,485141089.6352593,3376056107.4860344,684678152670.5945,500000000,681302096563.1084,-2876056107.4860344,21.94700327141098,29.477280034834163,42.399986813591035,0.9331714330061178,0.8755402930520163,0.5405456291352412,0.029759748912909702,0.16602775959985416,24.789693902769528,45241.191372554385,24454.928253305257,20786.263119249128,2078626.3119249127,462433.0151669713,94567.85501261495,1616193.2967579414,1984058.4569122978,2088.893769240567,252.00870380509244,0.558358442511785,0,1,0,1,0
1430080265.8847904,592067634.1408921,3993423275.3333654,3475002489188.881,500000000,3471009065913.5474,-3493423275.3333654,26.74024877988086,31.487755519475897,32.08821219407249,0.9694202037764972,0.8659774088099089,0.5296552544010222,0.052869957277555016,0.09669869552894785,117.04594504689146,213608.8497105769,113139.04963576533,100469.80007481157,10046980.007481158,3124112.2284877356,408668.99338862643,6922867.778993422,9638311.014092531,576.8452327590178,51.87630895796281,0.5553565346094171,0,1,0,1,0
1209756047.7468972,540468084.1370127,3549700009.2386284,1644809117928.1704,500000000,1641259417918.932,-3049700009.2386284,17.977458578783256,22.4732677255286,44.01948995951578,0.9819551232542544,0.6453741349201814,0.43334960057972594,0.11894318139470421,0.3727110775126398,54.48735829854445,99439.42889484362,43092.03679345654,56347.39210138708,5634739.210138707,2027562.209286533,128047.38640423183,3607177.000852174,5506691.823734475,984.0659353283836,90.79861666580695,0.7253740344297328,0,1,0,1,0
1784258945.8648188,420112338.93421,3603125516.3246284,727691684650.4423,500000000,724088559134.1177,-3103125516.3246284,16.800503737054985,29.523885847597413,54.60058949468999,0.9910974092405327,0.8065288172161669,0.5506595953995093,0.11342222395135057,0.412707141511043,28.39282212328366,51816.900374992685,28533.473395350153,23283.426979642532,2328342.6979642534,954215.9747967351,93312.73792186637,1374126.7231675182,2235029.960042387,2622.120256870498,223.7106477044798,0.5598310116554129,0,1,0,1,0
2335832784.9888535,305592703.0816299,3658889263.6957808,651580395027.1945,500000000,647921505763.4987,-3158889263.6957808,19.184967917477284,23.64297592481126,44.02260943252282,0.8862457877559459,0.6860134831114162,0.4485501221168232,0.11712031553184263,0.39051315435316397,52.24007260129502,95338.1324973634,42763.93097408223,52574.201523281175,5257420.152328118,1163993.8258091733,125417.43973526935,4093426.3265189445,5132002.712592849,893.845148742986,97.42785185461922,0.7272920398793985,0,1,0,1,0
1556773359.2487798,497859173.8466785,3712243037.6775074,1219670095669.154,500000000,1215957852631.4766,-3212243037.6775074,19.867837139610494,23.162714709414033,46.722648408319216,0.7390111271539095,0.6592078572855338,0.39154703927589946,0.12138753866671012,0.2590706861147922,48.81121762478985,89080.47216524146,34879.19513359947,54201.27703164199,5420127.703164199,2803069.647081677,148223.56368368518,2617058.0560825225,5271904.139480514,1418.4794368812622,94.84239219290305,0.8092531841024521,0,1,0,1,0
1580786198.8889844,571062300.7550966,4053187107.484935,1523641591799.6462,500000000,1519588404692.1614,-3553187107.484935,20.743824851250537,26.328974286064113,53.63887578172374,0.9020066157702032,0.8307459348533076,0.5138295018254724,0.0842021369086034,0.20540835639890925,49.84589061893754,90968.75037956101,46742.42768921558,44226.32269034543,4422632.269034543,1782552.947547861,547458.740661897,2640079.321486682,3875173.5283726463,1535.2520185652993,129.0264800631965,0.6149678595766335,0,1,0,0,0
1731382577.4776359,496254804.5132663,3879906176.3062797,462744533133.92303,500000000,458864626957.61676,-3379906176.3062797,20.679412085242127,25.222196595877246,34.64901451709946,0.9096766146439217,0.8319994415830627,0.5015758029484529,0.12696221984519124,0.11567503277953443,17.413262406246158,31779.203891399236,15939.679708891172,15839.524182508065,1583952.4182508064,414861.67044626985,34371.319671834724,1169090.7478045365,1549581.0985789716,3318.7382447363034,322.6678490454744,0.6203821351498942,0,1,0,1,0
1562679646.1301732,623886001.7815849,4263779535.9766827,970460365361.5701,500000000,966196585825.5934,-3763779535.9766827,15.151549997092424,28.746102798873068,30.81766479668685,0.7517055831218207,0.8676489835721527,0.5368032052478118,0.05056417693251568,0.36823112710577693,40.86733633192479,74582.88880576275,40036.333767574586,34546.55503818816,3454655.503818816,1396657.5466539096,17301.656973086687,2057997.9571649064,3437353.8468457293,2071.80941124473,145.4607300493147,0.6498880465804429,0,1,0,0,0
1599377516.6537776,547634693.325945,3970349145.4365196,462425557378.43665,500000000,458455208233.0001,-3470349145.4365196,17.96276891719274,27.08407157137462,36.59147799854369,0.9763511633013654,0.8152942009052357,0.5428501895359163,0.0896144055492365,0.3532578108745342,18.345441806671566,33480.43129717561,18174.858475416004,15305.572821759604,1530557.2821759605,259658.0103051662,26631.828680976105,1270899.2718707942,1503925.4534949844,3124.047069121434,332.463287218157,0.5678839524158166,0,1,0,1,0
